-- MySQL dump 10.13  Distrib 5.6.31, for debian-linux-gnu (i686)
--
-- Host: localhost    Database: aesbe
-- ------------------------------------------------------
-- Server version	5.6.31-0ubuntu0.15.10.1

/*!40101 SET @OLD_CHARACTER_SET_CLIENT=@@CHARACTER_SET_CLIENT */;
/*!40101 SET @OLD_CHARACTER_SET_RESULTS=@@CHARACTER_SET_RESULTS */;
/*!40101 SET @OLD_COLLATION_CONNECTION=@@COLLATION_CONNECTION */;
/*!40101 SET NAMES utf8 */;
/*!40103 SET @OLD_TIME_ZONE=@@TIME_ZONE */;
/*!40103 SET TIME_ZONE='+00:00' */;
/*!40014 SET @OLD_UNIQUE_CHECKS=@@UNIQUE_CHECKS, UNIQUE_CHECKS=0 */;
/*!40014 SET @OLD_FOREIGN_KEY_CHECKS=@@FOREIGN_KEY_CHECKS, FOREIGN_KEY_CHECKS=0 */;
/*!40101 SET @OLD_SQL_MODE=@@SQL_MODE, SQL_MODE='NO_AUTO_VALUE_ON_ZERO' */;
/*!40111 SET @OLD_SQL_NOTES=@@SQL_NOTES, SQL_NOTES=0 */;

--
-- Table structure for table `oauth_access_tokens`
--

DROP TABLE IF EXISTS `oauth_access_tokens`;
/*!40101 SET @saved_cs_client     = @@character_set_client */;
/*!40101 SET character_set_client = utf8 */;
CREATE TABLE `oauth_access_tokens` (
  `access_token` varchar(40) NOT NULL,
  `client_id` varchar(80) NOT NULL,
  `user_id` varchar(255) DEFAULT NULL,
  `expires` timestamp NOT NULL DEFAULT CURRENT_TIMESTAMP ON UPDATE CURRENT_TIMESTAMP,
  `scope` varchar(2000) DEFAULT NULL,
  PRIMARY KEY (`access_token`)
) ENGINE=InnoDB DEFAULT CHARSET=utf8;
/*!40101 SET character_set_client = @saved_cs_client */;

--
-- Dumping data for table `oauth_access_tokens`
--

LOCK TABLES `oauth_access_tokens` WRITE;
/*!40000 ALTER TABLE `oauth_access_tokens` DISABLE KEYS */;
INSERT INTO `oauth_access_tokens` VALUES ('0409e0f40ec1f74a83376649585ee5adfc1d6e4e','app_aesbe','aesbe@aesbe.org.br','2016-08-08 02:41:44',NULL),('1103b49ea12a28424f5b96207a9a0c2d5e954156','app_aesbe','luzia@gmail.com','2016-08-08 07:46:20',NULL),('13edc09086096fc0d8c92c78fe1c5721c8a0efc1','app_aesbe','aesbe','2016-07-31 07:04:57',NULL),('1939d331c2aa2c316cc1cd58c92387f68dfa0642','app_aesbe','luzia@gmail.com','2016-08-13 02:52:35',NULL),('1c1042abfef14e7e3486101ac3f0c2209726f79e','app_aesbe','luzia@gmail.com','2016-08-13 01:09:59',NULL),('1d058b5f1d2dbc98325204d7de9754d338cff20f','app_aesbe','aesbe','2016-07-30 04:05:56',NULL),('2472a5dc0a52ccb95b34db269c70a1158090e29b','app_aesbe','luzia@gmail.com','2016-08-13 02:49:50',NULL),('26c55fddc710f1fd3c49a305825a04949df6ad9b','app_aesbe','aesbe@aesbe.org.br','2016-08-08 01:14:33',NULL),('2c64f2c829d2ce7540c32a5588312e2c7a26481f','app_aesbe','luzia@gmail.com','2016-08-12 23:29:47',NULL),('30a368968a8019c12db6966bacc61b8d828d794b','app_aesbe','luzia@gmail.com','2016-08-12 22:15:24',NULL),('31a67a1acdc7c092de5b99baf6c727b6e2815adc','app_aesbe','aesbe@aesbe.org.br','2016-08-07 05:19:46',NULL),('334e52fa32db1fdf58fe1d4c19ac6b98a3f7bd2c','app_aesbe','aesbe@aesbe.org.br','2016-08-06 04:41:42',NULL),('38f282d9585c1c6062129b67aa12a24483904876','app_aesbe','luzia@gmail.com','2016-08-08 23:31:48',NULL),('3e301a058ba1484f4488cf286aa0bf5cad7e0bc7','app_aesbe','aesbe@aesbe.org.br','2016-08-07 19:10:11',NULL),('3ec91ef1bba4324581ae91fcb5d034810a38451c','app_aesbe','aesbe@aesbe.org.br','2016-08-05 21:42:19',NULL),('3ed0f9a4bca87d8d4246f8c7576c75a6cd74943a','app_aesbe','luzia@gmail.com','2016-08-13 01:39:14',NULL),('43734c40a287a469092cb5ada2e7485b310749eb','app_aesbe','aesbe@aesbe.org.br','2016-08-07 17:25:13',NULL),('4399769ddab41d562f94bc192dfac13cc55498c1','app_aesbe','aesbe@aesbe.org.br','2016-08-07 17:39:24',NULL),('44d158770271d120791be2ebd289474476e86be3','app_aesbe','copasa','2016-08-05 05:48:54',NULL),('4628794f16c215ce18c88a0f3d1b31a16ae1477a','app_aesbe','aesbe@aesbe.org.br','2016-08-07 05:23:47',NULL),('4f18c17a4b058596b2f9dc4e05bb6bc587802565','app_aesbe','luzia@gmail.com','2016-08-08 07:58:39',NULL),('563863debeb4e78f91050364f975fd82518b5573','app_aesbe','aesbe@aesbe.org.br','2016-08-07 23:30:19',NULL),('660b14249807e2476168063fdf828a72ba41db25','app_aesbe','teste@gmail.com','2016-08-08 06:07:35',NULL),('68c9cb979cda01e18ade74acc8468873a352174e','app_aesbe','luzia@gmail.com','2016-08-08 08:01:49',NULL),('6a5dd22cd89b8e4a66e0c430ce6b581388d356bf','app_aesbe','aesbe@aesbe.org.br','2016-08-08 04:30:53',NULL),('70dcde615d237271398aeeb776fa9ca87b89a647','app_aesbe','luzia@gmail.com','2016-08-08 06:45:59',NULL),('741929a42cda46f3f0dfc62a963ff687f7edaaee','app_aesbe','aesbe@aesbe.org.br','2016-08-05 20:05:17',NULL),('773cff87fa3ea9a4eef4db4dff8a8d9df744b707','app_aesbe','luzia@gmail.com','2016-08-12 22:15:29',NULL),('790091e5014b62961da23e8388dae43d30a9412d','app_aesbe','aesbe@aesbe.org.br','2016-08-08 05:32:10',NULL),('81508c2d9d8c9709bd9ff40fda231b64a1f9c2c7','app_aesbe','maria@gmail.com','2016-08-09 02:06:09',NULL),('82a73cc1ba5834b1799f22e4140134c51cb1c037','app_aesbe','aesbe','2016-08-05 03:04:26',NULL),('8c2925ee42dd7d0c19902860af0cb7294ad5c681','app_aesbe','luzia@gmail.com','2016-08-13 02:34:57',NULL),('8d5dbb71eaa46d749244329f59a314c9dd5252d1','app_aesbe','aesbe','2016-07-30 05:33:40',NULL),('937932c937e7ce1dedbfb32dedadc913276763dc','app_aesbe','aesbe@aesbe.org.br','2016-08-08 02:42:07',NULL),('a109fca229d7578abe56a5fbe2745f13890c01cb','app_aesbe','aesbe@aesbe.org.br','2016-08-08 00:31:59',NULL),('a7b34469f494517bcfcb637890a4f6252156ffa3','app_aesbe','aesbe@aesbe.org.br','2016-08-09 02:32:50',NULL),('adf3c585ad1e0b324ed485cce0b6007b4bec6155','app_aesbe','aesbe@aesbe.org.br','2016-08-06 06:18:06',NULL),('ae49f9b3f3fbfdb4b660ed4cc2766d59181b811b','app_aesbe','aesbe','2016-08-05 03:03:55',NULL),('b2ba7aa53d81fd05cb6eeec38f2e7f785cfa6798','app_aesbe','aesbe@aesbe.org.br','2016-08-07 21:28:06',NULL),('b3a6ebfd18d7828592f06d35fbc4d69241d1d837','app_aesbe','aesbe@aesbe.org.br','2016-08-07 04:48:37',NULL),('b3b53f21245713e0cbb96dd732efa598f2362033','app_aesbe','aesbe@aesbe.org.br','2016-08-07 23:30:54',NULL),('ba3ae4c86d5c2dfcb3279173482b36024caea9fe','app_aesbe','aesbe@aesbe.org.br','2016-08-07 22:29:00',NULL),('bc2a4bb47523f339c1e15e18f31d567816123fea','app_aesbe','aesbe@aesbe.org.br','2016-08-05 23:29:06',NULL),('be1335f9b3ab91d10a79052bded057fad843f004','app_aesbe','aesbe@aesbe.org.br','2016-08-06 05:17:44',NULL),('c110e5541bb5be4d4235803b929a85fe8e4bb17d','app_aesbe','luzia@gmail.com','2016-08-08 06:42:37',NULL),('e83c3cbe0531ae551679d132f34c6aee9a758437','app_aesbe','aesbe@aesbe.org.br','2016-08-06 02:48:59',NULL),('eaaffd7a21b61573b665ec1b20b62481d94de512','app_aesbe','aesbe@aesbe.org.br','2016-08-06 07:46:10',NULL),('f942acf950fc47911d66deae9b48b8065f28b14e','app_aesbe','aesbe@aesbe.org.br','2016-08-07 23:31:28',NULL),('fc9a57abba0a9ea62b78e7bd61bbb28dff0bcf23','app_aesbe','luzia@gmail.com','2016-08-12 22:16:25',NULL);
/*!40000 ALTER TABLE `oauth_access_tokens` ENABLE KEYS */;
UNLOCK TABLES;

--
-- Table structure for table `oauth_authorization_codes`
--

DROP TABLE IF EXISTS `oauth_authorization_codes`;
/*!40101 SET @saved_cs_client     = @@character_set_client */;
/*!40101 SET character_set_client = utf8 */;
CREATE TABLE `oauth_authorization_codes` (
  `authorization_code` varchar(40) NOT NULL,
  `client_id` varchar(80) NOT NULL,
  `user_id` varchar(255) DEFAULT NULL,
  `redirect_uri` varchar(2000) DEFAULT NULL,
  `expires` timestamp NOT NULL DEFAULT CURRENT_TIMESTAMP ON UPDATE CURRENT_TIMESTAMP,
  `scope` varchar(2000) DEFAULT NULL,
  `id_token` varchar(2000) DEFAULT NULL,
  PRIMARY KEY (`authorization_code`)
) ENGINE=InnoDB DEFAULT CHARSET=utf8;
/*!40101 SET character_set_client = @saved_cs_client */;

--
-- Dumping data for table `oauth_authorization_codes`
--

LOCK TABLES `oauth_authorization_codes` WRITE;
/*!40000 ALTER TABLE `oauth_authorization_codes` DISABLE KEYS */;
/*!40000 ALTER TABLE `oauth_authorization_codes` ENABLE KEYS */;
UNLOCK TABLES;

--
-- Table structure for table `oauth_clients`
--

DROP TABLE IF EXISTS `oauth_clients`;
/*!40101 SET @saved_cs_client     = @@character_set_client */;
/*!40101 SET character_set_client = utf8 */;
CREATE TABLE `oauth_clients` (
  `client_id` varchar(80) NOT NULL,
  `client_secret` varchar(80) NOT NULL,
  `redirect_uri` varchar(2000) NOT NULL,
  `grant_types` varchar(80) DEFAULT NULL,
  `scope` varchar(2000) DEFAULT NULL,
  `user_id` varchar(255) DEFAULT NULL,
  PRIMARY KEY (`client_id`)
) ENGINE=InnoDB DEFAULT CHARSET=utf8;
/*!40101 SET character_set_client = @saved_cs_client */;

--
-- Dumping data for table `oauth_clients`
--

LOCK TABLES `oauth_clients` WRITE;
/*!40000 ALTER TABLE `oauth_clients` DISABLE KEYS */;
INSERT INTO `oauth_clients` VALUES ('app_aesbe','$2y$10$ye6hfSppFDZSBXSObVMWaO/.Y8reDdASkkZ3rwrgt4zsPuEOHpyTW','localhost',NULL,NULL,NULL);
/*!40000 ALTER TABLE `oauth_clients` ENABLE KEYS */;
UNLOCK TABLES;

--
-- Table structure for table `oauth_jwt`
--

DROP TABLE IF EXISTS `oauth_jwt`;
/*!40101 SET @saved_cs_client     = @@character_set_client */;
/*!40101 SET character_set_client = utf8 */;
CREATE TABLE `oauth_jwt` (
  `client_id` varchar(80) NOT NULL,
  `subject` varchar(80) DEFAULT NULL,
  `public_key` varchar(2000) DEFAULT NULL,
  PRIMARY KEY (`client_id`)
) ENGINE=InnoDB DEFAULT CHARSET=utf8;
/*!40101 SET character_set_client = @saved_cs_client */;

--
-- Dumping data for table `oauth_jwt`
--

LOCK TABLES `oauth_jwt` WRITE;
/*!40000 ALTER TABLE `oauth_jwt` DISABLE KEYS */;
/*!40000 ALTER TABLE `oauth_jwt` ENABLE KEYS */;
UNLOCK TABLES;

--
-- Table structure for table `oauth_refresh_tokens`
--

DROP TABLE IF EXISTS `oauth_refresh_tokens`;
/*!40101 SET @saved_cs_client     = @@character_set_client */;
/*!40101 SET character_set_client = utf8 */;
CREATE TABLE `oauth_refresh_tokens` (
  `refresh_token` varchar(40) NOT NULL,
  `client_id` varchar(80) NOT NULL,
  `user_id` varchar(255) DEFAULT NULL,
  `expires` timestamp NOT NULL DEFAULT CURRENT_TIMESTAMP ON UPDATE CURRENT_TIMESTAMP,
  `scope` varchar(2000) DEFAULT NULL,
  PRIMARY KEY (`refresh_token`)
) ENGINE=InnoDB DEFAULT CHARSET=utf8;
/*!40101 SET character_set_client = @saved_cs_client */;

--
-- Dumping data for table `oauth_refresh_tokens`
--

LOCK TABLES `oauth_refresh_tokens` WRITE;
/*!40000 ALTER TABLE `oauth_refresh_tokens` DISABLE KEYS */;
INSERT INTO `oauth_refresh_tokens` VALUES ('00f32f464b1cba91e82dce90bc6fbd246a5797df','app_aesbe','luzia@gmail.com','2016-08-26 21:15:24',NULL),('01d7c4f7f5ad7e551e706991b7ab4386f5524278','app_aesbe','aesbe@aesbe.org.br','2016-08-19 22:29:06',NULL),('09fc184533ee284a252a85f38e14892b4d8d1e72','app_aesbe','luzia@gmail.com','2016-08-26 22:29:47',NULL),('1ac66181989ad9fae2f21861d8c5223e9d11f228','app_aesbe','luzia@gmail.com','2016-08-27 01:52:35',NULL),('20a9651b6b5a0b1ceb2be0c36421a52921a5ca2d','app_aesbe','aesbe','2016-08-13 04:33:41',NULL),('2500e718e2dfea469ab0bb885bee1433bd69f6ee','app_aesbe','luzia@gmail.com','2016-08-27 00:10:00',NULL),('27d8871c89c77bab78469ceccf31f0dd841eaba8','app_aesbe','aesbe','2016-07-28 01:31:15',NULL),('2cf64798b050cc630ca4a1cad2e2ed06a018a679','app_aesbe','geccal','2016-07-22 03:29:03',NULL),('2e1743d2dc1a606159110b2ed5ff7435b2be989a','app_aesbe','aesbe@aesbe.org.br','2016-08-21 22:31:28',NULL),('30f88482916f4ddfdce46d4889a590db75af1a68','app_aesbe','aesbe@aesbe.org.br','2016-08-21 22:30:54',NULL),('31f2f7febe52a01adc7843e946c719fedfb7a587','app_aesbe','geccal','2016-07-22 03:28:30',NULL),('345bcf0187291c6e293aab06281cd1b8ec77f809','app_aesbe','maria@gmail.com','2016-08-23 01:06:09',NULL),('3676550f02c3e393f4893cea65096e1553489d59','app_aesbe','aesbe','2016-08-19 02:04:27',NULL),('3abfd085ffc7645b60af6016eaa378ef9a0a7ae7','app_aesbe','aesbe','2016-07-28 03:10:52',NULL),('3e0f6e8469dbfee1893546c230287781a7e951fa','app_aesbe','aesbe@aesbe.org.br','2016-08-22 04:32:11',NULL),('4142db62be3d4ea2344817429e259f233ffbe65f','app_aesbe','aesbe@aesbe.org.br','2016-08-21 21:29:00',NULL),('417df7dc4b120dd96de21aa75fc936f1148512a0','app_aesbe','geccal','2016-07-22 03:31:07',NULL),('4354845e3bc33821e0e86d29644af5c1d6c5eef3','app_aesbe','aesbe','2016-07-27 04:23:16',NULL),('4723be05a84a09193b5fc6627a3f8cf647e66dc0','app_aesbe','aesbe','2016-07-24 01:50:34',NULL),('48ad892f8b0262132e05f584bfd98285cc1bad98','app_aesbe','aesbe@aesbe.org.br','2016-08-21 18:10:11',NULL),('4ce814fb7c3cade7ca4e1fd16d1788aa10fe0670','app_aesbe','luzia@gmail.com','2016-08-22 07:01:49',NULL),('4d5c06757b818ba14554b61e42ea1f8f428d245d','app_aesbe','aesbe@aesbe.org.br','2016-08-19 19:05:17',NULL),('5253d255e391c3220cf95902419f523fe177d48c','app_aesbe','teste@gmail.com','2016-08-22 05:07:35',NULL),('5acfcfc88153e005ed3387eb2871cd17951917cc','app_aesbe','aesbe@aesbe.org.br','2016-08-22 00:14:34',NULL),('64c87bc516046017d9b5fd9a8e01c1f75d0aad29','app_aesbe','aesbe@aesbe.org.br','2016-08-21 04:23:47',NULL),('6a90e7e4322607e28ca8cf6c5f55e3a00c1ea5c2','app_aesbe','aesbe@aesbe.org.br','2016-08-21 22:30:19',NULL),('6d8653b6af622b4a457b5ec20dfdb0b0925687bd','app_aesbe','aesbe','2016-08-14 06:04:58',NULL),('715bb263c936135d6bff91cc028cc5ea46a6a8ca','app_aesbe','aesbe','2016-07-23 18:07:09',NULL),('779929fe156296e2acabe2392136bd38bca1bc65','app_aesbe','aesbe@aesbe.org.br','2016-08-21 03:48:37',NULL),('799de55a54266425697629ca1f01127ffbc6a25b','app_aesbe','luzia@gmail.com','2016-08-26 21:16:25',NULL),('7c56181d5fe9378de627ead16a56de638f09e13e','app_aesbe','aesbe@aesbe.org.br','2016-08-22 03:30:54',NULL),('7e7743c35e00213f881c973a78a622e0dc430265','app_aesbe','aesbe@aesbe.org.br','2016-08-22 01:41:46',NULL),('7fd1fada654091ae42016ef339d75f2770726ece','app_aesbe','aesbe','2016-07-28 00:24:10',NULL),('8086b60b2d7f0057b447a78cc3ad04f221642949','app_aesbe','aesbe','2016-07-28 00:25:42',NULL),('8439de0aa7a3d2e817a849b5ff2a47d8e4f39062','app_aesbe','aesbe@aesbe.org.br','2016-08-20 03:41:43',NULL),('84db005f3b73672cb2a515f77e13bb1b68a69fc0','app_aesbe','luzia@gmail.com','2016-08-22 22:31:48',NULL),('886f6876b1b40bdca4ab61e37838ef21455e872b','app_aesbe','aesbe@aesbe.org.br','2016-08-21 04:19:46',NULL),('8962bb77c057ce2c8ab25d469acbffdf1a86581b','app_aesbe','luzia@gmail.com','2016-08-22 05:42:37',NULL),('8bb067b3531be99ff7d85e36ae0ae98eacf026b9','app_aesbe','luzia@gmail.com','2016-08-27 01:49:50',NULL),('971d921a3256ddc37c97ae7e48a611254115481f','app_aesbe','aesbe','2016-08-19 02:03:55',NULL),('996ae94c37a03ce15a9971661b3cb0f7d7e4d072','app_aesbe','luzia@gmail.com','2016-08-27 01:34:57',NULL),('9db9e3ac21b2e737c2bce330859b1372c1a6b3a3','app_aesbe','aesbe','2016-07-28 02:32:09',NULL),('a0257725b28dd0ec943d12c0185b790a478abc86','app_aesbe','aesbe@aesbe.org.br','2016-08-21 20:28:06',NULL),('a69e32bba2a2a53f05af8c67c6c9bd439455b722','app_aesbe','aesbe@aesbe.org.br','2016-08-20 05:18:06',NULL),('a7ac6c46a241272cbc3e033738a6f1b6a831fb87','app_aesbe','luzia@gmail.com','2016-08-22 05:45:59',NULL),('ac418b1dd78db0708b30ecac07eb891786a9f6be','app_aesbe','luzia@gmail.com','2016-08-22 06:46:20',NULL),('b14896c80abefbd7515c2269e8baac2c99e2de2c','app_aesbe','aesbe','2016-07-27 03:54:23',NULL),('b49a89ec83470a2628a982ee2b0dfb6ee7642ed9','app_aesbe','aesbe@aesbe.org.br','2016-08-22 01:42:07',NULL),('b582a6d245ed7aeedc0742685cc7048c513aa896','app_aesbe','aesbe','2016-07-28 00:23:21',NULL),('bd56e71aa1ce50e55731a5e2bf0c9290818a3892','app_aesbe','aesbe@aesbe.org.br','2016-08-19 20:42:19',NULL),('c07ae5377ee2db482be9e2e27d207b24b1a113bc','app_aesbe','geccal','2016-07-22 03:50:46',NULL),('c8f564d3e4e1b80e10307f239b1f9f72cab50d44','app_aesbe','aesbe@aesbe.org.br','2016-08-21 16:39:24',NULL),('cc82de31b46df7b57d17eda4e96818ceb907768e','app_aesbe','aesbe@aesbe.org.br','2016-08-20 01:48:59',NULL),('d96bbd543db29eb5961a684862afcfeff0cd0fca','app_aesbe','aesbe@aesbe.org.br','2016-08-23 01:32:50',NULL),('dda518ed91b9c0ffb19677fd6ed74c2a82bd6094','app_aesbe','luzia@gmail.com','2016-08-26 21:15:29',NULL),('e72a99e147bffb7c307cdbb7017716fdf9ab1a42','app_aesbe','aesbe','2016-07-27 02:54:12',NULL),('eada0402306c5e9b0c65e01236114d1d785fb954','app_aesbe','copasa','2016-08-19 04:48:54',NULL),('eb169888e3ed7aa8a9646674d90f9cb6a2b5f8a4','app_aesbe','aesbe','2016-08-13 03:05:56',NULL),('ed9f9fda70e1749ad8cd85b37281e10a2737b190','app_aesbe','aesbe@aesbe.org.br','2016-08-21 16:25:13',NULL),('f1da42f0fa91278436dd71a7b26b517b91bb2184','app_aesbe','aesbe@aesbe.org.br','2016-08-20 04:17:44',NULL),('f63a4804fa4a5a7ac027d1c862629a60ccc3c786','app_aesbe','luzia@gmail.com','2016-08-27 00:39:14',NULL),('f9073740c3214890375e359dffea318a5baa91fd','app_aesbe','aesbe@aesbe.org.br','2016-08-20 06:46:10',NULL),('f9a0571fb58dc06d8b768be32c43b74d72499890','app_aesbe','aesbe@aesbe.org.br','2016-08-21 23:31:59',NULL),('fe84d219b70aff34feb98eb0ba4cf66f82c72084','app_aesbe','luzia@gmail.com','2016-08-22 06:58:39',NULL);
/*!40000 ALTER TABLE `oauth_refresh_tokens` ENABLE KEYS */;
UNLOCK TABLES;

--
-- Table structure for table `oauth_scopes`
--

DROP TABLE IF EXISTS `oauth_scopes`;
/*!40101 SET @saved_cs_client     = @@character_set_client */;
/*!40101 SET character_set_client = utf8 */;
CREATE TABLE `oauth_scopes` (
  `type` varchar(255) NOT NULL DEFAULT 'supported',
  `scope` varchar(2000) DEFAULT NULL,
  `client_id` varchar(80) DEFAULT NULL,
  `is_default` smallint(6) DEFAULT NULL
) ENGINE=InnoDB DEFAULT CHARSET=utf8;
/*!40101 SET character_set_client = @saved_cs_client */;

--
-- Dumping data for table `oauth_scopes`
--

LOCK TABLES `oauth_scopes` WRITE;
/*!40000 ALTER TABLE `oauth_scopes` DISABLE KEYS */;
/*!40000 ALTER TABLE `oauth_scopes` ENABLE KEYS */;
UNLOCK TABLES;

--
-- Table structure for table `oauth_users`
--

DROP TABLE IF EXISTS `oauth_users`;
/*!40101 SET @saved_cs_client     = @@character_set_client */;
/*!40101 SET character_set_client = utf8 */;
CREATE TABLE `oauth_users` (
  `co_usuario` int(11) NOT NULL AUTO_INCREMENT,
  `dt_cadastro` date NOT NULL,
  `username` varchar(45) NOT NULL,
  `password` varchar(100) NOT NULL,
  `dt_ultima_visita` datetime DEFAULT NULL,
  `co_pessoa` int(11) DEFAULT NULL,
  PRIMARY KEY (`co_usuario`),
  KEY `fk_oauth_users_tb_aesbe_pessoa_fisica1_idx` (`co_pessoa`),
  CONSTRAINT `fk_oauth_users_tb_aesbe_pessoa_fisica1` FOREIGN KEY (`co_pessoa`) REFERENCES `tb_aesbe_pessoa_fisica` (`co_pessoa`) ON DELETE NO ACTION ON UPDATE NO ACTION
) ENGINE=InnoDB AUTO_INCREMENT=6 DEFAULT CHARSET=utf8;
/*!40101 SET character_set_client = @saved_cs_client */;

--
-- Dumping data for table `oauth_users`
--

LOCK TABLES `oauth_users` WRITE;
/*!40000 ALTER TABLE `oauth_users` DISABLE KEYS */;
INSERT INTO `oauth_users` VALUES (1,'2016-07-08','aesbe@aesbe.org.br','$2y$10$3GTfbcoyuR78Rk0BdxYmke9Z3ljX5ETA6HtxU4dilmYHDckwuZm1G',NULL,NULL),(2,'2016-08-05','copasa','$2y$10$3GTfbcoyuR78Rk0BdxYmke9Z3ljX5ETA6HtxU4dilmYHDckwuZm1G',NULL,NULL),(3,'2016-08-08','teste@gmail.com','$2y$10$WEVeDmxOxc4CmW0jk17AYemZb6Vim95naqa3Xm2RyJpnRLZv5bEJa',NULL,13),(4,'2016-08-08','luzia@gmail.com','$2y$10$WEVeDmxOxc4CmW0jk17AYemZb6Vim95naqa3Xm2RyJpnRLZv5bEJa',NULL,14),(5,'2016-08-08','maria@gmail.com','$2y$10$w0k4r5T3n11UyVq7KhmemuyzKA88kF530GLrFP1WgywAKXYQNFm8W',NULL,15);
/*!40000 ALTER TABLE `oauth_users` ENABLE KEYS */;
UNLOCK TABLES;

--
-- Table structure for table `tb_aesbe_arquivo`
--

DROP TABLE IF EXISTS `tb_aesbe_arquivo`;
/*!40101 SET @saved_cs_client     = @@character_set_client */;
/*!40101 SET character_set_client = utf8 */;
CREATE TABLE `tb_aesbe_arquivo` (
  `co_arquivo` int(11) NOT NULL AUTO_INCREMENT,
  `ds_arquivo` varchar(200) NOT NULL,
  `co_tipo_arquivo` int(11) NOT NULL,
  PRIMARY KEY (`co_arquivo`),
  KEY `fk_tb_aesbe_arquivo_tb_aesbe_tipo_arquivo1_idx` (`co_tipo_arquivo`),
  CONSTRAINT `fk_tb_aesbe_arquivo_tb_aesbe_tipo_arquivo1` FOREIGN KEY (`co_tipo_arquivo`) REFERENCES `tb_aesbe_tipo_arquivo` (`co_tipo_arquivo`) ON DELETE NO ACTION ON UPDATE NO ACTION
) ENGINE=InnoDB AUTO_INCREMENT=166 DEFAULT CHARSET=utf8;
/*!40101 SET character_set_client = @saved_cs_client */;

--
-- Dumping data for table `tb_aesbe_arquivo`
--

LOCK TABLES `tb_aesbe_arquivo` WRITE;
/*!40000 ALTER TABLE `tb_aesbe_arquivo` DISABLE KEYS */;
INSERT INTO `tb_aesbe_arquivo` VALUES (1,'Planilha Banco de Preço-importar-novo - 2.xls',1),(2,'Planilha Banco de Preço-importar-novo - 2.xls',1),(3,'Planilha Banco de Preço-importar-novo - 2.xls',1),(4,'Planilha Banco de Preço-importar-novo - 2.xls',1),(5,'Planilha Banco de Preço-importar-novo - 2.xls',1),(6,'Planilha Banco de Preço-importar-novo - 2.xls',1),(7,'Planilha Banco de Preço-importar-novo - 2.xls',1),(8,'Planilha Banco de Preço-importar-novo - 2.xls',1),(9,'Planilha Banco de Preço-importar-novo - 2.xls',1),(10,'Planilha Banco de Preço-importar-novo - 2.xls',1),(11,'Planilha Banco de Preço-importar-novo - 2.xls',1),(12,'Planilha Banco de Preço-importar-novo - 2.xls',1),(13,'Planilha Banco de Preço-importar-novo - 2.xls',1),(14,'Planilha Banco de Preço-importar-novo - 2.xls',1),(15,'Planilha Banco de Preço-importar-novo - 2.xls',1),(16,'Planilha Banco de Preço-importar-novo - 2.xls',1),(17,'Planilha Banco de Preço-importar-novo - 2.xls',1),(18,'Planilha Banco de Preço-importar-novo - 2.xls',1),(19,'Planilha Banco de Preço-importar-novo - 2.xls',1),(20,'Planilha Banco de Preço-importar-novo - 2.xls',1),(21,'Planilha Banco de Preço-importar-novo - 2.xls',1),(22,'Planilha Banco de Preço-importar-novo - 2.xls',1),(23,'Planilha Banco de Preço-importar-novo - 2.xls',1),(24,'Planilha Banco de Preço-importar-novo - 2.xls',1),(25,'Planilha Banco de Preço-importar-novo - 2.xls',1),(26,'Planilha Banco de Preço-importar-novo - 2.xls',1),(27,'Planilha Banco de Preço-importar-novo - 2.xls',1),(28,'Planilha Banco de Preço-importar-novo - 2.xls',1),(29,'Planilha Banco de Preço-importar-novo - 2.xls',1),(30,'Planilha Banco de Preço-importar-novo - 2.xls',1),(31,'Planilha Banco de Preço-importar-novo - 2.xls',1),(32,'Planilha Banco de Preço-importar-novo - 2.xls',1),(33,'Planilha Banco de Preço-importar-novo - 2.xls',1),(34,'Planilha Banco de Preço-importar-novo - 2.xls',1),(35,'Planilha Banco de Preço-importar-novo - 2.xls',1),(36,'Planilha Banco de Preço-importar-novo - 2.xls',1),(37,'Planilha Banco de Preço-importar-novo - 2.xls',1),(38,'Planilha Banco de Preço-importar-novo - 2.xls',1),(39,'Planilha Banco de Preço-importar-novo - 2.xls',1),(40,'Planilha Banco de Preço-importar-novo - 2.xls',1),(41,'Planilha Banco de Preço-importar-novo - 2.xls',1),(42,'Planilha Banco de Preço-importar-novo - 2.xls',1),(43,'Planilha Banco de Preço-importar-novo - 2.xls',1),(44,'Planilha Banco de Preço-importar-novo - 2.xls',1),(45,'Planilha Banco de Preço-importar-novo - 2.xls',1),(46,'Planilha Banco de Preço-importar-novo - 2.xls',1),(47,'Planilha Banco de Preço-importar-novo - 2.xls',1),(48,'Planilha Banco de Preço-importar-novo - 2.xls',1),(49,'Planilha Banco de Preço-importar-novo - 2.xls',1),(50,'Planilha Banco de Preço-importar-novo - 2.xls',1),(51,'Planilha Banco de Preço-importar-novo - 2.xls',1),(52,'Planilha Banco de Preço-importar-novo - 2.xls',1),(53,'Planilha Banco de Preço-importar-novo - 2.xls',1),(54,'Planilha Banco de Preço-importar-novo - 2.xls',1),(55,'Planilha Banco de Preço-importar-novo - 2.xls',1),(56,'Planilha Banco de Preço-importar-novo - 2.xls',1),(57,'Planilha Banco de Preço-importar-novo - 2.xls',1),(58,'Planilha Banco de Preço-importar-novo - 2.xls',1),(59,'Planilha Banco de Preço-importar-novo - 2.xls',1),(60,'Planilha Banco de Preço-importar-novo - 2.xls',1),(61,'Planilha Banco de Preço-importar-novo - 2.xls',1),(62,'Planilha Banco de Preço-importar-novo - 2.xls',1),(63,'Planilha Banco de Preço-importar-novo - 2.xls',1),(64,'Planilha Banco de Preço-importar-novo - 2.xls',1),(65,'Planilha Banco de Preço-importar-novo - 2.xls',1),(66,'Planilha Banco de Preço-importar-novo - 2.xls',1),(67,'Planilha Banco de Preço-importar-novo - 2.xls',1),(68,'Planilha Banco de Preço-importar-novo - 2.xls',1),(69,'Planilha Banco de Preço-importar-novo - 2.xls',1),(70,'Planilha Banco de Preço-importar-novo - 2.xls',1),(71,'Planilha Banco de Preço-importar-novo - 2.xls',1),(72,'Planilha Banco de Preço-importar-novo - 2.xls',1),(73,'Planilha Banco de Preço-importar-novo - 2.xls',1),(74,'Planilha Banco de Preço-importar-novo - 2.xls',1),(75,'Planilha Banco de Preço-importar-novo - 2.xls',1),(76,'Planilha Banco de Preço-importar-novo - 2.xls',1),(77,'Planilha Banco de Preço-importar-novo - 2.xls',1),(78,'Planilha Banco de Preço-importar-novo - 2.xls',1),(79,'Planilha Banco de Preço-importar-novo - 2.xls',1),(80,'Planilha Banco de Preço-importar-novo - 2.xls',1),(81,'Planilha Banco de Preço-importar-novo - 2.xls',1),(82,'Planilha Banco de Preço.xls',1),(83,'Planilha Banco de Preço.xls',1),(84,'Planilha Banco de Preço.xls',1),(85,'Planilha Banco de Preço.xls',1),(86,'Planilha Banco de Preço.xls',1),(87,'Planilha Banco de Preço.xls',1),(88,'Planilha Banco de Preço.xls',1),(89,'Planilha Banco de Preço.xls',1),(90,'Planilha Banco de Preço.xls',1),(91,'Planilha Banco de Preço.xls',1),(92,'Planilha Banco de Preço.xls',1),(93,'Planilha Banco de Preço.xls',1),(94,'Planilha Banco de Preço.xls',1),(95,'Planilha Banco de Preço.xls',1),(96,'Planilha Banco de Preço.xls',1),(97,'Planilha Banco de Preço.xls',1),(98,'Planilha Banco de Preço.xls',1),(99,'Planilha Banco de Preço.xls',1),(100,'Planilha Banco de Preço.xls',1),(101,'Planilha Banco de Preço.xls',1),(102,'Planilha Banco de Preço.xls',1),(103,'Planilha Banco de Preço.xls',1),(104,'Planilha Banco de Preço.xls',1),(105,'Planilha Banco de Preço.xls',1),(106,'Planilha Banco de Preço.xls',1),(107,'Planilha Banco de Preço.xls',1),(108,'Planilha Banco de Preço.xls',1),(109,'Planilha Banco de Preço.xls',1),(110,'Planilha Banco de Preço.xls',1),(111,'Planilha Banco de Preço.xls',1),(112,'Planilha Banco de Preço.xls',1),(113,'Planilha Banco de Preço.xls',1),(114,'Planilha Banco de Preço.xls',1),(115,'Planilha Banco de Preço.xls',1),(116,'Planilha Banco de Preço.xls',1),(117,'Planilha Banco de Preço.xls',1),(118,'Planilha Banco de Preço.xls',1),(119,'Planilha Banco de Preço.xls',1),(120,'Planilha Banco de Preço.xls',1),(121,'Planilha Banco de Preço.xls',1),(122,'Planilha Banco de Preço.xls',1),(123,'Planilha Banco de Preço.xls',1),(124,'Planilha Banco de Preço.xls',1),(125,'Planilha Banco de Preço.xls',1),(126,'Planilha Banco de Preço.xls',1),(127,'Planilha Banco de Preço.xls',1),(128,'Planilha Banco de Preço.xls',1),(129,'Planilha Banco de Preço-importar-novo.xls',1),(130,'Planilha Banco de Preço-importar-novo - 2.xls',1),(131,'Planilha Banco de Preço-importar-novo - 2.xls',1),(132,'Planilha Banco de Preço.xls',1),(133,'Planilha Banco de Preço-importar-novo - 2.xls',1),(134,'Planilha Banco de Preço-importar-novo - 2.xls',1),(135,'Planilha Banco de Preço-importar-novo - 2.xls',1),(136,'Planilha Banco de Preço-importar.xls',1),(137,'Planilha Banco de Preço-importar-novo.xls',1),(138,'Planilha Banco de Preço-importar-novo - 2.xls',1),(139,'Planilha Banco de Preço-importar-novo.xls',1),(140,'Planilha Banco de Preço-importar-novo - 3.xls',1),(141,'Planilha Banco de Preço-importar-novo - 3.xls',1),(142,'Planilha Banco de Preço-importar-novo - 3.xls',1),(143,'Planilha Banco de Preço-importar-novo - 3.xls',1),(144,'Planilha Banco de Preço-importar-novo - 3.xls',1),(145,'Planilha Banco de Preço-importar-novo - 3.xls',1),(146,'Planilha Banco de Preço-importar-novo - 3.xls',1),(147,'Planilha Banco de Preço-importar-novo - 3.xls',1),(148,'Planilha Banco de Preço-importar-novo - 3.xls',1),(149,'Planilha Banco de Preço-importar-novo - 3.xls',1),(150,'Planilha Banco de Preço-importar-novo - 3.xls',1),(151,'Planilha Banco de Preço-importar-novo - 3.xls',1),(152,'Planilha Banco de Preço-importar-novo - 3.xls',1),(153,'Planilha Banco de Preço-importar-novo - 3.xls',1),(154,'Planilha Banco de Preço-importar-novo - 3.xls',1),(155,'Planilha Banco de Preço-importar-novo - 2.xls',1),(156,'Planilha Banco de Preço-importar-novo - 2.xls',1),(157,'Planilha Banco de Preço-importar-novo - 3.xls',1),(158,'Planilha Banco de Preço-importar-novo - 3.xls',1),(159,'Teste Associada.xls',1),(160,'Teste Associada.xls',1),(161,'Teste Associada.xls',1),(162,'Teste Associada.xls',1),(163,'Teste Associada.xls',1),(164,'Teste Associada.xls',1),(165,'Teste Associada.xls',1);
/*!40000 ALTER TABLE `tb_aesbe_arquivo` ENABLE KEYS */;
UNLOCK TABLES;

--
-- Table structure for table `tb_aesbe_arquivo_proposta`
--

DROP TABLE IF EXISTS `tb_aesbe_arquivo_proposta`;
/*!40101 SET @saved_cs_client     = @@character_set_client */;
/*!40101 SET character_set_client = utf8 */;
CREATE TABLE `tb_aesbe_arquivo_proposta` (
  `co_arquivo_proposta` int(11) NOT NULL AUTO_INCREMENT,
  `dt_processamento` datetime NOT NULL,
  `qt_erros` int(11) NOT NULL,
  `qt_registros_processados` int(11) NOT NULL,
  `st_processamento` tinyint(1) NOT NULL,
  `co_usuario` int(11) NOT NULL,
  `co_proposta` int(11) NOT NULL,
  `co_arquivo` int(11) NOT NULL,
  PRIMARY KEY (`co_arquivo_proposta`),
  KEY `fk_tb_aesbe_arquivo_proposta_oauth_users1_idx` (`co_usuario`),
  KEY `fk_tb_aesbe_arquivo_proposta_tb_aesbe_proposta1_idx` (`co_proposta`),
  KEY `fk_tb_aesbe_arquivo_proposta_tb_aesbe_arquivo1_idx` (`co_arquivo`),
  CONSTRAINT `fk_tb_aesbe_arquivo_proposta_oauth_users1` FOREIGN KEY (`co_usuario`) REFERENCES `oauth_users` (`co_usuario`) ON DELETE NO ACTION ON UPDATE NO ACTION,
  CONSTRAINT `fk_tb_aesbe_arquivo_proposta_tb_aesbe_arquivo1` FOREIGN KEY (`co_arquivo`) REFERENCES `tb_aesbe_arquivo` (`co_arquivo`) ON DELETE NO ACTION ON UPDATE NO ACTION,
  CONSTRAINT `fk_tb_aesbe_arquivo_proposta_tb_aesbe_proposta1` FOREIGN KEY (`co_proposta`) REFERENCES `tb_aesbe_proposta` (`co_proposta`) ON DELETE NO ACTION ON UPDATE NO ACTION
) ENGINE=InnoDB AUTO_INCREMENT=140 DEFAULT CHARSET=utf8;
/*!40101 SET character_set_client = @saved_cs_client */;

--
-- Dumping data for table `tb_aesbe_arquivo_proposta`
--

LOCK TABLES `tb_aesbe_arquivo_proposta` WRITE;
/*!40000 ALTER TABLE `tb_aesbe_arquivo_proposta` DISABLE KEYS */;
INSERT INTO `tb_aesbe_arquivo_proposta` VALUES (6,'2016-07-29 21:36:05',1,1,0,1,6,20),(7,'2016-07-29 21:36:55',1,1,0,1,6,29),(8,'2016-07-29 21:37:44',1,1,0,1,6,30),(9,'2016-07-29 21:39:08',1,1,0,1,6,31),(10,'2016-07-29 21:41:01',1,1,0,1,6,32),(11,'2016-07-29 21:45:37',1,1,0,1,6,33),(12,'2016-07-29 21:47:32',1,1,0,1,6,20),(13,'2016-07-29 22:02:43',1,1,0,1,6,36),(14,'2016-07-29 22:03:27',1,1,0,1,6,37),(15,'2016-07-29 22:06:42',1,1,0,1,6,38),(16,'2016-07-29 22:07:33',1,1,0,1,6,39),(17,'2016-07-29 22:08:17',1,1,0,1,6,40),(18,'2016-07-29 23:17:05',1,1,0,1,6,44),(19,'2016-07-29 23:17:52',1,1,0,1,6,45),(20,'2016-07-29 23:18:53',0,1,1,1,6,46),(21,'2016-07-30 18:30:21',0,1,1,1,6,47),(22,'2016-07-30 18:34:26',0,1,1,1,6,48),(23,'2016-07-30 18:36:42',0,1,1,1,6,49),(24,'2016-07-30 18:37:24',0,1,1,1,6,50),(25,'2016-07-30 18:38:03',0,1,1,1,6,51),(26,'2016-07-30 21:46:22',0,1,1,1,6,52),(27,'2016-07-30 21:46:55',0,1,1,1,6,53),(28,'2016-07-30 21:47:46',0,1,1,1,6,54),(29,'2016-07-30 21:49:38',0,1,1,1,6,55),(30,'2016-07-30 21:50:03',0,1,1,1,6,56),(31,'2016-07-30 21:51:07',0,1,1,1,6,57),(32,'2016-07-30 21:51:50',0,1,1,1,6,58),(33,'2016-07-30 21:52:51',0,1,1,1,6,59),(34,'2016-07-30 21:53:27',0,1,1,1,6,60),(35,'2016-07-30 21:53:50',0,1,1,1,6,61),(36,'2016-07-30 21:54:58',0,1,1,1,6,62),(37,'2016-07-30 21:59:48',0,1,1,1,6,63),(38,'2016-07-30 22:01:09',4,1,0,1,6,64),(39,'2016-07-30 22:01:34',4,1,0,1,6,65),(40,'2016-07-30 22:04:45',4,1,0,1,6,66),(41,'2016-07-30 22:05:44',4,1,0,1,6,67),(42,'2016-07-30 22:14:30',0,1,1,1,6,68),(43,'2016-07-30 22:15:39',0,1,1,1,6,69),(44,'2016-07-31 03:24:02',0,1,1,1,6,70),(45,'2016-07-31 03:24:41',0,1,1,1,6,71),(46,'2016-07-31 14:27:35',1,1,0,1,6,72),(47,'2016-07-31 16:25:00',1,1,0,1,6,73),(48,'2016-07-31 16:26:19',1,1,0,1,6,74),(49,'2016-07-31 16:26:27',1,1,0,1,6,75),(50,'2016-07-31 16:27:40',1,1,0,1,6,76),(51,'2016-07-31 16:31:43',1,1,0,1,6,77),(52,'2016-07-31 16:34:07',1,1,0,1,6,78),(53,'2016-07-31 16:35:22',1,1,0,1,6,79),(54,'2016-07-31 16:35:40',1,1,0,1,6,80),(55,'2016-07-31 17:58:06',1,1,0,1,6,81),(56,'2016-07-31 17:58:58',2480,124,0,1,6,82),(57,'2016-07-31 19:26:59',2480,124,0,1,6,83),(58,'2016-07-31 19:36:38',2480,124,0,1,6,84),(59,'2016-07-31 19:37:24',2480,124,0,1,6,85),(60,'2016-07-31 19:38:26',2480,124,0,1,6,86),(61,'2016-07-31 19:39:01',2480,124,0,1,6,87),(62,'2016-07-31 20:02:33',2480,124,0,1,6,88),(63,'2016-07-31 20:04:40',2480,124,0,1,6,89),(64,'2016-07-31 20:14:47',2480,124,0,1,6,90),(65,'2016-07-31 20:16:20',2480,124,0,1,6,91),(66,'2016-07-31 20:17:38',2480,124,0,1,6,92),(67,'2016-07-31 20:20:35',2480,124,0,1,6,93),(68,'2016-07-31 20:27:50',2480,124,0,1,6,94),(69,'2016-07-31 20:28:10',2480,124,0,1,6,95),(70,'2016-07-31 20:56:34',2480,124,0,1,6,96),(71,'2016-07-31 20:58:02',2480,124,0,1,6,97),(72,'2016-07-31 20:58:53',2480,124,0,1,6,98),(73,'2016-07-31 20:59:17',2480,124,0,1,6,99),(74,'2016-07-31 20:59:45',2480,124,0,1,6,100),(75,'2016-07-31 21:08:47',2480,124,0,1,6,101),(76,'2016-07-31 21:10:12',2480,124,0,1,6,102),(77,'2016-07-31 21:12:13',2480,124,0,1,6,103),(78,'2016-07-31 21:13:32',2480,124,0,1,6,104),(79,'2016-07-31 21:14:48',2480,124,0,1,6,105),(80,'2016-07-31 21:15:32',2480,124,0,1,6,106),(81,'2016-07-31 21:16:49',2480,124,0,1,6,107),(82,'2016-07-31 21:18:54',2480,124,0,1,6,108),(83,'2016-07-31 21:20:30',2480,124,0,1,6,109),(84,'2016-07-31 21:25:44',2480,124,0,1,6,110),(85,'2016-07-31 21:26:41',2480,124,0,1,6,111),(86,'2016-07-31 21:29:23',2480,124,0,1,6,112),(87,'2016-07-31 21:32:00',2480,124,0,1,6,113),(88,'2016-07-31 21:34:01',2480,124,0,1,6,114),(89,'2016-07-31 21:38:15',2480,124,0,1,6,115),(90,'2016-07-31 21:42:11',2480,124,0,1,6,116),(91,'2016-07-31 21:43:43',2480,124,0,1,6,117),(92,'2016-07-31 21:45:03',2480,124,0,1,6,118),(93,'2016-07-31 23:43:04',2480,124,0,1,6,119),(94,'2016-07-31 23:45:50',2480,124,0,1,6,120),(95,'2016-07-31 23:52:05',2480,124,0,1,6,121),(96,'2016-07-31 23:53:08',2480,124,0,1,6,122),(97,'2016-07-31 23:56:12',2480,124,0,1,6,123),(98,'2016-08-01 00:03:08',2480,124,0,1,6,124),(99,'2016-08-01 00:10:11',2480,124,0,1,6,125),(100,'2016-08-01 00:12:23',2480,124,0,1,6,126),(101,'2016-08-01 00:13:38',2480,124,0,1,6,127),(102,'2016-08-01 00:14:57',2480,124,0,1,6,128),(103,'2016-08-01 00:15:52',2477,124,0,1,6,129),(104,'2016-08-01 00:18:26',1,1,0,1,6,130),(105,'2016-08-01 00:19:09',1,1,0,1,6,131),(106,'2016-08-01 00:19:58',2480,124,0,1,6,132),(107,'2016-08-01 00:20:42',1,1,0,1,6,133),(108,'2016-08-01 00:23:22',1,1,0,1,6,134),(109,'2016-08-01 00:27:39',1,1,0,1,6,135),(110,'2016-08-01 00:27:56',867,124,0,1,6,136),(111,'2016-08-01 00:28:21',2477,124,0,1,6,137),(112,'2016-08-01 00:29:16',0,1,1,1,6,138),(113,'2016-08-01 00:34:57',2477,124,0,1,6,139),(114,'2016-08-01 00:38:20',124,124,0,1,6,140),(115,'2016-08-01 00:38:52',27,124,0,1,6,141),(116,'2016-08-01 00:39:11',27,124,0,1,6,142),(117,'2016-08-01 00:39:29',27,124,0,1,6,143),(118,'2016-08-01 00:40:48',27,124,0,1,6,144),(119,'2016-08-01 00:42:01',27,124,0,1,6,145),(120,'2016-08-01 00:42:29',27,124,0,1,6,146),(121,'2016-08-01 00:44:58',27,124,0,1,6,147),(122,'2016-08-01 00:45:18',27,124,0,1,6,148),(123,'2016-08-01 00:45:34',27,124,0,1,6,149),(124,'2016-08-01 00:46:39',27,124,0,1,6,150),(125,'2016-08-01 00:47:47',27,124,0,1,6,151),(126,'2016-08-01 00:48:16',0,124,1,1,6,152),(127,'2016-08-01 00:48:41',27,124,0,1,6,153),(128,'2016-08-01 00:49:38',0,124,1,1,6,154),(129,'2016-08-01 00:57:31',1,1,0,1,6,155),(130,'2016-08-01 00:57:51',1,1,0,1,6,156),(131,'2016-08-03 01:42:35',0,124,1,1,6,157),(132,'2016-08-05 22:45:36',0,124,1,1,6,158),(133,'2016-08-08 03:45:40',0,100,1,1,6,159),(134,'2016-08-08 04:19:14',0,100,1,1,6,160),(135,'2016-08-08 04:30:38',0,100,1,1,9,161),(136,'2016-08-08 20:00:52',0,100,1,1,11,162),(137,'2016-08-08 20:04:45',0,100,1,1,13,163),(138,'2016-08-08 20:12:18',0,100,1,1,14,164),(139,'2016-08-08 22:06:35',0,100,1,1,15,165);
/*!40000 ALTER TABLE `tb_aesbe_arquivo_proposta` ENABLE KEYS */;
UNLOCK TABLES;

--
-- Table structure for table `tb_aesbe_descricao`
--

DROP TABLE IF EXISTS `tb_aesbe_descricao`;
/*!40101 SET @saved_cs_client     = @@character_set_client */;
/*!40101 SET character_set_client = utf8 */;
CREATE TABLE `tb_aesbe_descricao` (
  `co_descricao` int(11) NOT NULL AUTO_INCREMENT,
  `no_descricao` text NOT NULL,
  PRIMARY KEY (`co_descricao`)
) ENGINE=InnoDB AUTO_INCREMENT=100 DEFAULT CHARSET=utf8;
/*!40101 SET character_set_client = @saved_cs_client */;

--
-- Dumping data for table `tb_aesbe_descricao`
--

LOCK TABLES `tb_aesbe_descricao` WRITE;
/*!40000 ALTER TABLE `tb_aesbe_descricao` DISABLE KEYS */;
INSERT INTO `tb_aesbe_descricao` VALUES (1,'125 MM X 75 MM (DE MAX X DE MIN)'),(2,'A GRANEL'),(3,'A GRANEL CARRETA CAPAC 18000 KG - N. ONU 1017 CL 2'),(4,'ADAPTADOR MACHO 3/4 POL X PE 20 MM'),(5,'ADAPTAVEL PARA DN 150X100'),(6,'ADAPTAVEL PARA DN 200X100'),(7,'AQUOSA DE CLORATO DE SODIO PEROXIDO DE HIDROGENIO'),(8,'CILINDRO CAPAC 50 E 68 KG - N. ONU 1017 CL 2'),(9,'CILINDRO CAPAC 900 KG - N. ONU 1017 CL 2'),(10,'COMERCIAL 98% A GRANEL CAS 7664-93-9'),(11,'CONTAINER FLEXIVEL C/1000 KG E A GRANEL'),(12,'COTOVELO 90 GR FEMEA 3/4 POL. X ADAPTADOR 20 MM'),(13,'DE 1000 PN 10 SDR 17'),(14,'DE 110 X DE 20 (RAMAL PE)-ARTICULADO'),(15,'DE 110 X DE 32 (RAMAL PE)-ARTICULADO'),(16,'DE 20 MM'),(17,'DE 32 MM'),(18,'DE 450 PN 10 SDR 17'),(19,'DE 560 PN 10 SDR 17'),(20,'DE 60(PVC) X DE 20(RAMAL PE) -ARTICULADO'),(21,'DE 60(PVC) X DE 32(RAMAL PE) -ARTICULADO'),(22,'DE 85(PVC) X DE 20(RAMAL PE)-ARTICULADO'),(23,'DE 85(PVC) X DE 32(RAMAL PE)-ARTICULADO'),(24,'DE 900 PN 10 SDR 17'),(25,'DN 100'),(26,'DN 100 - PARA RAMAIS PREDIAIS PE DE 20 - C/ PARAF.'),(27,'DN 100 (DE 110 MM)'),(28,'DN 100 (DE 110MM)-0,75MPA-(CM=5,83M)'),(29,'DN 100 (DE 110MM)-1,00MPA-(CM=5,83M)'),(30,'DN 100 (DE 118 MM) - PN 1,0 MPA - (CM = 5,83 M)'),(31,'DN 100-FL PN 10/16-CORPO CURTO L=190MM-PT 1,6MPA'),(32,'DN 1000'),(33,'DN 140 (DE 160MM)-1 MPA-(CM=5,81M)'),(34,'DN 150'),(35,'DN 150 (DE 170 MM) - PN 1,0 MPA - (CM = 5,83M)'),(36,'DN 150-FL PN 10/16-CORPO CURTO L=210MM-PT 1,6MPA'),(37,'DN 20 - PE 80 - 1,0 MPA'),(38,'DN 20 - QN 1,5 M3/H -CL C - RELOJ. COBRE+VIDRO'),(39,'DN 20-QN 0,75M3/H-CL B-CUP.VIDRO-MONOJ-MAG-R.INCL'),(40,'DN 20-QN 0,75M3/H-CL B-MONOJ-MAG-R.INCL-ANTIFRAUDE'),(41,'DN 20-QN 1,5M3/H-CL B-MULTIJ-MAG-R.INCL-MED.INDIV.'),(42,'DN 20-QN0,75B-C.POLI UJ-MAG-R.INCL-ANTI SUPER IMA'),(43,'DN 200'),(44,'DN 200 (DE 222 MM) - PN 1,0 MPA - (CM = 5,75M)'),(45,'DN 200-FL PN 10-CORPO CURTO L=230MM-PT 1,6MPA'),(46,'DN 25-QN 5 M3/H-CL B-MULTIJATO-MAGNETICO'),(47,'DN 250'),(48,'DN 250 (DE 274 MM) - PN 1,0 MPA - (CM = 5,75M)'),(49,'DN 300'),(50,'DN 300 (DE 326 MM) - PN 1,0 MPA - (CM = 5,75M)'),(51,'DN 350'),(52,'DN 400'),(53,'DN 450'),(54,'DN 50'),(55,'DN 50 - PARA RAMAIS PREDIAIS PE DE 20 - C/ PARAF.'),(56,'DN 50 - PARA RAMAIS PREDIAIS PE DE 32 - C/ PARAF.'),(57,'DN 50 (DE 60 MM)'),(58,'DN 50 (DE 60 MM)-0,75MPA-(CM=5,88M)'),(59,'DN 50 (DE 60 MM)-1,00MPA-(CM=5,88M)'),(60,'DN 500'),(61,'DN 600'),(62,'DN 600 MM (RUA/ESGOTO)'),(63,'DN 700'),(64,'DN 75'),(65,'DN 75 - PARA RAMAIS PREDIAIS PE DE 20 - C/ PARAF.'),(66,'DN 75 - PARA RAMAIS PREDIAIS PE DE 32 - C/ PARAF.'),(67,'DN 75 (DE 85 MM)'),(68,'DN 75 (DE 85 MM)-0,75MPA-(CM=5,85M)'),(69,'DN 75 (DE 85 MM)-1,00MPA-(CM=5,85M)'),(70,'DN 80'),(71,'DN 800'),(72,'DNR 20'),(73,'GRANULADO - SACO VALVULADO CAPAC 40 KG'),(74,'GRANULADO SACO VALVULADO CAPAC 25KG'),(75,'HIDROMETRO ULTRASSONICO FLANGEADO 2 POLEGADAS'),(76,'HIDROXIDO DE CALCIO EM SUSPENSAO 20% M/M A GRANEL'),(77,'ISENTO DE FERRO-LIQUIDO A GRANEL'),(78,'LIQUIDA - A GRANEL - BASIC. 57 A 67%'),(79,'LIQUIDO - CONC. 50% - CONTAINERS 1000 L'),(80,'LIQUIDO - CONC. 50% EM PESO - A GRANEL'),(81,'LIQUIDO A GRANEL'),(82,'LIQUIDO A GRANEL - CONC >= 20%'),(83,'LIQUIDO A GRANEL - N. ONU 1791 CL 8'),(84,'LIQUIDO A GRANEL - N. ONU 2426 CL 5,1'),(85,'LIQUIDO A GRANEL(CONCENTRACAO 38%)-N.ONU 2582 CL8'),(86,'LIQUIDO A GRANEL(CONCENTRACAO 48%)-N. ONU 1824 CL8'),(87,'MICROGRANULAR A GRANEL - MENOR QUE 2 MM'),(88,'MULTIDIAMETRAL DN 50 A DN 150 X DNR 20 (3/4 POL)'),(89,'NAO EMULSIONADO-P/REPARO PAVIMENTO (RECIP C/40KG)'),(90,'OXIGENIO LIQUIDO(LIQ. CRIOGENIO)- N.ONU 1073'),(91,'PAREDE MACICA - DN 100 (CM 5,90 M)'),(92,'PAREDE MACICA - DN 150 (CM 5,88 M)'),(93,'PAREDE MACICA - DN 200 (CM=5,88 M)'),(94,'PAREDE MACICA - DN 250 (CM=5,84 M)'),(95,'PAREDE MACICA - DN 300 (CM=5,82 M)'),(96,'PAREDE MACICA - DN 350 (CM=5,78 M)'),(97,'PAREDE MACICA - DN 400 (CM=5,77 M)'),(98,'SACO VALVULADO CAPAC 20 KG'),(99,'SACO VALVULADO CAPACIDADE 25 KG');
/*!40000 ALTER TABLE `tb_aesbe_descricao` ENABLE KEYS */;
UNLOCK TABLES;

--
-- Table structure for table `tb_aesbe_empresa`
--

DROP TABLE IF EXISTS `tb_aesbe_empresa`;
/*!40101 SET @saved_cs_client     = @@character_set_client */;
/*!40101 SET character_set_client = utf8 */;
CREATE TABLE `tb_aesbe_empresa` (
  `co_empresa` int(11) NOT NULL AUTO_INCREMENT,
  `no_empresa` varchar(100) NOT NULL,
  `sg_empresa` varchar(45) DEFAULT NULL,
  `ds_sitio` varchar(100) DEFAULT NULL,
  `nu_cep` varchar(10) DEFAULT NULL,
  `ds_logradouro` varchar(100) DEFAULT NULL,
  `no_bairro` varchar(100) DEFAULT NULL,
  `nu_logradouro` varchar(10) DEFAULT NULL,
  `ds_complemento` varchar(30) DEFAULT NULL,
  `co_uf` int(11) NOT NULL,
  `nu_telefone` varchar(10) DEFAULT NULL,
  `nu_telefone_secundario` varchar(10) DEFAULT NULL,
  PRIMARY KEY (`co_empresa`),
  KEY `fk_tb_aesbe_empresa_tb_aesbe_uf1_idx` (`co_uf`),
  CONSTRAINT `fk_tb_aesbe_empresa_tb_aesbe_uf1` FOREIGN KEY (`co_uf`) REFERENCES `tb_aesbe_uf` (`co_uf`) ON DELETE NO ACTION ON UPDATE NO ACTION
) ENGINE=InnoDB AUTO_INCREMENT=32 DEFAULT CHARSET=utf8;
/*!40101 SET character_set_client = @saved_cs_client */;

--
-- Dumping data for table `tb_aesbe_empresa`
--

LOCK TABLES `tb_aesbe_empresa` WRITE;
/*!40000 ALTER TABLE `tb_aesbe_empresa` DISABLE KEYS */;
INSERT INTO `tb_aesbe_empresa` VALUES (6,'Águas e Esgotos do Piauí S.A.','AGESPISA','www.agespisa.com.br',NULL,NULL,NULL,NULL,NULL,22,'8632166320',NULL),(7,'Companhia de Saneamento Ambiental do Maranhão','CAEMA','www.caema.ma.gov.br',NULL,NULL,NULL,NULL,NULL,21,'9832195002',NULL),(8,'Companhia de Águas e Esgotos de Roraima','CAER','www.caer.com.br',NULL,NULL,NULL,NULL,NULL,14,'9521212267',NULL),(9,'Companhia de Águas e Esgotos de Rondônia','CAERD','www.caerd-ro.com.br/',NULL,NULL,NULL,NULL,NULL,11,'6932161712',NULL),(10,'Companhia de Águas e Esgotos do Rio Grande do Norte','CAERN','www.caern.com.br',NULL,NULL,NULL,NULL,NULL,24,'8432324110',NULL),(11,'Companhia de Água e Esgotos do Amapá','CAESA','www.caesa.ap.gov.br',NULL,NULL,NULL,NULL,NULL,16,'9691533196',NULL),(12,'Companhia de Saneamento Ambiental do Distrito Federal','CAESB','www.caesb.df.gov.br',NULL,NULL,NULL,NULL,NULL,53,'6132137115',NULL),(13,'Companhia de Água e Esgoto do Ceará','CAGECE','www.cagece.com.br/',NULL,NULL,NULL,NULL,NULL,23,'8531011729',NULL),(14,'Companhia de Água e Esgoto da Paraíba','CAGEPA','www.cagepa.pb.gov.br',NULL,NULL,NULL,NULL,NULL,25,'8332181230',NULL),(15,'Companhia de Saneamento de Alagoas','CASAL','www.casal.al.gov.br',NULL,NULL,NULL,NULL,NULL,27,'8233153055',NULL),(16,'Companhia Catarinense de Águas e Saneamento','CASAN','www.casan.com.br',NULL,NULL,NULL,NULL,NULL,42,'4832215012',NULL),(17,'Companhia Estadual de Águas e Esgotos','CEDAE','www.cedae.com.br',NULL,NULL,NULL,NULL,NULL,33,'',NULL),(18,'Companhia Espírito Santense de Saneamento','CESAN','www.cesan.com.br',NULL,NULL,NULL,NULL,NULL,32,'2721275000',NULL),(19,'Companhia Pernambucana de Saneamento','COMPESA','www.compesa.com.br',NULL,NULL,NULL,NULL,NULL,26,'',NULL),(20,'Companhia de Saneamento de Minas Gerais','COPASA','www.copasa.com.br',NULL,NULL,NULL,NULL,NULL,31,'',NULL),(21,'Companhia Riograndense de Saneamento','CORSAN','www.corsan.com.br',NULL,NULL,NULL,NULL,NULL,43,'5132155677',NULL),(22,'Companhia de Saneamento do Pará','COSANPA','www.cosanpa.pa.gov.br',NULL,NULL,NULL,NULL,NULL,15,'9132028400',NULL),(23,'Companhia de Saneamento de Sergipe','DESO','www.deso-se.com.br',NULL,NULL,NULL,NULL,NULL,28,'7932261002',NULL),(24,'Empresa Baiana de Águas e Saneamento S.A.','EMBASA','www.embasa.ba.gov.br',NULL,NULL,NULL,NULL,NULL,29,'7133724842',NULL),(25,'Companhia de Saneamento Básico do Estado de São Paulo','SABESP','www.sabesp.com.br',NULL,NULL,NULL,NULL,NULL,35,'1133888200',NULL),(26,'Saneamento de Goiás S.A.','SANEAGO','www.saneago.com.br',NULL,NULL,NULL,NULL,NULL,52,'6232433101',NULL),(27,'Odebrecht Ambiental/Saneatins','SANEATINS','www.odebrechtambiental.com',NULL,NULL,NULL,NULL,NULL,17,'6332186616',NULL),(28,'Companhia de Saneamento do Paraná','SANEPAR','www.sanepar.com.br',NULL,NULL,NULL,NULL,NULL,41,'4133303045',NULL),(29,'Empresa de Saneamento do Mato Grosso do Sul S.A.','SANESUL','www.sanesul.ms.gov.br',NULL,NULL,NULL,NULL,NULL,50,'6733187707',NULL),(30,'Associação das Empresas de Saneamento Básico Estaduais','Aesbe','www.aesbe.org.br',NULL,NULL,NULL,NULL,NULL,53,'6133264888',NULL),(31,'Departamento Estadual de Pavimentação e Saneamento','DEPASA','www.ac.gov.br/wps/portal/depasa/depasa/principal',NULL,NULL,NULL,NULL,NULL,12,'6832441490',NULL);
/*!40000 ALTER TABLE `tb_aesbe_empresa` ENABLE KEYS */;
UNLOCK TABLES;

--
-- Table structure for table `tb_aesbe_esp_classe`
--

DROP TABLE IF EXISTS `tb_aesbe_esp_classe`;
/*!40101 SET @saved_cs_client     = @@character_set_client */;
/*!40101 SET character_set_client = utf8 */;
CREATE TABLE `tb_aesbe_esp_classe` (
  `co_esp_classe` int(11) NOT NULL AUTO_INCREMENT,
  `ds_esp_classe` text NOT NULL,
  PRIMARY KEY (`co_esp_classe`)
) ENGINE=InnoDB AUTO_INCREMENT=17 DEFAULT CHARSET=utf8;
/*!40101 SET character_set_client = @saved_cs_client */;

--
-- Dumping data for table `tb_aesbe_esp_classe`
--

LOCK TABLES `tb_aesbe_esp_classe` WRITE;
/*!40000 ALTER TABLE `tb_aesbe_esp_classe` DISABLE KEYS */;
INSERT INTO `tb_aesbe_esp_classe` VALUES (1,'APLICACAO: UNIAO DE TUBOS DE MESMO MATERIAL OU NA UNIAO DE TUBOS DE\nDIFERENTES MATERIAIS.\nMATERIAIS :\n- DO CORPO: FERRO FUNDIDO NODULAR DIN GGG 50.\n- DOS ELEMENTOS DE FIXACAO: ACO CARBONO COM REVESTIMENTO A BASE DE ZINCO\n(GALVANIZADO A FOGO).\n- DA VEDACAO: JUNTA DE ELASTOMERO VULCANIZADO.\n- REVESTIMENTO EXTERNO E INTERNO: RILSAN NYLON 11 T 26 OU EPOXI POLIAMIDA. \nPRESSAO MINIMA DE TRABALHO: PN 16. \nNOTAS:\nNA SUPERFICIE EXTERNA DEVEM ESTAR GRAVADAS, DE FORMA VISIVEL E INDELEVEL,\nAS SEGUINTES INFORMACOES:\n- NOME OU MARCA DO FABRICANTE;\n- DIAMETRO NOMINAL (DN);\n- PRESSAO NOMINAL.(PN)'),(2,'CONFORME NORMA SABESP NTS 175'),(3,'CONFORME NORMA TECNICA SABESP - NTS 179'),(4,'FUNCAO: TAMPONAR POCO DE VISITA E DE INSPECAO\n APLICACAO: SISTEMA COLETOR DE ESGOTO OU SISTEMA DE DISTRIBUICAO DE AGUA\n NORMA DE FABRICACAO: NBR 10160\n NORMA COMPLEMENTAR: NTS 033\n CLASSIFICACAO: CLASSE D 400, ABNT 10160, ITEM 4.2.4\n MATERIAL: FERRO FUNDIDO CLASSE FE 50007,ABNT 10160, ITEM 5.1.1'),(5,'HIDROMETRO TAQUIMETRICO COM EXTREMIDADES ROSCADAS\nESPECIFICACAO TECNICA SABESP\nUTILIZACAO: EM INSTALACOES PREDIAIS DE AGUA \nTEMPERATURA DE SERVICO: MAXIMA DE 40 GRAUS CENTIGRADOS\nPRESSAO DE SERVICO: ATE 1 MPA (100 MCA)\nNORMA DE RECEBIMENTO: SABESP HID-011 - ESPECIFICACAO TECNICA'),(6,'PROJETO E APLICACAO NTS 189\n FABRICACAO:\n NORMA TECNICA SABESP - NTS 194 PARA TUBOS COM DE 63 A DE 630.\n NORMA ABNT - NBR 15561 PARA TUBOS COM DE 710 A DE 1600.\n NORMA ISO 4427 PARA TUBOS DE 1200 A DE 2000 E CLASSES DE PRESSAO NAO\n CONTEMPLADAS PELA 15561.\n OBSERVACAO: O COMPRIMENTO DOS TUBOS DEVE SER ESPECIFICADO PELA UNIDADE\nREQUISITANTE.'),(7,'TUBO PVC COM PONTA E BOLSA JUNTA ELASTICA\nNORMA DE FABRICACAO: ABNT NBR 7665/07.\nMATERIAL: COMPOSTO DE POLI CLORETO DE VINILA - PVC 12\nEXTREMIDADES: PONTA E BOLSA PARA JUNTA ELASTICA\nANEL DE VEDACAO : INTEGRADO AO TUBO OU DO TIPO REMOVIVEL\nELASTOMERO DO ANEL DE VEDACAO : EPDM\nUTILIZACAO: ADUTORAS E REDES DE AGUA\nNOTAS:\n- DEVE SER FORNECIDO ANEL DE VEDACAO E PASTA LUBRIFICANTE\n- OS MATERIAIS DEVEM SER INSPECIONADOS CONFORME NORMA ABNT NBR 7665/07.\n-VETADO O TRANSPORTE E A ENTREGA DE TUBOS ENVELOPADOS, OU SEJA,\nTUBOS DE DIAMETROS MENORES INSERIDOS DENTRO DE TUBOS DE DIAMETROS MAIORES.\nOS TUBOS DEVEM SER ACONDICIONADOS, TRANSPORTADOS E ENTREGUES DE\nMANEIRA A EVITAR DANOS AOS TUBOS, NAS BOLSAS E NOS ANEIS DE VEDACAO.\nO FORNECEDOR E RESPONSAVEL PELA INTEGRIDADE FISICA E FUNCIONAL\nDO MATERIAL FORNECIDO.'),(8,'TUBO PVC RIGIDO COM PONTA E BOLSA JUNTA ELASTICA INTEGRADO\nMATERIAL: COMPOSTO DE POLI (CLORETO DE VINILA) PVC 6,3\nEXTREMIDADES: PONTA E BOLSA PARA JUNTA ELASTICA INTEGRADA\nVEDACAO: ANEL DE ELASTOMERO INTEGRADO A BOLSA\nUTILIZACAO: ADUTORAS E REDES DE AGUA.\nNOTAS:\n- DEVE SER FORNECIDO ANEL DE VEDACAO INTEGRADO A BOLSA E PASTA LUBRIFICANTE\n- OS MATERIAIS DEVEM SER INSPECIONADOS NOS EXAMES E ENSAIOS CONFORME NORMAS\n VIGENTES E EXIGENCIAS COMPLEMENTARES DA NORMA TECNICA SABESP NTS 187.\n- VETADO O TRANSPORTE E A ENTREGA DE TUBOS ENVELOPADOS, OU SEJA,\nTUBOS DE DIAMETROS MENORES INSERIDOS DENTRO DE TUBOS DE DIAMETROS MAIORES.\nOS TUBOS DEVEM SER ACONDICIONADOS, TRANSPORTADOS E ENTREGUES DE\nMANEIRA A EVITAR DANOS AOS TUBOS, NAS BOLSAS E NOS ANEIS DE VEDACAO.\nO FORNECEDOR E RESPONSAVEL PELA INTEGRIDADE FISICA E FUNCIONAL\nDO MATERIAL FORNECIDO.'),(9,'TUBO PVC RIGIDO COM PONTA E BOLSA JUNTA ELASTICA INTEGRADO PARA\nCOLETOR DE ESGOTO\nMATERIAL: COMPOSTO DE POLI (CLORETO DE VINILA) PVC RIGIDO\nNORMA DE FABRICACAO: NBR 7362-1\nEXTREMIDADES: PONTA E BOLSA JUNTA ELASTICA INTEGRADA\nVEDACAO: ANEL DE ELASTOMERO INTEGRADO A BOLSA\nNORMA: NBR 7362-1 - ANEXO A\nUTILIZACAO: REDE COLETORA DE ESGOTO \nNOTA (S):\n- DEVE SER FORNECIDO ANEL DE VEDACAO INTEGRADO A BOLSA E PASTA LUBRIFICANTE\n- OS MATERIAIS DEVEM SER INSPECIONADOS NOS EXAMES E ENSAIOS CONFORME NORMAS\n VIGENTES E EXIGENCIAS COMPLEMENTARES NORMA TECNICA SABESP NTS 187.\n- VETADO O TRANSPORTE E A ENTREGA DE TUBOS ENVELOPADOS, OU SEJA,\nTUBOS DE DIAMETROS MENORES INSERIDOS DENTRO DE TUBOS DE DIAMETROS MAIORES.\nOS TUBOS DEVEM SER ACONDICIONADOS, TRANSPORTADOS E ENTREGUES DE\nMANEIRA A EVITAR DANOS AOS TUBOS, NAS BOLSAS E NOS ANEIS DE VEDACAO.\nO FORNECEDOR E RESPONSAVEL PELA INTEGRIDADE FISICA E FUNCIONAL\nDO MATERIAL FORNECIDO.'),(10,'UTILIZACAO: ADUTORAS E REDE DE AGUA POTAVEL\n APLICACAO: TRANSPORTE E DISTRIBUICAO DE AGUA\n NORMAS DE FABRIC.CONF. ISO-2531 E EN-545\n REVESTIMENTO INTERNO: ARGAMASSA DE CIMENTO CONF.NORMAS ISO-4179\n E ISOI-16132\n REVESTIMENTO EXTERNO: ZINCOMETALICO COM ACABAMENTO EM \nREVESTIMENTO ANTICORROSIVO ISO-8179/2\n BOLSAS COM ANEIS PARA JUNTA ELASTICA: CONFORME NORMA EM 681-1\n RASTREABILIDADE: OS TUBOS DEVEM APRESENTAR MARCACOES E \n RASTREABILIDADE DE FORMA VISIVEL E INDELEVEL NAS BOLSAS; \n NOTAS(S):\n . O MATERIAL DEVE SER FORNECIDO C/ COMPRIMENTO UTIL MINIMO\n DE 5,5(CINCO E MEIO)METROS, CONFORME NORMAS VIGENTES.\n . OS MATERIAIS DEVEM ATENDER E SER INSPECIONADOS CONFORME\n NORMAS VIGENTES'),(11,'UTILIZACAO: ADUTORAS E REDES DE AGUA POTAVEL\nCOMPOSTO DE:\n-CORPO EM FERRO FUNDIDO DUCTIL \n-CINTA E PARAFUSOS EM ACO INOX \n-ELEMENTO DE VEDACAO EM BORRACHA EPDM\n-FABRICACAO E ENSAIOS CONFORME NTS 182\nNOTAS:\n- DEVERA SER GRAVADO EM ALTO RELEVO:\nA) NOME OU MARCA DO FABRICANTE\nB) DIAMETRO NOMINAL (DN) DA TUBULACAO QUANDO EXCLUSIVA \nC) DIAMETRO NOMINAL (DN) DA DERIVACAO (SAIDA ROSQUEADA)\nOBS: ESTE MATERIAL DEVERA SER INSPECIONADO NO FORNECEDOR \nCONFORME NORMAS ESPECIFICAS'),(12,'UTILIZACAO: ADUTORAS E REDES DE AGUA POTAVEL.\nNORMA: ABNT NBR 7675.\nREVESTIMENTO INTERNO: ARGAMASSA DE CIMENTO.\nREVESTIMENTO EXTERNO: ZINCO E ESMALTE BETUMINOSO ANTICORROSIVO\nOU LIGA ZN-AL COM EPOXI.\nNOTA(S):\n- O MATERIAL DEVE SER FORNECIDO COM COMPRIMENTO UTIL DE 6(SEIS)METROS,\n NO MINIMO, CONFORME NORMA VIGENTE.\n- DEVEM SER FORNECIDOS OS ACESSORIOS CONFORME NORMAS.\n- OS MATERIAIS DEVEM ATENDER E SER INSPECIONADOS CONFORME NORMAS VIGENTES.'),(13,'UTILIZACAO: ADUTORAS E REDES DE AGUA POTAVEL.\nNORMA: ABNT NBR 7675.\nREVESTIMENTO INTERNO: ARGAMASSA DE CIMENTO.\nREVESTIMENTO EXTERNO: ZINCO E ESMALTE BETUMINOSO ANTICORROSIVO OU\n LIGA ZN-AL COM EPOXI.\nNOTA(S):\n- O MATERIAL DEVE SER FORNECIDO COM COMPRIMENTO UTIL DE 6(SEIS)METROS,\n NO MINIMO, CONFORME NORMA VIGENTE.\n- DEVEM SER FORNECIDOS OS ACESSORIOS CONFORME NORMAS.\n- OS MATERIAIS DEVEM ATENDER E SER INSPECIONADOS CONFORME NORMAS VIGENTES.'),(14,'UTILIZACAO: COLETORES DE ESGOTO.\nNORMA: ABNT NBR 15420.\nREVESTIMENTO INTERNO: ARGAMASSA DE CIMENTO ALUMINOSO.\nREVESTIMENTO EXTERNO: ZINCO E PINTURA EPOXI VERMELHA.\nREVESTIMENTO INTERIOR DA BOLSA: PINTURA EPOXI.\nNOTA(S):\n- O MATERIAL DEVE SER FORNECIDO COM COMPRIMENTO UTIL DE 6(SEIS)METROS,\n NO MINIMO, CONFORME NORMA VIGENTE.\n- DEVEM SER FORNECIDOS OS ACESSORIOS CONFORME NORMAS.\n- OS MATERIAIS DEVEM ATENDER E SER INSPECIONADOS CONFORME NORMAS VIGENTES.'),(15,'UTILIZACAO: EM LIGACOES PREDIAIS DE ESGOTO\n-NORMA: ABNT NBR 10570\n-CONFIGURACAO BASICA DO SELIM: COMPOSTO POR CORPO E SISTEMA DE FIXACAO:\n .CORPO: CONSTITUIDO DE DERIVACAO TIPO PONTA OU BOLSA COM  JUNTA ELASTICA PARA ACOPLAMENTO AO RAMAL PREDIAL DN 100 E \nPARTES ARTICULADAS OU FLEXIVEIS QUE PERMITAM O SEU  ENVOLVIMENTO AO COLETOR DA REDE \n. SISTEMA DE FIXACAO: TRAVAS, PARAFUSOS, CINTAS OU ABRACADEIRAS.\n CASO EXISTA ELEMENTO DE ENCAIXE NO FURO DO COLETOR ESTE NAO DEVE ULTRAPASSAR A SUA PAREDE EM MAIS DE 10 MM.\n .CASO SEJAM UTILIZADOS MATERIAIS METALICOS TAIS COMO:\n ABRACADEIRA, PARAFUSOS, PORCAS E ARRUELAS, ESSES MATERIAIS DEVERAO  SER DE ACO INOXIDAVEL AISI 304 L OU SUPERIOR.\nENSAIOS DE INSPECAO:\n.VISUAL: CORHOMOGENEA E ACABAMENTO ISENTO DE BOLHAS, REBARBAS  OU FISSURAS\n .MARCACOES DE FORMA VISIVEL E RESISTENTE: ALTO OU BAIXO RELEVO\n- MARCA OU NOME DO FABRICANTE\n- DIAMETRO DO RAMAL E DO TUBO COLETOR ONDE SERA INSTALADO O SELIM\n- RASTREABILIDADE: MES/ANO\n- NUMERO DA NORMA: NBR 10570 \n. DIMENSIONAL: PROFUNDIDADE MINIMA DA BOLSA OU COMPRIMENTO MINIMO DA PONTA, DIAMETRO INTERNO E ESPESSURA MINIMA DA PAREDE DA BOLSA; CANALETA DA JUNTA ELASTICA PARA ANEIS REMOVIVEIS  COM DIMENSOES CONFORME TABELA 2 DA NBR 7362 (JERI) OU DIMENSOES COMPATIVEIS COM ANEIS TOROIDAIS\n.SIMULAR A INSTALACAO NOS TUBOS DE PVC MACICO E CERAMICO  INCLUINDO FURO\n.O ANEL DA JUNTA ELASTICA E O ELEMENTO DE VEDACAO ENTRE O SELIM  E TUBO COLETOR NAO DEVE SOLTAR-SE DA SUA SEDE DURANTE O PROCESSO DE INSTALACAO\n.VERIFICAR A FIXACAO DO SELIM AO COLETOR. ESTE NAO DEVE APRESENTAR MOBILIDADE RADIAL OU AXIAL\n.VERIFICAR A ESTANQUEIDADE DO SELIM INSTALADO NOS COLETORES PVC  E CERAMICO CONFORME ITEM 5.3.1 DA NBR 7362 COM DEFLEXAO ANGULAR  MAIOR OU IGUAL A 2 GRAUS;\n- MATERIAL DO CORPO DO SELIM: PVC, POLIPROPILENO OU OUTRO  COMPOSTO ADEQUADO A UTILIZACAO EM ESGOTO\n- MATERIAL DE VEDACAO UTILIZADO NO ANEL DA BOLSA E ENTRE O SELIM E TUBO COLETOR: BORRACHA NITRILICA CONFORME TABELA 3 DA  NTS 234 OU TABELA 2A NTS 198; POLIURETANO OU OUTRO ELASTOMERO  /POLIMERO RESISTENTE AO ESGOTO\n- O SELIM DEVE SER FORNECIDO EM EMBALAGEM PLASTICA, COM TODOS OS ANEIS DE VEDACAO NECESSARIOS A ESTANQUEIDADE REQUERIDA, MANUAL ONDE CONSTE INSTRUCOES DE MONTAGEM, COMPONENTES DO SELIM, EQUIPAMENTOS E MATERIAIS PARA INSTALACAO'),(16,'UTILIZACAO: RAMAIS PREDIAIS DE AGUA\nNORMA: NORMA TECNICA SABESP NTS 048 - ESPECIFICACAO\nCOR : AZUL');
/*!40000 ALTER TABLE `tb_aesbe_esp_classe` ENABLE KEYS */;
UNLOCK TABLES;

--
-- Table structure for table `tb_aesbe_esp_serie`
--

DROP TABLE IF EXISTS `tb_aesbe_esp_serie`;
/*!40101 SET @saved_cs_client     = @@character_set_client */;
/*!40101 SET character_set_client = utf8 */;
CREATE TABLE `tb_aesbe_esp_serie` (
  `co_esp_serie` int(11) NOT NULL AUTO_INCREMENT,
  `ds_esp_serie` text NOT NULL,
  PRIMARY KEY (`co_esp_serie`)
) ENGINE=InnoDB AUTO_INCREMENT=3 DEFAULT CHARSET=utf8;
/*!40101 SET character_set_client = @saved_cs_client */;

--
-- Dumping data for table `tb_aesbe_esp_serie`
--

LOCK TABLES `tb_aesbe_esp_serie` WRITE;
/*!40000 ALTER TABLE `tb_aesbe_esp_serie` DISABLE KEYS */;
INSERT INTO `tb_aesbe_esp_serie` VALUES (1,'- ABRANGE TUBULACOES COM DIAMETROS EXTERNOS ATE 176MM.\n - ADEQUACAO DO DIAMETRO A SER UTILIZADO FEITA ATRAVES \nDOS FUROS DISTRIBUIDOS NO PERIMETRO DA CINTA.\n - OS FUROS NA CINTA DEVERAO TER IDENTIFICACAO VISIVEL \nE INDELEVEL DO DIAMETRO APLICADO(DN)'),(2,'DIAMETRO NOMINAL: DN');
/*!40000 ALTER TABLE `tb_aesbe_esp_serie` ENABLE KEYS */;
UNLOCK TABLES;

--
-- Table structure for table `tb_aesbe_fornecedor`
--

DROP TABLE IF EXISTS `tb_aesbe_fornecedor`;
/*!40101 SET @saved_cs_client     = @@character_set_client */;
/*!40101 SET character_set_client = utf8 */;
CREATE TABLE `tb_aesbe_fornecedor` (
  `co_fornecedor` int(11) NOT NULL AUTO_INCREMENT,
  `no_fornecedor` varchar(200) NOT NULL,
  `nu_cnpj` char(14) NOT NULL,
  `no_representante` varchar(100) DEFAULT NULL,
  PRIMARY KEY (`co_fornecedor`),
  UNIQUE KEY `nu_cnpj_UNIQUE` (`nu_cnpj`)
) ENGINE=InnoDB AUTO_INCREMENT=6 DEFAULT CHARSET=utf8;
/*!40101 SET character_set_client = @saved_cs_client */;

--
-- Dumping data for table `tb_aesbe_fornecedor`
--

LOCK TABLES `tb_aesbe_fornecedor` WRITE;
/*!40000 ALTER TABLE `tb_aesbe_fornecedor` DISABLE KEYS */;
INSERT INTO `tb_aesbe_fornecedor` VALUES (5,'SAINT GOBAIN CANALIZAÇÃO LTDA','62330665000110',NULL);
/*!40000 ALTER TABLE `tb_aesbe_fornecedor` ENABLE KEYS */;
UNLOCK TABLES;

--
-- Table structure for table `tb_aesbe_funcionalidade`
--

DROP TABLE IF EXISTS `tb_aesbe_funcionalidade`;
/*!40101 SET @saved_cs_client     = @@character_set_client */;
/*!40101 SET character_set_client = utf8 */;
CREATE TABLE `tb_aesbe_funcionalidade` (
  `co_funcionalidade` int(11) NOT NULL AUTO_INCREMENT,
  `no_funcionalidade` varchar(45) NOT NULL,
  `no_funcionalidade_visivel` varchar(45) NOT NULL,
  `st_funcionalidade_visivel` tinyint(1) NOT NULL,
  `st_ativo` tinyint(1) NOT NULL,
  `ds_metodo_http` varchar(45) NOT NULL,
  `co_modulo` int(11) NOT NULL,
  `ds_controller` varchar(45) NOT NULL,
  `no_agrupador` varchar(45) DEFAULT NULL,
  PRIMARY KEY (`co_funcionalidade`),
  KEY `fk_tb_aesbe_funcionalidade_tb_aesbe_modulo1_idx` (`co_modulo`),
  CONSTRAINT `fk_tb_aesbe_funcionalidade_tb_aesbe_modulo1` FOREIGN KEY (`co_modulo`) REFERENCES `tb_aesbe_modulo` (`co_modulo`) ON DELETE NO ACTION ON UPDATE NO ACTION
) ENGINE=InnoDB AUTO_INCREMENT=6 DEFAULT CHARSET=utf8;
/*!40101 SET character_set_client = @saved_cs_client */;

--
-- Dumping data for table `tb_aesbe_funcionalidade`
--

LOCK TABLES `tb_aesbe_funcionalidade` WRITE;
/*!40000 ALTER TABLE `tb_aesbe_funcionalidade` DISABLE KEYS */;
INSERT INTO `tb_aesbe_funcionalidade` VALUES (1,'bancoPreco.propostaMaterialPrincipal','Pesquisar Preço',1,1,'GET',1,'proposta-dados','Material'),(2,'bancoPreco.propostaMaterialImportarDados','Importar Planilha de Materiais',1,1,'POST',1,'arquivo-proposta','Importação de Materiais'),(3,'bancoPreco.propostaMaterialListaImportados','Lista de Arquivos Importados',1,1,'GET',1,'arquivo-proposta','Importação de Materiais'),(4,'bancoPreco.propostaMaterialListar','Meus Preços',1,1,'GET',1,'proposta-dados','Material'),(5,'bancoPreco.fornecedorPrincipal','Listar',1,1,'GET',1,'fornecedor','Fornecedor');
/*!40000 ALTER TABLE `tb_aesbe_funcionalidade` ENABLE KEYS */;
UNLOCK TABLES;

--
-- Table structure for table `tb_aesbe_material`
--

DROP TABLE IF EXISTS `tb_aesbe_material`;
/*!40101 SET @saved_cs_client     = @@character_set_client */;
/*!40101 SET character_set_client = utf8 */;
CREATE TABLE `tb_aesbe_material` (
  `co_material` int(11) NOT NULL AUTO_INCREMENT,
  `co_unidade_medida` int(11) NOT NULL,
  `no_basico` varchar(100) NOT NULL,
  `nu_sabesp` double DEFAULT NULL,
  `co_esp_serie` int(11) DEFAULT NULL,
  `co_esp_classe` int(11) DEFAULT NULL,
  `co_descricao` int(11) DEFAULT NULL,
  PRIMARY KEY (`co_material`),
  KEY `fk_tb_aesbe_produto_tb_aesbe_unidade_medida1_idx` (`co_unidade_medida`),
  KEY `fk_tb_aesbe_produto_tb_aesbe_esp_classe1_idx` (`co_esp_classe`),
  KEY `fk_tb_aesbe_produto_tb_aesbe_esp_serie1_idx` (`co_esp_serie`),
  KEY `fk_tb_aesbe_produto_tb_aesbe_descricao1_idx` (`co_descricao`),
  CONSTRAINT `fk_tb_aesbe_produto_tb_aesbe_descricao1` FOREIGN KEY (`co_descricao`) REFERENCES `tb_aesbe_descricao` (`co_descricao`) ON DELETE NO ACTION ON UPDATE NO ACTION,
  CONSTRAINT `fk_tb_aesbe_produto_tb_aesbe_esp_classe1` FOREIGN KEY (`co_esp_classe`) REFERENCES `tb_aesbe_esp_classe` (`co_esp_classe`) ON DELETE NO ACTION ON UPDATE NO ACTION,
  CONSTRAINT `fk_tb_aesbe_produto_tb_aesbe_esp_serie1` FOREIGN KEY (`co_esp_serie`) REFERENCES `tb_aesbe_esp_serie` (`co_esp_serie`) ON DELETE NO ACTION ON UPDATE NO ACTION,
  CONSTRAINT `fk_tb_aesbe_produto_tb_aesbe_unidade_medida1` FOREIGN KEY (`co_unidade_medida`) REFERENCES `tb_aesbe_unidade_medida` (`co_unidade_medida`) ON DELETE NO ACTION ON UPDATE NO ACTION
) ENGINE=InnoDB AUTO_INCREMENT=126 DEFAULT CHARSET=utf8;
/*!40101 SET character_set_client = @saved_cs_client */;

--
-- Dumping data for table `tb_aesbe_material`
--

LOCK TABLES `tb_aesbe_material` WRITE;
/*!40000 ALTER TABLE `tb_aesbe_material` DISABLE KEYS */;
INSERT INTO `tb_aesbe_material` VALUES (1,4,'JUNTA FF DUCTIL C/BOLSAS ADAPTAVEL P/VARIACAO DIAMETRAL',4036000128,NULL,1,1),(2,4,'TE DE SERVICO INTEGRADO - NTS 175',7047800323,NULL,2,56),(3,4,'TE DE SERVICO INTEGRADO - NTS 175',7047800773,NULL,2,66),(4,4,'TE DE SERVICO INTEGRADO - NTS 175',7047800797,NULL,2,23),(5,4,'TE DE SERVICO INTEGRADO - NTS 175',7047800347,NULL,2,21),(6,4,'TE DE SERVICO INTEGRADO - NTS 175',7047800335,NULL,2,20),(7,4,'TE DE SERVICO INTEGRADO - NTS 175',7047800785,NULL,2,22),(8,4,'TE DE SERVICO INTEGRADO - NTS 175',7047801030,NULL,2,14),(9,4,'TE DE SERVICO INTEGRADO - NTS 175',7047800207,NULL,2,55),(10,4,'TE DE SERVICO INTEGRADO - NTS 175',7047801005,NULL,2,26),(11,4,'TE DE SERVICO INTEGRADO - NTS 175',7047801042,NULL,2,15),(12,4,'TE DE SERVICO INTEGRADO - NTS 175',7047800750,NULL,2,65),(13,4,'ADAPTADOR PP P/TUBO PE - NTS 179',7005200203,NULL,3,16),(14,4,'ADAPTADOR PP P/TUBO PE - NTS 179',7005200320,NULL,3,17),(15,4,'TAMPAO ARTICULADO FF',4064106018,NULL,4,62),(16,4,'HIDROMETRO TAQUIMETRICO EXTREMIDADES ROSCADAS',12010003358,NULL,5,41),(17,4,'HIDROMETRO TAQUIMETRICO EXTREMIDADES ROSCADAS',12010001258,NULL,5,42),(18,4,'HIDROMETRO TAQUIMETRICO EXTREMIDADES ROSCADAS',12010001210,NULL,5,39),(19,4,'HIDROMETRO TAQUIMETRICO EXTREMIDADES ROSCADAS',12010001003,NULL,5,46),(20,4,'HIDROMETRO TAQUIMETRICO EXTREMIDADES ROSCADAS',12010001192,NULL,5,40),(21,1,'TUBO DE POLIETILENO - PE 100- AGUA',7029405916,NULL,6,13),(22,1,'TUBO DE POLIETILENO - PE 100- AGUA',7029405564,NULL,6,19),(23,1,'TUBO DE POLIETILENO - PE 100- AGUA',7029405904,NULL,6,24),(24,1,'TUBO DE POLIETILENO - PE 100- AGUA',7029405450,NULL,6,18),(25,1,'TUBO PVC 12 DEFOFO JEI/JERI - NBR 7665/07',7066500200,NULL,7,44),(26,1,'TUBO PVC 12 DEFOFO JEI/JERI - NBR 7665/07',7066500250,NULL,7,48),(27,1,'TUBO PVC 12 DEFOFO JEI/JERI - NBR 7665/07',7066500303,NULL,7,50),(28,1,'TUBO PVC 12 DEFOFO JEI/JERI - NBR 7665/07',7066500157,NULL,7,35),(29,1,'TUBO PVC 12 DEFOFO JEI/JERI - NBR 7665/07',7066500108,NULL,7,30),(30,1,'TUBO PVC RIGIDO PBJEI/JERI - NBR 5647-1',7002700650,NULL,8,58),(31,1,'TUBO PVC RIGIDO PBJEI/JERI - NBR 5647-1',7002700958,NULL,8,69),(32,1,'TUBO PVC RIGIDO PBJEI/JERI - NBR 5647-1',7002701203,NULL,8,29),(33,1,'TUBO PVC RIGIDO PBJEI/JERI - NBR 5647-1',7002700909,NULL,8,68),(34,1,'TUBO PVC RIGIDO PBJEI/JERI - NBR 5647-1',7002701653,NULL,8,33),(35,1,'TUBO PVC RIGIDO PBJEI/JERI - NBR 5647-1',7002701150,NULL,8,28),(36,1,'TUBO PVC RIGIDO PBJEI/JERI - NBR 5647-1',7002700703,NULL,8,59),(37,1,'TUBO PVC RIGIDO PBJEI/JERI P/COLETOR ESGOTO - NBR 7362-1',7061304350,NULL,9,96),(38,1,'TUBO PVC RIGIDO PBJEI/JERI P/COLETOR ESGOTO - NBR 7362-1',7061304258,NULL,9,94),(39,1,'TUBO PVC RIGIDO PBJEI/JERI P/COLETOR ESGOTO - NBR 7362-1',7061304209,NULL,9,93),(40,1,'TUBO PVC RIGIDO PBJEI/JERI P/COLETOR ESGOTO - NBR 7362-1',7061304404,NULL,9,97),(41,1,'TUBO PVC RIGIDO PBJEI/JERI P/COLETOR ESGOTO - NBR 7362-1',7061304155,NULL,9,92),(42,1,'TUBO PVC RIGIDO PBJEI/JERI P/COLETOR ESGOTO - NBR 7362-1',7061304301,NULL,9,95),(43,1,'TUBO PVC RIGIDO PBJEI/JERI P/COLETOR ESGOTO - NBR 7362-1',7061304106,NULL,9,91),(44,1,'TUBO FF DUCTIL K9 REV INT CIM C/PONTA E BOLSA JE EN 681-1 P/AGUA',4004000104,2,10,25),(45,1,'TUBO FF DUCTIL K7 REV.INT CIM C/PONTA E BOLSA JE EN 681-1 AGUA',4003900202,2,10,43),(46,1,'TUBO FF DUCTIL K7 REV.INT CIM C/PONTA E BOLSA JE EN 681-1 AGUA',4003900159,2,10,34),(47,4,'COLAR DE TOMADA FF C/ CINTA INOX',4010109015,1,11,88),(48,1,'TUBO FF DUCTIL K 7 REV INT CIM C/PONTA E BOLSA JE2GS',4003100255,2,13,47),(49,1,'TUBO FF DUCTIL K 7 REV INT CIM C/PONTA E BOLSA JE2GS',4003100152,2,13,34),(50,1,'TUBO FF DUCTIL K 7 REV INT CIM C/PONTA E BOLSA JE2GS',4003100450,2,13,53),(51,1,'TUBO FF DUCTIL K 7 REV INT CIM C/PONTA E BOLSA JE2GS',4003100358,2,13,51),(52,1,'TUBO FF DUCTIL K 7 REV INT CIM C/PONTA E BOLSA JE2GS',4003100607,2,13,61),(53,1,'TUBO FF DUCTIL K 7 REV INT CIM C/PONTA E BOLSA JE2GS',4003100504,2,13,60),(54,1,'TUBO FF DUCTIL K 7 REV INT CIM C/PONTA E BOLSA JE2GS',4003100309,2,13,49),(55,1,'TUBO FF DUCTIL K 7 REV INT CIM C/PONTA E BOLSA JE2GS',4003100206,2,13,43),(56,1,'TUBO FF DUCTIL K 7 REV INT CIM C/PONTA E BOLSA JE2GS',4003100401,2,13,52),(57,1,'TUBO FF DUCTIL K 9 REV INT CIM C/PONTA E BOLSA JE2GS',4003300254,NULL,12,47),(58,1,'TUBO FF DUCTIL K 9 REV INT CIM C/PONTA E BOLSA JE2GS',4003300084,2,12,70),(59,1,'TUBO FF DUCTIL K 9 REV INT CIM C/PONTA E BOLSA JE2GS',4003300400,2,12,52),(60,1,'TUBO FF DUCTIL K 9 REV INT CIM C/PONTA E BOLSA JE2GS',4003300606,2,12,61),(61,1,'TUBO FF DUCTIL K 9 REV INT CIM C/PONTA E BOLSA JE2GS',4003300102,2,12,25),(62,1,'TUBO FF DUCTIL K 9 REV INT CIM C/PONTA E BOLSA JE2GS',4003300151,2,12,34),(63,1,'TUBO FF DUCTIL K 7 REV INT CIM C/PONTA E BOLSA JE P/ESGOTO',4080500702,2,14,63),(64,1,'TUBO FF DUCTIL K 9 REV INT CIM C/PONTA E BOLSA JE2GS P/ESGOTO',4080600306,2,14,49),(65,1,'TUBO FF DUCTIL K 9 REV INT CIM C/PONTA E BOLSA JE2GS P/ESGOTO',4080600100,2,14,25),(66,1,'TUBO FF DUCTIL K 7 REV INT CIM C/PONTA E BOLSA JE P/ESGOTO',4080500258,2,14,47),(67,1,'TUBO FF DUCTIL K 7 REV INT CIM C/PONTA E BOLSA JE P/ESGOTO',4080500404,2,14,52),(68,1,'TUBO FF DUCTIL K 7 REV INT CIM C/PONTA E BOLSA JE P/ESGOTO',4080500805,2,14,71),(69,1,'TUBO FF DUCTIL K 7 REV INT CIM C/PONTA E BOLSA JE P/ESGOTO',4080500350,2,14,51),(70,1,'TUBO FF DUCTIL K 9 REV INT CIM C/PONTA E BOLSA JE2GS P/ESGOTO',4080600082,2,14,70),(71,1,'TUBO FF DUCTIL K 7 REV INT CIM C/PONTA E BOLSA JE P/ESGOTO',4080500301,2,14,49),(72,1,'TUBO FF DUCTIL K 7 REV INT CIM C/PONTA E BOLSA JE P/ESGOTO',4080500507,2,14,60),(73,1,'TUBO FF DUCTIL K 7 REV INT CIM C/PONTA E BOLSA JE P/ESGOTO',4080500155,2,14,34),(74,1,'TUBO FF DUCTIL K 7 REV INT CIM C/PONTA E BOLSA JE P/ESGOTO',4080501007,2,14,32),(75,1,'TUBO FF DUCTIL K 7 REV INT CIM C/PONTA E BOLSA JE P/ESGOTO',4080500209,2,14,43),(76,4,'SELIM AJUSTAVEL A TUBOS PVC MACICO E CERAMICO',7085902008,NULL,15,6),(77,4,'SELIM AJUSTAVEL A TUBOS PVC MACICO E CERAMICO',7085901508,NULL,15,5),(78,1,'TUBO POLIETILENO - NTS 048',7004800205,NULL,16,37),(79,3,'CAL HIDRATADA',36026800206,NULL,NULL,98),(80,4,'CONEXOES METALICAS P/ LIGACOES DOMICILIARES',29005500180,NULL,NULL,4),(81,3,'CAL HIDRATADA',36026800012,NULL,NULL,2),(82,3,'CLORO LIQUIDO',36031000180,NULL,NULL,3),(83,3,'SOLUCAO',36088208001,NULL,NULL,7),(84,3,'CLORO LIQUIDO',36031001007,NULL,NULL,8),(85,3,'CLORO LIQUIDO',36031000908,NULL,NULL,9),(86,3,'ACIDO SULFURICO',36006000049,NULL,NULL,10),(87,3,'CAL VIRGEM',36027001003,NULL,NULL,11),(88,4,'CONEXOES METALICAS P/ LIGACOES DOMICILIARES',29005500130,NULL,NULL,12),(89,3,'HIPOCLORITO DE SODIO',36057000150,NULL,NULL,83),(90,4,'HIDROMETRO VOLUMETRICO C/EXTREMIDADES ROSCADAS',12055000154,NULL,NULL,38),(91,3,'SULFATO DE COBRE PENTAHIDRATADO',36084000505,NULL,NULL,74),(92,4,'HIDROMETRO ELETRONICO',12019000010,NULL,NULL,75),(93,3,'CAL HIDRATADA',36026800309,NULL,NULL,76),(94,3,'POLICLORETO DE ALUMINIO',36078400108,NULL,NULL,78),(95,3,'ACIDO FLUOSSILICICO',36004000255,NULL,NULL,82),(96,3,'PEROXIDO DE HIDROGENIO ESTABILIZADO',36077107566,NULL,NULL,79),(97,3,'PEROXIDO DE HIDROGENIO ESTABILIZADO',36077100031,NULL,NULL,80),(98,3,'HIDROXIDO DE SODIO',36056500500,NULL,NULL,86),(99,3,'CONCRETO RESINOSO',17042600404,NULL,NULL,89),(100,3,'CAL VIRGEM',36027000217,NULL,NULL,87),(101,3,'CARBONATO DE SODIO',36028200259,NULL,NULL,99),(102,3,'CLORETO FERRICO',36030500048,NULL,NULL,85),(103,2,'OXIGENIO',36071000101,NULL,NULL,90),(104,3,'FLUOSSILICATO DE SÓDIO',NULL,NULL,NULL,NULL),(105,3,'SULFATO DE ALUMINIO',36083605001,NULL,NULL,77),(106,3,'SULFATO DE ALUMINIO',36083604800,NULL,NULL,81),(107,3,'SULFATO DE ALUMINIO',36083602802,NULL,NULL,73),(108,3,'HIDROXIDO SODIO ESCAMAS,SC 25KG.ONU:1823 ',NULL,NULL,NULL,NULL),(109,4,'REGISTRO ESFERA PVC RIGIDO C/BORBOLETA',45022700200,NULL,NULL,72),(110,1,'TUBO POLIETILENO PE-80 DE   20 MM  (NBR 8417)',NULL,NULL,NULL,NULL),(111,4,'VALVULA GAVETA FF CUNHA MET. REVEST.C/ELASTOMERO C/BOLSAS JE CAB P/PVC',45070000107,NULL,NULL,27),(112,4,'VALVULA GAVETA FF CUNHA MET. REVEST.C/ELASTOMERO C/BOLSAS JE CAB P/PVC',45070000053,NULL,NULL,57),(113,4,'VALVULA GAVETA FF CUNHA MET. REVEST.C/ELASTOMERO C/BOLSAS JE CAB P/PVC',45070000077,NULL,NULL,67),(114,4,'VALVULA GAVETA FF CUNHA MET. REVEST. C/ELASTOMERO C/FLANGES/CABECOTE',45071000151,NULL,NULL,36),(115,4,'VALVULA GAVETA FF CUNHA MET. REVEST. C/ELASTOMERO C/FLANGES/CABECOTE',45071000102,NULL,NULL,31),(116,4,'VALVULA GAVETA FF CUNHA MET. REVEST. C/ELASTOMERO C/FLANGES/CABECOTE',45071000205,NULL,NULL,45),(117,4,'VALVULA GAVETA FF CUNHA MET. REVEST. C/ELASTOMERO C/BOLSAS JE CAB P/FF',45069000251,NULL,NULL,47),(118,4,'VALVULA GAVETA FF CUNHA MET. REVEST. C/ELASTOMERO C/BOLSAS JE CAB P/FF',45069000305,NULL,NULL,49),(119,4,'VALVULA GAVETA FF CUNHA MET. REVEST. C/ELASTOMERO C/BOLSAS JE CAB P/FF',45069000100,NULL,NULL,25),(120,4,'VALVULA GAVETA FF CUNHA MET. REVEST. C/ELASTOMERO C/BOLSAS JE CAB P/FF',45069000081,NULL,NULL,70),(121,4,'VALVULA GAVETA FF CUNHA MET. REVEST. C/ELASTOMERO C/BOLSAS JE CAB P/FF',45069000056,NULL,NULL,54),(122,4,'VALVULA GAVETA FF CUNHA MET. REVEST. C/ELASTOMERO C/BOLSAS JE CAB P/FF',45069000070,NULL,NULL,64),(123,4,'VALVULA GAVETA FF CUNHA MET. REVEST. C/ELASTOMERO C/BOLSAS JE CAB P/FF',45069000159,NULL,NULL,34),(124,4,'VALVULA GAVETA FF CUNHA MET. REVEST. C/ELASTOMERO C/BOLSAS JE CAB P/FF',45069000202,NULL,NULL,43),(125,3,'NITRATO DE AMONIO',36065007527,NULL,NULL,84);
/*!40000 ALTER TABLE `tb_aesbe_material` ENABLE KEYS */;
UNLOCK TABLES;

--
-- Table structure for table `tb_aesbe_modalidade_licitacao`
--

DROP TABLE IF EXISTS `tb_aesbe_modalidade_licitacao`;
/*!40101 SET @saved_cs_client     = @@character_set_client */;
/*!40101 SET character_set_client = utf8 */;
CREATE TABLE `tb_aesbe_modalidade_licitacao` (
  `co_modalidade` int(11) NOT NULL AUTO_INCREMENT,
  `ds_modalidade` varchar(45) NOT NULL,
  PRIMARY KEY (`co_modalidade`)
) ENGINE=InnoDB AUTO_INCREMENT=3 DEFAULT CHARSET=utf8;
/*!40101 SET character_set_client = @saved_cs_client */;

--
-- Dumping data for table `tb_aesbe_modalidade_licitacao`
--

LOCK TABLES `tb_aesbe_modalidade_licitacao` WRITE;
/*!40000 ALTER TABLE `tb_aesbe_modalidade_licitacao` DISABLE KEYS */;
INSERT INTO `tb_aesbe_modalidade_licitacao` VALUES (1,'Pregão'),(2,'Dispensa');
/*!40000 ALTER TABLE `tb_aesbe_modalidade_licitacao` ENABLE KEYS */;
UNLOCK TABLES;

--
-- Table structure for table `tb_aesbe_modulo`
--

DROP TABLE IF EXISTS `tb_aesbe_modulo`;
/*!40101 SET @saved_cs_client     = @@character_set_client */;
/*!40101 SET character_set_client = utf8 */;
CREATE TABLE `tb_aesbe_modulo` (
  `co_modulo` int(11) NOT NULL AUTO_INCREMENT,
  `no_modulo` varchar(45) NOT NULL,
  `no_modulo_visivel` varchar(45) NOT NULL,
  `st_modulo_visivel` tinyint(1) NOT NULL,
  `st_ativo` tinyint(1) NOT NULL,
  `ds_icon` varchar(45) DEFAULT NULL,
  PRIMARY KEY (`co_modulo`)
) ENGINE=InnoDB AUTO_INCREMENT=2 DEFAULT CHARSET=utf8;
/*!40101 SET character_set_client = @saved_cs_client */;

--
-- Dumping data for table `tb_aesbe_modulo`
--

LOCK TABLES `tb_aesbe_modulo` WRITE;
/*!40000 ALTER TABLE `tb_aesbe_modulo` DISABLE KEYS */;
INSERT INTO `tb_aesbe_modulo` VALUES (1,'banco-preco','Banco de Preços',1,1,'fa-bank');
/*!40000 ALTER TABLE `tb_aesbe_modulo` ENABLE KEYS */;
UNLOCK TABLES;

--
-- Table structure for table `tb_aesbe_municipio`
--

DROP TABLE IF EXISTS `tb_aesbe_municipio`;
/*!40101 SET @saved_cs_client     = @@character_set_client */;
/*!40101 SET character_set_client = utf8 */;
CREATE TABLE `tb_aesbe_municipio` (
  `co_municipio` int(11) NOT NULL,
  `sg_uf` varchar(100) NOT NULL,
  `no_municipio` varchar(100) NOT NULL,
  `st_ativo` char(1) NOT NULL,
  `st_capital` char(1) NOT NULL,
  `dt_cadastro` date NOT NULL,
  PRIMARY KEY (`co_municipio`)
) ENGINE=InnoDB DEFAULT CHARSET=utf8;
/*!40101 SET character_set_client = @saved_cs_client */;

--
-- Dumping data for table `tb_aesbe_municipio`
--

LOCK TABLES `tb_aesbe_municipio` WRITE;
/*!40000 ALTER TABLE `tb_aesbe_municipio` DISABLE KEYS */;
INSERT INTO `tb_aesbe_municipio` VALUES (1100015,'RO','Alta Floresta D�Oeste','S','N','2016-08-12'),(1100023,'RO','Ariquemes','S','N','2016-08-12'),(1100031,'RO','Cabixi','S','N','2016-08-12'),(1100049,'RO','Cacoal','S','N','2016-08-12'),(1100056,'RO','Cerejeiras','S','N','2016-08-12'),(1100064,'RO','Colorado do Oeste','S','N','2016-08-12'),(1100072,'RO','Corumbiara','S','N','2016-08-12'),(1100080,'RO','Costa Marques','S','N','2016-08-12'),(1100098,'RO','Espig�o D�Oeste','S','N','2016-08-12'),(1100106,'RO','Guajar�-Mirim','S','N','2016-08-12'),(1100114,'RO','Jaru','S','N','2016-08-12'),(1100122,'RO','Ji-Paran�','S','N','2016-08-12'),(1100130,'RO','Machadinho D�Oeste','S','N','2016-08-12'),(1100148,'RO','Nova Brasil�ndia D�Oeste','S','N','2016-08-12'),(1100155,'RO','Ouro Preto do Oeste','S','N','2016-08-12'),(1100189,'RO','Pimenta Bueno','S','N','2016-08-12'),(1100205,'RO','Porto Velho','S','S','2016-08-12'),(1100254,'RO','Presidente M�dici','S','N','2016-08-12'),(1100262,'RO','Rio Crespo','S','N','2016-08-12'),(1100288,'RO','Rolim de Moura','S','N','2016-08-12'),(1100296,'RO','Santa Luzia D�Oeste','S','N','2016-08-12'),(1100304,'RO','Vilhena','S','N','2016-08-12'),(1100320,'RO','S�o Miguel do Guapor�','S','N','2016-08-12'),(1100338,'RO','Nova Mamor�','S','N','2016-08-12'),(1100346,'RO','Alvorada D�Oeste','S','N','2016-08-12'),(1100379,'RO','Alto Alegre dos Parecis','S','N','2016-08-12'),(1100403,'RO','Alto Para�so','S','N','2016-08-12'),(1100452,'RO','Buritis','S','N','2016-08-12'),(1100502,'RO','Novo Horizonte do Oeste','S','N','2016-08-12'),(1100601,'RO','Cacaul�ndia','S','N','2016-08-12'),(1100700,'RO','Campo Novo de Rond�nia','S','N','2016-08-12'),(1100809,'RO','Candeias do Jamari','S','N','2016-08-12'),(1100908,'RO','Castanheiras','S','N','2016-08-12'),(1100924,'RO','Chupinguaia','S','N','2016-08-12'),(1100940,'RO','Cujubim','S','N','2016-08-12'),(1101005,'RO','Governador Jorge Teixeira','S','N','2016-08-12'),(1101104,'RO','Itapu� do Oeste','S','N','2016-08-12'),(1101203,'RO','Ministro Andreazza','S','N','2016-08-12'),(1101302,'RO','Mirante da Serra','S','N','2016-08-12'),(1101401,'RO','Monte Negro','S','N','2016-08-12'),(1101435,'RO','Nova Uni�o','S','N','2016-08-12'),(1101450,'RO','Parecis','S','N','2016-08-12'),(1101468,'RO','Pimenteiras do Oeste','S','N','2016-08-12'),(1101476,'RO','Primavera de Rond�nia','S','N','2016-08-12'),(1101484,'RO','S�o Felipe D�Oeste','S','N','2016-08-12'),(1101492,'RO','S�o Francisco do Guapor�','S','N','2016-08-12'),(1101500,'RO','Seringueiras','S','N','2016-08-12'),(1101559,'RO','Teixeir�polis','S','N','2016-08-12'),(1101609,'RO','Theobroma','S','N','2016-08-12'),(1101708,'RO','Urup�','S','N','2016-08-12'),(1101757,'RO','Vale do Anari','S','N','2016-08-12'),(1101807,'RO','Vale do Para�so','S','N','2016-08-12'),(1200013,'AC','Acrel�ndia','S','N','2016-08-12'),(1200054,'AC','Assis Brasil','S','N','2016-08-12'),(1200104,'AC','Brasil�ia','S','N','2016-08-12'),(1200138,'AC','Bujari','S','N','2016-08-12'),(1200179,'AC','Capixaba','S','N','2016-08-12'),(1200203,'AC','Cruzeiro do Sul','S','N','2016-08-12'),(1200252,'AC','Epitaciol�ndia','S','N','2016-08-12'),(1200302,'AC','Feij�','S','N','2016-08-12'),(1200328,'AC','Jord�o','S','N','2016-08-12'),(1200336,'AC','M�ncio Lima','S','N','2016-08-12'),(1200344,'AC','Manoel Urbano','S','N','2016-08-12'),(1200351,'AC','Marechal Thaumaturgo','S','N','2016-08-12'),(1200385,'AC','Pl�cido de Castro','S','N','2016-08-12'),(1200393,'AC','Porto Walter','S','N','2016-08-12'),(1200401,'AC','Rio Branco','S','S','2016-08-12'),(1200427,'AC','Rodrigues Alves','S','N','2016-08-12'),(1200435,'AC','Santa Rosa do Purus','S','N','2016-08-12'),(1200450,'AC','Senador Guiomard','S','N','2016-08-12'),(1200500,'AC','Sena Madureira','S','N','2016-08-12'),(1200609,'AC','Tarauac�','S','N','2016-08-12'),(1200708,'AC','Xapuri','S','N','2016-08-12'),(1200807,'AC','Porto Acre','S','N','2016-08-12'),(1300029,'AM','Alvar�es','S','N','2016-08-12'),(1300060,'AM','Amatur�','S','N','2016-08-12'),(1300086,'AM','Anam�','S','N','2016-08-12'),(1300102,'AM','Anori','S','N','2016-08-12'),(1300144,'AM','Apu�','S','N','2016-08-12'),(1300201,'AM','Atalaia do Norte','S','N','2016-08-12'),(1300300,'AM','Autazes','S','N','2016-08-12'),(1300409,'AM','Barcelos','S','N','2016-08-12'),(1300508,'AM','Barreirinha','S','N','2016-08-12'),(1300607,'AM','Benjamin Constant','S','N','2016-08-12'),(1300631,'AM','Beruri','S','N','2016-08-12'),(1300680,'AM','Boa Vista do Ramos','S','N','2016-08-12'),(1300706,'AM','Boca do Acre','S','N','2016-08-12'),(1300805,'AM','Borba','S','N','2016-08-12'),(1300839,'AM','Caapiranga','S','N','2016-08-12'),(1300904,'AM','Canutama','S','N','2016-08-12'),(1301001,'AM','Carauari','S','N','2016-08-12'),(1301100,'AM','Careiro','S','N','2016-08-12'),(1301159,'AM','Careiro da V�rzea','S','N','2016-08-12'),(1301209,'AM','Coari','S','N','2016-08-12'),(1301308,'AM','Codaj�s','S','N','2016-08-12'),(1301407,'AM','Eirunep�','S','N','2016-08-12'),(1301506,'AM','Envira','S','N','2016-08-12'),(1301605,'AM','Fonte Boa','S','N','2016-08-12'),(1301654,'AM','Guajar�','S','N','2016-08-12'),(1301704,'AM','Humait�','S','N','2016-08-12'),(1301803,'AM','Ipixuna','S','N','2016-08-12'),(1301852,'AM','Iranduba','S','N','2016-08-12'),(1301902,'AM','Itacoatiara','S','N','2016-08-12'),(1301951,'AM','Itamarati','S','N','2016-08-12'),(1302009,'AM','Itapiranga','S','N','2016-08-12'),(1302108,'AM','Japur�','S','N','2016-08-12'),(1302207,'AM','Juru�','S','N','2016-08-12'),(1302306,'AM','Juta�','S','N','2016-08-12'),(1302405,'AM','L�brea','S','N','2016-08-12'),(1302504,'AM','Manacapuru','S','N','2016-08-12'),(1302553,'AM','Manaquiri','S','N','2016-08-12'),(1302603,'AM','Manaus','S','S','2016-08-12'),(1302702,'AM','Manicor�','S','N','2016-08-12'),(1302801,'AM','Mara�','S','N','2016-08-12'),(1302900,'AM','Mau�s','S','N','2016-08-12'),(1303007,'AM','Nhamund�','S','N','2016-08-12'),(1303106,'AM','Nova Olinda do Norte','S','N','2016-08-12'),(1303205,'AM','Novo Air�o','S','N','2016-08-12'),(1303304,'AM','Novo Aripuan�','S','N','2016-08-12'),(1303403,'AM','Parintins','S','N','2016-08-12'),(1303502,'AM','Pauini','S','N','2016-08-12'),(1303536,'AM','Presidente Figueiredo','S','N','2016-08-12'),(1303569,'AM','Rio Preto da Eva','S','N','2016-08-12'),(1303601,'AM','Santa Isabel do Rio Negro','S','N','2016-08-12'),(1303700,'AM','Santo Ant�nio do I��','S','N','2016-08-12'),(1303809,'AM','S�o Gabriel da Cachoeira','S','N','2016-08-12'),(1303908,'AM','S�o Paulo de Oliven�a','S','N','2016-08-12'),(1303957,'AM','S�o Sebasti�o do Uatum�','S','N','2016-08-12'),(1304005,'AM','Silves','S','N','2016-08-12'),(1304062,'AM','Tabatinga','S','N','2016-08-12'),(1304104,'AM','Tapau�','S','N','2016-08-12'),(1304203,'AM','Tef�','S','N','2016-08-12'),(1304237,'AM','Tonantins','S','N','2016-08-12'),(1304260,'AM','Uarini','S','N','2016-08-12'),(1304302,'AM','Urucar�','S','N','2016-08-12'),(1304401,'AM','Urucurituba','S','N','2016-08-12'),(1400027,'RR','Amajari','S','N','2016-08-12'),(1400050,'RR','Alto Alegre','S','N','2016-08-12'),(1400100,'RR','Boa Vista','S','S','2016-08-12'),(1400159,'RR','Bonfim','S','N','2016-08-12'),(1400175,'RR','Cant�','S','N','2016-08-12'),(1400209,'RR','Caracara�','S','N','2016-08-12'),(1400233,'RR','Caroebe','S','N','2016-08-12'),(1400282,'RR','Iracema','S','N','2016-08-12'),(1400308,'RR','Mucaja�','S','N','2016-08-12'),(1400407,'RR','Normandia','S','N','2016-08-12'),(1400456,'RR','Pacaraima','S','N','2016-08-12'),(1400472,'RR','Rorain�polis','S','N','2016-08-12'),(1400506,'RR','S�o Jo�o da Baliza','S','N','2016-08-12'),(1400605,'RR','S�o Luiz','S','N','2016-08-12'),(1400704,'RR','Uiramut�','S','N','2016-08-12'),(1500107,'PA','Abaetetuba','S','N','2016-08-12'),(1500131,'PA','Abel Figueiredo','S','N','2016-08-12'),(1500206,'PA','Acar�','S','N','2016-08-12'),(1500305,'PA','Afu�','S','N','2016-08-12'),(1500347,'PA','�gua Azul do Norte','S','N','2016-08-12'),(1500404,'PA','Alenquer','S','N','2016-08-12'),(1500503,'PA','Almeirim','S','N','2016-08-12'),(1500602,'PA','Altamira','S','N','2016-08-12'),(1500701,'PA','Anaj�s','S','N','2016-08-12'),(1500800,'PA','Ananindeua','S','N','2016-08-12'),(1500859,'PA','Anapu','S','N','2016-08-12'),(1500909,'PA','Augusto Corr�a','S','N','2016-08-12'),(1500958,'PA','Aurora do Par�','S','N','2016-08-12'),(1501006,'PA','Aveiro','S','N','2016-08-12'),(1501105,'PA','Bagre','S','N','2016-08-12'),(1501204,'PA','Bai�o','S','N','2016-08-12'),(1501253,'PA','Bannach','S','N','2016-08-12'),(1501303,'PA','Barcarena','S','N','2016-08-12'),(1501402,'PA','Bel�m','S','S','2016-08-12'),(1501451,'PA','Belterra','S','N','2016-08-12'),(1501501,'PA','Benevides','S','N','2016-08-12'),(1501576,'PA','Bom Jesus do Tocantins','S','N','2016-08-12'),(1501600,'PA','Bonito','S','N','2016-08-12'),(1501709,'PA','Bragan�a','S','N','2016-08-12'),(1501725,'PA','Brasil Novo','S','N','2016-08-12'),(1501758,'PA','Brejo Grande do Araguaia','S','N','2016-08-12'),(1501782,'PA','Breu Branco','S','N','2016-08-12'),(1501808,'PA','Breves','S','N','2016-08-12'),(1501907,'PA','Bujaru','S','N','2016-08-12'),(1501956,'PA','Cachoeira do Piri�','S','N','2016-08-12'),(1502004,'PA','Cachoeira do Arari','S','N','2016-08-12'),(1502103,'PA','Camet�','S','N','2016-08-12'),(1502152,'PA','Cana� dos Caraj�s','S','N','2016-08-12'),(1502202,'PA','Capanema','S','N','2016-08-12'),(1502301,'PA','Capit�o Po�o','S','N','2016-08-12'),(1502400,'PA','Castanhal','S','N','2016-08-12'),(1502509,'PA','Chaves','S','N','2016-08-12'),(1502608,'PA','Colares','S','N','2016-08-12'),(1502707,'PA','Concei��o do Araguaia','S','N','2016-08-12'),(1502756,'PA','Conc�rdia do Par�','S','N','2016-08-12'),(1502764,'PA','Cumaru do Norte','S','N','2016-08-12'),(1502772,'PA','Curion�polis','S','N','2016-08-12'),(1502806,'PA','Curralinho','S','N','2016-08-12'),(1502855,'PA','Curu�','S','N','2016-08-12'),(1502905,'PA','Curu��','S','N','2016-08-12'),(1502939,'PA','Dom Eliseu','S','N','2016-08-12'),(1502954,'PA','Eldorado dos Caraj�s','S','N','2016-08-12'),(1503002,'PA','Faro','S','N','2016-08-12'),(1503044,'PA','Floresta do Araguaia','S','N','2016-08-12'),(1503077,'PA','Garraf�o do Norte','S','N','2016-08-12'),(1503093,'PA','Goian�sia do Par�','S','N','2016-08-12'),(1503101,'PA','Gurup�','S','N','2016-08-12'),(1503200,'PA','Igarap�-A�u','S','N','2016-08-12'),(1503309,'PA','Igarap�-Miri','S','N','2016-08-12'),(1503408,'PA','Inhangapi','S','N','2016-08-12'),(1503457,'PA','Ipixuna do Par�','S','N','2016-08-12'),(1503507,'PA','Irituia','S','N','2016-08-12'),(1503606,'PA','Itaituba','S','N','2016-08-12'),(1503705,'PA','Itupiranga','S','N','2016-08-12'),(1503754,'PA','Jacareacanga','S','N','2016-08-12'),(1503804,'PA','Jacund�','S','N','2016-08-12'),(1503903,'PA','Juruti','S','N','2016-08-12'),(1504000,'PA','Limoeiro do Ajuru','S','N','2016-08-12'),(1504059,'PA','M�e do Rio','S','N','2016-08-12'),(1504109,'PA','Magalh�es Barata','S','N','2016-08-12'),(1504208,'PA','Marab�','S','N','2016-08-12'),(1504307,'PA','Maracan�','S','N','2016-08-12'),(1504406,'PA','Marapanim','S','N','2016-08-12'),(1504422,'PA','Marituba','S','N','2016-08-12'),(1504455,'PA','Medicil�ndia','S','N','2016-08-12'),(1504505,'PA','Melga�o','S','N','2016-08-12'),(1504604,'PA','Mocajuba','S','N','2016-08-12'),(1504703,'PA','Moju','S','N','2016-08-12'),(1504802,'PA','Monte Alegre','S','N','2016-08-12'),(1504901,'PA','Muan�','S','N','2016-08-12'),(1504950,'PA','Nova Esperan�a do Piri�','S','N','2016-08-12'),(1504976,'PA','Nova Ipixuna','S','N','2016-08-12'),(1505007,'PA','Nova Timboteua','S','N','2016-08-12'),(1505031,'PA','Novo Progresso','S','N','2016-08-12'),(1505064,'PA','Novo Repartimento','S','N','2016-08-12'),(1505106,'PA','�bidos','S','N','2016-08-12'),(1505205,'PA','Oeiras do Par�','S','N','2016-08-12'),(1505304,'PA','Oriximin�','S','N','2016-08-12'),(1505403,'PA','Our�m','S','N','2016-08-12'),(1505437,'PA','Ouril�ndia do Norte','S','N','2016-08-12'),(1505486,'PA','Pacaj�','S','N','2016-08-12'),(1505494,'PA','Palestina do Par�','S','N','2016-08-12'),(1505502,'PA','Paragominas','S','N','2016-08-12'),(1505536,'PA','Parauapebas','S','N','2016-08-12'),(1505551,'PA','Pau D�Arco','S','N','2016-08-12'),(1505601,'PA','Peixe-Boi','S','N','2016-08-12'),(1505635,'PA','Pi�arra','S','N','2016-08-12'),(1505650,'PA','Placas','S','N','2016-08-12'),(1505700,'PA','Ponta de Pedras','S','N','2016-08-12'),(1505809,'PA','Portel','S','N','2016-08-12'),(1505908,'PA','Porto de Moz','S','N','2016-08-12'),(1506005,'PA','Prainha','S','N','2016-08-12'),(1506104,'PA','Primavera','S','N','2016-08-12'),(1506112,'PA','Quatipuru','S','N','2016-08-12'),(1506138,'PA','Reden��o','S','N','2016-08-12'),(1506161,'PA','Rio Maria','S','N','2016-08-12'),(1506187,'PA','Rondon do Par�','S','N','2016-08-12'),(1506195,'PA','Rur�polis','S','N','2016-08-12'),(1506203,'PA','Salin�polis','S','N','2016-08-12'),(1506302,'PA','Salvaterra','S','N','2016-08-12'),(1506351,'PA','Santa B�rbara do Par�','S','N','2016-08-12'),(1506401,'PA','Santa Cruz do Arari','S','N','2016-08-12'),(1506500,'PA','Santa Isabel do Par�','S','N','2016-08-12'),(1506559,'PA','Santa Luzia do Par�','S','N','2016-08-12'),(1506583,'PA','Santa Maria das Barreiras','S','N','2016-08-12'),(1506609,'PA','Santa Maria do Par�','S','N','2016-08-12'),(1506708,'PA','Santana do Araguaia','S','N','2016-08-12'),(1506807,'PA','Santar�m','S','N','2016-08-12'),(1506906,'PA','Santar�m Novo','S','N','2016-08-12'),(1507003,'PA','Santo Ant�nio do Tau�','S','N','2016-08-12'),(1507102,'PA','S�o Caetano de Odivelas','S','N','2016-08-12'),(1507151,'PA','S�o Domingos do Araguaia','S','N','2016-08-12'),(1507201,'PA','S�o Domingos do Capim','S','N','2016-08-12'),(1507300,'PA','S�o F�lix do Xingu','S','N','2016-08-12'),(1507409,'PA','S�o Francisco do Par�','S','N','2016-08-12'),(1507458,'PA','S�o Geraldo do Araguaia','S','N','2016-08-12'),(1507466,'PA','S�o Jo�o da Ponta','S','N','2016-08-12'),(1507474,'PA','S�o Jo�o de Pirabas','S','N','2016-08-12'),(1507508,'PA','S�o Jo�o do Araguaia','S','N','2016-08-12'),(1507607,'PA','S�o Miguel do Guam�','S','N','2016-08-12'),(1507706,'PA','S�o Sebasti�o da Boa Vista','S','N','2016-08-12'),(1507755,'PA','Sapucaia','S','N','2016-08-12'),(1507805,'PA','Senador Jos� Porf�rio','S','N','2016-08-12'),(1507904,'PA','Soure','S','N','2016-08-12'),(1507953,'PA','Tail�ndia','S','N','2016-08-12'),(1507961,'PA','Terra Alta','S','N','2016-08-12'),(1507979,'PA','Terra Santa','S','N','2016-08-12'),(1508001,'PA','Tom�-A�u','S','N','2016-08-12'),(1508035,'PA','Tracuateua','S','N','2016-08-12'),(1508050,'PA','Trair�o','S','N','2016-08-12'),(1508084,'PA','Tucum�','S','N','2016-08-12'),(1508100,'PA','Tucuru�','S','N','2016-08-12'),(1508126,'PA','Ulian�polis','S','N','2016-08-12'),(1508159,'PA','Uruar�','S','N','2016-08-12'),(1508209,'PA','Vigia','S','N','2016-08-12'),(1508308,'PA','Viseu','S','N','2016-08-12'),(1508357,'PA','Vit�ria do Xingu','S','N','2016-08-12'),(1508407,'PA','Xinguara','S','N','2016-08-12'),(1600055,'AP','Serra do Navio','S','N','2016-08-12'),(1600105,'AP','Amap�','S','N','2016-08-12'),(1600154,'AP','Pedra Branca do Amapari','S','N','2016-08-12'),(1600204,'AP','Cal�oene','S','N','2016-08-12'),(1600212,'AP','Cutias','S','N','2016-08-12'),(1600238,'AP','Ferreira Gomes','S','N','2016-08-12'),(1600253,'AP','Itaubal','S','N','2016-08-12'),(1600279,'AP','Laranjal do Jari','S','N','2016-08-12'),(1600303,'AP','Macap�','S','S','2016-08-12'),(1600402,'AP','Mazag�o','S','N','2016-08-12'),(1600501,'AP','Oiapoque','S','N','2016-08-12'),(1600535,'AP','Porto Grande','S','N','2016-08-12'),(1600550,'AP','Pracu�ba','S','N','2016-08-12'),(1600600,'AP','Santana','S','N','2016-08-12'),(1600709,'AP','Tartarugalzinho','S','N','2016-08-12'),(1600808,'AP','Vit�ria do Jari','S','N','2016-08-12'),(1700251,'TO','Abreul�ndia','S','N','2016-08-12'),(1700301,'TO','Aguiarn�polis','S','N','2016-08-12'),(1700350,'TO','Alian�a do Tocantins','S','N','2016-08-12'),(1700400,'TO','Almas','S','N','2016-08-12'),(1700707,'TO','Alvorada','S','N','2016-08-12'),(1701002,'TO','Anan�s','S','N','2016-08-12'),(1701051,'TO','Angico','S','N','2016-08-12'),(1701101,'TO','Aparecida do Rio Negro','S','N','2016-08-12'),(1701309,'TO','Aragominas','S','N','2016-08-12'),(1701903,'TO','Araguacema','S','N','2016-08-12'),(1702000,'TO','Aragua�u','S','N','2016-08-12'),(1702109,'TO','Aragua�na','S','N','2016-08-12'),(1702158,'TO','Araguan�','S','N','2016-08-12'),(1702208,'TO','Araguatins','S','N','2016-08-12'),(1702307,'TO','Arapoema','S','N','2016-08-12'),(1702406,'TO','Arraias','S','N','2016-08-12'),(1702554,'TO','Augustin�polis','S','N','2016-08-12'),(1702703,'TO','Aurora do Tocantins','S','N','2016-08-12'),(1702901,'TO','Axix� do Tocantins','S','N','2016-08-12'),(1703008,'TO','Baba�ul�ndia','S','N','2016-08-12'),(1703057,'TO','Bandeirantes do Tocantins','S','N','2016-08-12'),(1703073,'TO','Barra do Ouro','S','N','2016-08-12'),(1703107,'TO','Barrol�ndia','S','N','2016-08-12'),(1703206,'TO','Bernardo Say�o','S','N','2016-08-12'),(1703305,'TO','Bom Jesus do Tocantins','S','N','2016-08-12'),(1703602,'TO','Brasil�ndia do Tocantins','S','N','2016-08-12'),(1703701,'TO','Brejinho de Nazar�','S','N','2016-08-12'),(1703800,'TO','Buriti do Tocantins','S','N','2016-08-12'),(1703826,'TO','Cachoeirinha','S','N','2016-08-12'),(1703842,'TO','Campos Lindos','S','N','2016-08-12'),(1703867,'TO','Cariri do Tocantins','S','N','2016-08-12'),(1703883,'TO','Carmol�ndia','S','N','2016-08-12'),(1703891,'TO','Carrasco Bonito','S','N','2016-08-12'),(1703909,'TO','Caseara','S','N','2016-08-12'),(1704105,'TO','Centen�rio','S','N','2016-08-12'),(1704600,'TO','Chapada de Areia','S','N','2016-08-12'),(1705102,'TO','Chapada da Natividade','S','N','2016-08-12'),(1705508,'TO','Colinas do Tocantins','S','N','2016-08-12'),(1705557,'TO','Combinado','S','N','2016-08-12'),(1705607,'TO','Concei��o do Tocantins','S','N','2016-08-12'),(1706001,'TO','Couto de Magalh�es','S','N','2016-08-12'),(1706100,'TO','Cristal�ndia','S','N','2016-08-12'),(1706258,'TO','Crix�s do Tocantins','S','N','2016-08-12'),(1706506,'TO','Darcin�polis','S','N','2016-08-12'),(1707009,'TO','Dian�polis','S','N','2016-08-12'),(1707108,'TO','Divin�polis do Tocantins','S','N','2016-08-12'),(1707207,'TO','Dois Irm�os do Tocantins','S','N','2016-08-12'),(1707306,'TO','Duer�','S','N','2016-08-12'),(1707405,'TO','Esperantina','S','N','2016-08-12'),(1707553,'TO','F�tima','S','N','2016-08-12'),(1707652,'TO','Figueir�polis','S','N','2016-08-12'),(1707702,'TO','Filad�lfia','S','N','2016-08-12'),(1708205,'TO','Formoso do Araguaia','S','N','2016-08-12'),(1708254,'TO','Fortaleza do Taboc�o','S','N','2016-08-12'),(1708304,'TO','Goianorte','S','N','2016-08-12'),(1709005,'TO','Goiatins','S','N','2016-08-12'),(1709302,'TO','Guara�','S','N','2016-08-12'),(1709500,'TO','Gurupi','S','N','2016-08-12'),(1709807,'TO','Ipueiras','S','N','2016-08-12'),(1710508,'TO','Itacaj�','S','N','2016-08-12'),(1710706,'TO','Itaguatins','S','N','2016-08-12'),(1710904,'TO','Itapiratins','S','N','2016-08-12'),(1711100,'TO','Itapor� do Tocantins','S','N','2016-08-12'),(1711506,'TO','Ja� do Tocantins','S','N','2016-08-12'),(1711803,'TO','Juarina','S','N','2016-08-12'),(1711902,'TO','Lagoa da Confus�o','S','N','2016-08-12'),(1711951,'TO','Lagoa do Tocantins','S','N','2016-08-12'),(1712009,'TO','Lajeado','S','N','2016-08-12'),(1712157,'TO','Lavandeira','S','N','2016-08-12'),(1712405,'TO','Lizarda','S','N','2016-08-12'),(1712454,'TO','Luzin�polis','S','N','2016-08-12'),(1712504,'TO','Marian�polis do Tocantins','S','N','2016-08-12'),(1712702,'TO','Mateiros','S','N','2016-08-12'),(1712801,'TO','Mauril�ndia do Tocantins','S','N','2016-08-12'),(1713205,'TO','Miracema do Tocantins','S','N','2016-08-12'),(1713304,'TO','Miranorte','S','N','2016-08-12'),(1713601,'TO','Monte do Carmo','S','N','2016-08-12'),(1713700,'TO','Monte Santo do Tocantins','S','N','2016-08-12'),(1713809,'TO','Palmeiras do Tocantins','S','N','2016-08-12'),(1713957,'TO','Muricil�ndia','S','N','2016-08-12'),(1714203,'TO','Natividade','S','N','2016-08-12'),(1714302,'TO','Nazar�','S','N','2016-08-12'),(1714880,'TO','Nova Olinda','S','N','2016-08-12'),(1715002,'TO','Nova Rosal�ndia','S','N','2016-08-12'),(1715101,'TO','Novo Acordo','S','N','2016-08-12'),(1715150,'TO','Novo Alegre','S','N','2016-08-12'),(1715259,'TO','Novo Jardim','S','N','2016-08-12'),(1715507,'TO','Oliveira de F�tima','S','N','2016-08-12'),(1715705,'TO','Palmeirante','S','N','2016-08-12'),(1715754,'TO','Palmeir�polis','S','N','2016-08-12'),(1716109,'TO','Para�so do Tocantins','S','N','2016-08-12'),(1716208,'TO','Paran�','S','N','2016-08-12'),(1716307,'TO','Pau D�Arco','S','N','2016-08-12'),(1716505,'TO','Pedro Afonso','S','N','2016-08-12'),(1716604,'TO','Peixe','S','N','2016-08-12'),(1716653,'TO','Pequizeiro','S','N','2016-08-12'),(1716703,'TO','Colm�ia','S','N','2016-08-12'),(1717008,'TO','Pindorama do Tocantins','S','N','2016-08-12'),(1717206,'TO','Piraqu�','S','N','2016-08-12'),(1717503,'TO','Pium','S','N','2016-08-12'),(1717800,'TO','Ponte Alta do Bom Jesus','S','N','2016-08-12'),(1717909,'TO','Ponte Alta do Tocantins','S','N','2016-08-12'),(1718006,'TO','Porto Alegre do Tocantins','S','N','2016-08-12'),(1718204,'TO','Porto Nacional','S','N','2016-08-12'),(1718303,'TO','Praia Norte','S','N','2016-08-12'),(1718402,'TO','Presidente Kennedy','S','N','2016-08-12'),(1718451,'TO','Pugmil','S','N','2016-08-12'),(1718501,'TO','Recursol�ndia','S','N','2016-08-12'),(1718550,'TO','Riachinho','S','N','2016-08-12'),(1718659,'TO','Rio da Concei��o','S','N','2016-08-12'),(1718709,'TO','Rio dos Bois','S','N','2016-08-12'),(1718758,'TO','Rio Sono','S','N','2016-08-12'),(1718808,'TO','Sampaio','S','N','2016-08-12'),(1718840,'TO','Sandol�ndia','S','N','2016-08-12'),(1718865,'TO','Santa F� do Araguaia','S','N','2016-08-12'),(1718881,'TO','Santa Maria do Tocantins','S','N','2016-08-12'),(1718899,'TO','Santa Rita do Tocantins','S','N','2016-08-12'),(1718907,'TO','Santa Rosa do Tocantins','S','N','2016-08-12'),(1719004,'TO','Santa Tereza do Tocantins','S','N','2016-08-12'),(1720002,'TO','Santa Terezinha do Tocantins','S','N','2016-08-12'),(1720101,'TO','S�o Bento do Tocantins','S','N','2016-08-12'),(1720150,'TO','S�o F�lix do Tocantins','S','N','2016-08-12'),(1720200,'TO','S�o Miguel do Tocantins','S','N','2016-08-12'),(1720259,'TO','S�o Salvador do Tocantins','S','N','2016-08-12'),(1720309,'TO','S�o Sebasti�o do Tocantins','S','N','2016-08-12'),(1720499,'TO','S�o Val�rio da Natividade','S','N','2016-08-12'),(1720655,'TO','Silvan�polis','S','N','2016-08-12'),(1720804,'TO','S�tio Novo do Tocantins','S','N','2016-08-12'),(1720853,'TO','Sucupira','S','N','2016-08-12'),(1720903,'TO','Taguatinga','S','N','2016-08-12'),(1720937,'TO','Taipas do Tocantins','S','N','2016-08-12'),(1720978,'TO','Talism�','S','N','2016-08-12'),(1721000,'TO','Palmas','S','S','2016-08-12'),(1721109,'TO','Tocant�nia','S','N','2016-08-12'),(1721208,'TO','Tocantin�polis','S','N','2016-08-12'),(1721257,'TO','Tupirama','S','N','2016-08-12'),(1721307,'TO','Tupiratins','S','N','2016-08-12'),(1722081,'TO','Wanderl�ndia','S','N','2016-08-12'),(1722107,'TO','Xambio�','S','N','2016-08-12'),(2100055,'MA','A�ail�ndia','S','N','2016-08-12'),(2100105,'MA','Afonso Cunha','S','N','2016-08-12'),(2100154,'MA','�gua Doce do Maranh�o','S','N','2016-08-12'),(2100204,'MA','Alc�ntara','S','N','2016-08-12'),(2100303,'MA','Aldeias Altas','S','N','2016-08-12'),(2100402,'MA','Altamira do Maranh�o','S','N','2016-08-12'),(2100436,'MA','Alto Alegre do Maranh�o','S','N','2016-08-12'),(2100477,'MA','Alto Alegre do Pindar�','S','N','2016-08-12'),(2100501,'MA','Alto Parna�ba','S','N','2016-08-12'),(2100550,'MA','Amap� do Maranh�o','S','N','2016-08-12'),(2100600,'MA','Amarante do Maranh�o','S','N','2016-08-12'),(2100709,'MA','Anajatuba','S','N','2016-08-12'),(2100808,'MA','Anapurus','S','N','2016-08-12'),(2100832,'MA','Apicum-A�u','S','N','2016-08-12'),(2100873,'MA','Araguan�','S','N','2016-08-12'),(2100907,'MA','Araioses','S','N','2016-08-12'),(2100956,'MA','Arame','S','N','2016-08-12'),(2101004,'MA','Arari','S','N','2016-08-12'),(2101103,'MA','Axix�','S','N','2016-08-12'),(2101202,'MA','Bacabal','S','N','2016-08-12'),(2101251,'MA','Bacabeira','S','N','2016-08-12'),(2101301,'MA','Bacuri','S','N','2016-08-12'),(2101350,'MA','Bacurituba','S','N','2016-08-12'),(2101400,'MA','Balsas','S','N','2016-08-12'),(2101509,'MA','Bar�o de Graja�','S','N','2016-08-12'),(2101608,'MA','Barra do Corda','S','N','2016-08-12'),(2101707,'MA','Barreirinhas','S','N','2016-08-12'),(2101731,'MA','Bel�gua','S','N','2016-08-12'),(2101772,'MA','Bela Vista do Maranh�o','S','N','2016-08-12'),(2101806,'MA','Benedito Leite','S','N','2016-08-12'),(2101905,'MA','Bequim�o','S','N','2016-08-12'),(2101939,'MA','Bernardo do Mearim','S','N','2016-08-12'),(2101970,'MA','Boa Vista do Gurupi','S','N','2016-08-12'),(2102002,'MA','Bom Jardim','S','N','2016-08-12'),(2102036,'MA','Bom Jesus das Selvas','S','N','2016-08-12'),(2102077,'MA','Bom Lugar','S','N','2016-08-12'),(2102101,'MA','Brejo','S','N','2016-08-12'),(2102150,'MA','Brejo de Areia','S','N','2016-08-12'),(2102200,'MA','Buriti','S','N','2016-08-12'),(2102309,'MA','Buriti Bravo','S','N','2016-08-12'),(2102325,'MA','Buriticupu','S','N','2016-08-12'),(2102358,'MA','Buritirana','S','N','2016-08-12'),(2102374,'MA','Cachoeira Grande','S','N','2016-08-12'),(2102408,'MA','Cajapi�','S','N','2016-08-12'),(2102507,'MA','Cajari','S','N','2016-08-12'),(2102556,'MA','Campestre do Maranh�o','S','N','2016-08-12'),(2102606,'MA','C�ndido Mendes','S','N','2016-08-12'),(2102705,'MA','Cantanhede','S','N','2016-08-12'),(2102754,'MA','Capinzal do Norte','S','N','2016-08-12'),(2102804,'MA','Carolina','S','N','2016-08-12'),(2102903,'MA','Carutapera','S','N','2016-08-12'),(2103000,'MA','Caxias','S','N','2016-08-12'),(2103109,'MA','Cedral','S','N','2016-08-12'),(2103125,'MA','Central do Maranh�o','S','N','2016-08-12'),(2103158,'MA','Centro do Guilherme','S','N','2016-08-12'),(2103174,'MA','Centro Novo do Maranh�o','S','N','2016-08-12'),(2103208,'MA','Chapadinha','S','N','2016-08-12'),(2103257,'MA','Cidel�ndia','S','N','2016-08-12'),(2103307,'MA','Cod�','S','N','2016-08-12'),(2103406,'MA','Coelho Neto','S','N','2016-08-12'),(2103505,'MA','Colinas','S','N','2016-08-12'),(2103554,'MA','Concei��o do Lago-A�u','S','N','2016-08-12'),(2103604,'MA','Coroat�','S','N','2016-08-12'),(2103703,'MA','Cururupu','S','N','2016-08-12'),(2103752,'MA','Davin�polis','S','N','2016-08-12'),(2103802,'MA','Dom Pedro','S','N','2016-08-12'),(2103901,'MA','Duque Bacelar','S','N','2016-08-12'),(2104008,'MA','Esperantin�polis','S','N','2016-08-12'),(2104057,'MA','Estreito','S','N','2016-08-12'),(2104073,'MA','Feira Nova do Maranh�o','S','N','2016-08-12'),(2104081,'MA','Fernando Falc�o','S','N','2016-08-12'),(2104099,'MA','Formosa da Serra Negra','S','N','2016-08-12'),(2104107,'MA','Fortaleza dos Nogueiras','S','N','2016-08-12'),(2104206,'MA','Fortuna','S','N','2016-08-12'),(2104305,'MA','Godofredo Viana','S','N','2016-08-12'),(2104404,'MA','Gon�alves Dias','S','N','2016-08-12'),(2104503,'MA','Governador Archer','S','N','2016-08-12'),(2104552,'MA','Governador Edison Lob�o','S','N','2016-08-12'),(2104602,'MA','Governador Eug�nio Barros','S','N','2016-08-12'),(2104628,'MA','Governador Luiz Rocha','S','N','2016-08-12'),(2104651,'MA','Governador Newton Bello','S','N','2016-08-12'),(2104677,'MA','Governador Nunes Freire','S','N','2016-08-12'),(2104701,'MA','Gra�a Aranha','S','N','2016-08-12'),(2104800,'MA','Graja�','S','N','2016-08-12'),(2104909,'MA','Guimar�es','S','N','2016-08-12'),(2105005,'MA','Humberto de Campos','S','N','2016-08-12'),(2105104,'MA','Icatu','S','N','2016-08-12'),(2105153,'MA','Igarap� do Meio','S','N','2016-08-12'),(2105203,'MA','Igarap� Grande','S','N','2016-08-12'),(2105302,'MA','Imperatriz','S','N','2016-08-12'),(2105351,'MA','Itaipava do Graja�','S','N','2016-08-12'),(2105401,'MA','Itapecuru Mirim','S','N','2016-08-12'),(2105427,'MA','Itinga do Maranh�o','S','N','2016-08-12'),(2105450,'MA','Jatob�','S','N','2016-08-12'),(2105476,'MA','Jenipapo dos Vieiras','S','N','2016-08-12'),(2105500,'MA','Jo�o Lisboa','S','N','2016-08-12'),(2105609,'MA','Josel�ndia','S','N','2016-08-12'),(2105658,'MA','Junco do Maranh�o','S','N','2016-08-12'),(2105708,'MA','Lago da Pedra','S','N','2016-08-12'),(2105807,'MA','Lago do Junco','S','N','2016-08-12'),(2105906,'MA','Lago Verde','S','N','2016-08-12'),(2105922,'MA','Lagoa do Mato','S','N','2016-08-12'),(2105948,'MA','Lago dos Rodrigues','S','N','2016-08-12'),(2105963,'MA','Lagoa Grande do Maranh�o','S','N','2016-08-12'),(2105989,'MA','Lajeado Novo','S','N','2016-08-12'),(2106003,'MA','Lima Campos','S','N','2016-08-12'),(2106102,'MA','Loreto','S','N','2016-08-12'),(2106201,'MA','Lu�s Domingues','S','N','2016-08-12'),(2106300,'MA','Magalh�es de Almeida','S','N','2016-08-12'),(2106326,'MA','Maraca�um�','S','N','2016-08-12'),(2106359,'MA','Maraj� do Sena','S','N','2016-08-12'),(2106375,'MA','Maranh�ozinho','S','N','2016-08-12'),(2106409,'MA','Mata Roma','S','N','2016-08-12'),(2106508,'MA','Matinha','S','N','2016-08-12'),(2106607,'MA','Mat�es','S','N','2016-08-12'),(2106631,'MA','Mat�es do Norte','S','N','2016-08-12'),(2106672,'MA','Milagres do Maranh�o','S','N','2016-08-12'),(2106706,'MA','Mirador','S','N','2016-08-12'),(2106755,'MA','Miranda do Norte','S','N','2016-08-12'),(2106805,'MA','Mirinzal','S','N','2016-08-12'),(2106904,'MA','Mon��o','S','N','2016-08-12'),(2107001,'MA','Montes Altos','S','N','2016-08-12'),(2107100,'MA','Morros','S','N','2016-08-12'),(2107209,'MA','Nina Rodrigues','S','N','2016-08-12'),(2107258,'MA','Nova Colinas','S','N','2016-08-12'),(2107308,'MA','Nova Iorque','S','N','2016-08-12'),(2107357,'MA','Nova Olinda do Maranh�o','S','N','2016-08-12'),(2107407,'MA','Olho d��gua das Cunh�s','S','N','2016-08-12'),(2107456,'MA','Olinda Nova do Maranh�o','S','N','2016-08-12'),(2107506,'MA','Pa�o do Lumiar','S','N','2016-08-12'),(2107605,'MA','Palmeir�ndia','S','N','2016-08-12'),(2107704,'MA','Paraibano','S','N','2016-08-12'),(2107803,'MA','Parnarama','S','N','2016-08-12'),(2107902,'MA','Passagem Franca','S','N','2016-08-12'),(2108009,'MA','Pastos Bons','S','N','2016-08-12'),(2108058,'MA','Paulino Neves','S','N','2016-08-12'),(2108108,'MA','Paulo Ramos','S','N','2016-08-12'),(2108207,'MA','Pedreiras','S','N','2016-08-12'),(2108256,'MA','Pedro do Ros�rio','S','N','2016-08-12'),(2108306,'MA','Penalva','S','N','2016-08-12'),(2108405,'MA','Peri Mirim','S','N','2016-08-12'),(2108454,'MA','Peritor�','S','N','2016-08-12'),(2108504,'MA','Pindar�-Mirim','S','N','2016-08-12'),(2108603,'MA','Pinheiro','S','N','2016-08-12'),(2108702,'MA','Pio XII','S','N','2016-08-12'),(2108801,'MA','Pirapemas','S','N','2016-08-12'),(2108900,'MA','Po��o de Pedras','S','N','2016-08-12'),(2109007,'MA','Porto Franco','S','N','2016-08-12'),(2109056,'MA','Porto Rico do Maranh�o','S','N','2016-08-12'),(2109106,'MA','Presidente Dutra','S','N','2016-08-12'),(2109205,'MA','Presidente Juscelino','S','N','2016-08-12'),(2109239,'MA','Presidente M�dici','S','N','2016-08-12'),(2109270,'MA','Presidente Sarney','S','N','2016-08-12'),(2109304,'MA','Presidente Vargas','S','N','2016-08-12'),(2109403,'MA','Primeira Cruz','S','N','2016-08-12'),(2109452,'MA','Raposa','S','N','2016-08-12'),(2109502,'MA','Riach�o','S','N','2016-08-12'),(2109551,'MA','Ribamar Fiquene','S','N','2016-08-12'),(2109601,'MA','Ros�rio','S','N','2016-08-12'),(2109700,'MA','Samba�ba','S','N','2016-08-12'),(2109759,'MA','Santa Filomena do Maranh�o','S','N','2016-08-12'),(2109809,'MA','Santa Helena','S','N','2016-08-12'),(2109908,'MA','Santa In�s','S','N','2016-08-12'),(2110005,'MA','Santa Luzia','S','N','2016-08-12'),(2110039,'MA','Santa Luzia do Paru�','S','N','2016-08-12'),(2110104,'MA','Santa Quit�ria do Maranh�o','S','N','2016-08-12'),(2110203,'MA','Santa Rita','S','N','2016-08-12'),(2110237,'MA','Santana do Maranh�o','S','N','2016-08-12'),(2110278,'MA','Santo Amaro do Maranh�o','S','N','2016-08-12'),(2110302,'MA','Santo Ant�nio dos Lopes','S','N','2016-08-12'),(2110401,'MA','S�o Benedito do Rio Preto','S','N','2016-08-12'),(2110500,'MA','S�o Bento','S','N','2016-08-12'),(2110609,'MA','S�o Bernardo','S','N','2016-08-12'),(2110658,'MA','S�o Domingos do Azeit�o','S','N','2016-08-12'),(2110708,'MA','S�o Domingos do Maranh�o','S','N','2016-08-12'),(2110807,'MA','S�o F�lix de Balsas','S','N','2016-08-12'),(2110856,'MA','S�o Francisco do Brej�o','S','N','2016-08-12'),(2110906,'MA','S�o Francisco do Maranh�o','S','N','2016-08-12'),(2111003,'MA','S�o Jo�o Batista','S','N','2016-08-12'),(2111029,'MA','S�o Jo�o do Car�','S','N','2016-08-12'),(2111052,'MA','S�o Jo�o do Para�so','S','N','2016-08-12'),(2111078,'MA','S�o Jo�o do Soter','S','N','2016-08-12'),(2111102,'MA','S�o Jo�o dos Patos','S','N','2016-08-12'),(2111201,'MA','S�o Jos� de Ribamar','S','N','2016-08-12'),(2111250,'MA','S�o Jos� dos Bas�lios','S','N','2016-08-12'),(2111300,'MA','S�o Lu�s','S','S','2016-08-12'),(2111409,'MA','S�o Lu�s Gonzaga do Maranh�o','S','N','2016-08-12'),(2111508,'MA','S�o Mateus do Maranh�o','S','N','2016-08-12'),(2111532,'MA','S�o Pedro da �gua Branca','S','N','2016-08-12'),(2111573,'MA','S�o Pedro dos Crentes','S','N','2016-08-12'),(2111607,'MA','S�o Raimundo das Mangabeiras','S','N','2016-08-12'),(2111631,'MA','S�o Raimundo do Doca Bezerra','S','N','2016-08-12'),(2111672,'MA','S�o Roberto','S','N','2016-08-12'),(2111706,'MA','S�o Vicente Ferrer','S','N','2016-08-12'),(2111722,'MA','Satubinha','S','N','2016-08-12'),(2111748,'MA','Senador Alexandre Costa','S','N','2016-08-12'),(2111763,'MA','Senador La Rocque','S','N','2016-08-12'),(2111789,'MA','Serrano do Maranh�o','S','N','2016-08-12'),(2111805,'MA','S�tio Novo','S','N','2016-08-12'),(2111904,'MA','Sucupira do Norte','S','N','2016-08-12'),(2111953,'MA','Sucupira do Riach�o','S','N','2016-08-12'),(2112001,'MA','Tasso Fragoso','S','N','2016-08-12'),(2112100,'MA','Timbiras','S','N','2016-08-12'),(2112209,'MA','Timon','S','N','2016-08-12'),(2112233,'MA','Trizidela do Vale','S','N','2016-08-12'),(2112274,'MA','Tufil�ndia','S','N','2016-08-12'),(2112308,'MA','Tuntum','S','N','2016-08-12'),(2112407,'MA','Turia�u','S','N','2016-08-12'),(2112456,'MA','Turil�ndia','S','N','2016-08-12'),(2112506,'MA','Tut�ia','S','N','2016-08-12'),(2112605,'MA','Urbano Santos','S','N','2016-08-12'),(2112704,'MA','Vargem Grande','S','N','2016-08-12'),(2112803,'MA','Viana','S','N','2016-08-12'),(2112852,'MA','Vila Nova dos Mart�rios','S','N','2016-08-12'),(2112902,'MA','Vit�ria do Mearim','S','N','2016-08-12'),(2113009,'MA','Vitorino Freire','S','N','2016-08-12'),(2114007,'MA','Z� Doca','S','N','2016-08-12'),(2200053,'PI','Acau�','S','N','2016-08-12'),(2200103,'PI','Agricol�ndia','S','N','2016-08-12'),(2200202,'PI','�gua Branca','S','N','2016-08-12'),(2200251,'PI','Alagoinha do Piau�','S','N','2016-08-12'),(2200277,'PI','Alegrete do Piau�','S','N','2016-08-12'),(2200301,'PI','Alto Long�','S','N','2016-08-12'),(2200400,'PI','Altos','S','N','2016-08-12'),(2200459,'PI','Alvorada do Gurgu�ia','S','N','2016-08-12'),(2200509,'PI','Amarante','S','N','2016-08-12'),(2200608,'PI','Angical do Piau�','S','N','2016-08-12'),(2200707,'PI','An�sio de Abreu','S','N','2016-08-12'),(2200806,'PI','Ant�nio Almeida','S','N','2016-08-12'),(2200905,'PI','Aroazes','S','N','2016-08-12'),(2200954,'PI','Aroeiras do Itaim','S','N','2016-08-12'),(2201002,'PI','Arraial','S','N','2016-08-12'),(2201051,'PI','Assun��o do Piau�','S','N','2016-08-12'),(2201101,'PI','Avelino Lopes','S','N','2016-08-12'),(2201150,'PI','Baixa Grande do Ribeiro','S','N','2016-08-12'),(2201176,'PI','Barra D�Alc�ntara','S','N','2016-08-12'),(2201200,'PI','Barras','S','N','2016-08-12'),(2201309,'PI','Barreiras do Piau�','S','N','2016-08-12'),(2201408,'PI','Barro Duro','S','N','2016-08-12'),(2201507,'PI','Batalha','S','N','2016-08-12'),(2201556,'PI','Bela Vista do Piau�','S','N','2016-08-12'),(2201572,'PI','Bel�m do Piau�','S','N','2016-08-12'),(2201606,'PI','Beneditinos','S','N','2016-08-12'),(2201705,'PI','Bertol�nia','S','N','2016-08-12'),(2201739,'PI','Bet�nia do Piau�','S','N','2016-08-12'),(2201770,'PI','Boa Hora','S','N','2016-08-12'),(2201804,'PI','Bocaina','S','N','2016-08-12'),(2201903,'PI','Bom Jesus','S','N','2016-08-12'),(2201919,'PI','Bom Princ�pio do Piau�','S','N','2016-08-12'),(2201929,'PI','Bonfim do Piau�','S','N','2016-08-12'),(2201945,'PI','Boqueir�o do Piau�','S','N','2016-08-12'),(2201960,'PI','Brasileira','S','N','2016-08-12'),(2201988,'PI','Brejo do Piau�','S','N','2016-08-12'),(2202000,'PI','Buriti dos Lopes','S','N','2016-08-12'),(2202026,'PI','Buriti dos Montes','S','N','2016-08-12'),(2202059,'PI','Cabeceiras do Piau�','S','N','2016-08-12'),(2202075,'PI','Cajazeiras do Piau�','S','N','2016-08-12'),(2202083,'PI','Cajueiro da Praia','S','N','2016-08-12'),(2202091,'PI','Caldeir�o Grande do Piau�','S','N','2016-08-12'),(2202109,'PI','Campinas do Piau�','S','N','2016-08-12'),(2202117,'PI','Campo Alegre do Fidalgo','S','N','2016-08-12'),(2202133,'PI','Campo Grande do Piau�','S','N','2016-08-12'),(2202174,'PI','Campo Largo do Piau�','S','N','2016-08-12'),(2202208,'PI','Campo Maior','S','N','2016-08-12'),(2202251,'PI','Canavieira','S','N','2016-08-12'),(2202307,'PI','Canto do Buriti','S','N','2016-08-12'),(2202406,'PI','Capit�o de Campos','S','N','2016-08-12'),(2202455,'PI','Capit�o Gerv�sio Oliveira','S','N','2016-08-12'),(2202505,'PI','Caracol','S','N','2016-08-12'),(2202539,'PI','Cara�bas do Piau�','S','N','2016-08-12'),(2202554,'PI','Caridade do Piau�','S','N','2016-08-12'),(2202604,'PI','Castelo do Piau�','S','N','2016-08-12'),(2202653,'PI','Caxing�','S','N','2016-08-12'),(2202703,'PI','Cocal','S','N','2016-08-12'),(2202711,'PI','Cocal de Telha','S','N','2016-08-12'),(2202729,'PI','Cocal dos Alves','S','N','2016-08-12'),(2202737,'PI','Coivaras','S','N','2016-08-12'),(2202752,'PI','Col�nia do Gurgu�ia','S','N','2016-08-12'),(2202778,'PI','Col�nia do Piau�','S','N','2016-08-12'),(2202802,'PI','Concei��o do Canind�','S','N','2016-08-12'),(2202851,'PI','Coronel Jos� Dias','S','N','2016-08-12'),(2202901,'PI','Corrente','S','N','2016-08-12'),(2203008,'PI','Cristal�ndia do Piau�','S','N','2016-08-12'),(2203107,'PI','Cristino Castro','S','N','2016-08-12'),(2203206,'PI','Curimat�','S','N','2016-08-12'),(2203230,'PI','Currais','S','N','2016-08-12'),(2203255,'PI','Curralinhos','S','N','2016-08-12'),(2203271,'PI','Curral Novo do Piau�','S','N','2016-08-12'),(2203305,'PI','Demerval Lob�o','S','N','2016-08-12'),(2203354,'PI','Dirceu Arcoverde','S','N','2016-08-12'),(2203404,'PI','Dom Expedito Lopes','S','N','2016-08-12'),(2203420,'PI','Domingos Mour�o','S','N','2016-08-12'),(2203453,'PI','Dom Inoc�ncio','S','N','2016-08-12'),(2203503,'PI','Elesb�o Veloso','S','N','2016-08-12'),(2203602,'PI','Eliseu Martins','S','N','2016-08-12'),(2203701,'PI','Esperantina','S','N','2016-08-12'),(2203750,'PI','Fartura do Piau�','S','N','2016-08-12'),(2203800,'PI','Flores do Piau�','S','N','2016-08-12'),(2203859,'PI','Floresta do Piau�','S','N','2016-08-12'),(2203909,'PI','Floriano','S','N','2016-08-12'),(2204006,'PI','Francin�polis','S','N','2016-08-12'),(2204105,'PI','Francisco Ayres','S','N','2016-08-12'),(2204154,'PI','Francisco Macedo','S','N','2016-08-12'),(2204204,'PI','Francisco Santos','S','N','2016-08-12'),(2204303,'PI','Fronteiras','S','N','2016-08-12'),(2204352,'PI','Geminiano','S','N','2016-08-12'),(2204402,'PI','Gilbu�s','S','N','2016-08-12'),(2204501,'PI','Guadalupe','S','N','2016-08-12'),(2204550,'PI','Guaribas','S','N','2016-08-12'),(2204600,'PI','Hugo Napole�o','S','N','2016-08-12'),(2204659,'PI','Ilha Grande','S','N','2016-08-12'),(2204709,'PI','Inhuma','S','N','2016-08-12'),(2204808,'PI','Ipiranga do Piau�','S','N','2016-08-12'),(2204907,'PI','Isa�as Coelho','S','N','2016-08-12'),(2205003,'PI','Itain�polis','S','N','2016-08-12'),(2205102,'PI','Itaueira','S','N','2016-08-12'),(2205151,'PI','Jacobina do Piau�','S','N','2016-08-12'),(2205201,'PI','Jaic�s','S','N','2016-08-12'),(2205250,'PI','Jardim do Mulato','S','N','2016-08-12'),(2205276,'PI','Jatob� do Piau�','S','N','2016-08-12'),(2205300,'PI','Jerumenha','S','N','2016-08-12'),(2205359,'PI','Jo�o Costa','S','N','2016-08-12'),(2205409,'PI','Joaquim Pires','S','N','2016-08-12'),(2205458,'PI','Joca Marques','S','N','2016-08-12'),(2205508,'PI','Jos� de Freitas','S','N','2016-08-12'),(2205516,'PI','Juazeiro do Piau�','S','N','2016-08-12'),(2205524,'PI','J�lio Borges','S','N','2016-08-12'),(2205532,'PI','Jurema','S','N','2016-08-12'),(2205540,'PI','Lagoinha do Piau�','S','N','2016-08-12'),(2205557,'PI','Lagoa Alegre','S','N','2016-08-12'),(2205565,'PI','Lagoa do Barro do Piau�','S','N','2016-08-12'),(2205573,'PI','Lagoa de S�o Francisco','S','N','2016-08-12'),(2205581,'PI','Lagoa do Piau�','S','N','2016-08-12'),(2205599,'PI','Lagoa do S�tio','S','N','2016-08-12'),(2205607,'PI','Landri Sales','S','N','2016-08-12'),(2205706,'PI','Lu�s Correia','S','N','2016-08-12'),(2205805,'PI','Luzil�ndia','S','N','2016-08-12'),(2205854,'PI','Madeiro','S','N','2016-08-12'),(2205904,'PI','Manoel Em�dio','S','N','2016-08-12'),(2205953,'PI','Marcol�ndia','S','N','2016-08-12'),(2206001,'PI','Marcos Parente','S','N','2016-08-12'),(2206050,'PI','Massap� do Piau�','S','N','2016-08-12'),(2206100,'PI','Matias Ol�mpio','S','N','2016-08-12'),(2206209,'PI','Miguel Alves','S','N','2016-08-12'),(2206308,'PI','Miguel Le�o','S','N','2016-08-12'),(2206357,'PI','Milton Brand�o','S','N','2016-08-12'),(2206407,'PI','Monsenhor Gil','S','N','2016-08-12'),(2206506,'PI','Monsenhor Hip�lito','S','N','2016-08-12'),(2206605,'PI','Monte Alegre do Piau�','S','N','2016-08-12'),(2206654,'PI','Morro Cabe�a no Tempo','S','N','2016-08-12'),(2206670,'PI','Morro do Chap�u do Piau�','S','N','2016-08-12'),(2206696,'PI','Murici dos Portelas','S','N','2016-08-12'),(2206704,'PI','Nazar� do Piau�','S','N','2016-08-12'),(2206720,'PI','Naz�ria','S','N','2016-08-12'),(2206753,'PI','Nossa Senhora de Nazar�','S','N','2016-08-12'),(2206803,'PI','Nossa Senhora dos Rem�dios','S','N','2016-08-12'),(2206902,'PI','Novo Oriente do Piau�','S','N','2016-08-12'),(2206951,'PI','Novo Santo Ant�nio','S','N','2016-08-12'),(2207009,'PI','Oeiras','S','N','2016-08-12'),(2207108,'PI','Olho D��gua do Piau�','S','N','2016-08-12'),(2207207,'PI','Padre Marcos','S','N','2016-08-12'),(2207306,'PI','Paes Landim','S','N','2016-08-12'),(2207355,'PI','Paje� do Piau�','S','N','2016-08-12'),(2207405,'PI','Palmeira do Piau�','S','N','2016-08-12'),(2207504,'PI','Palmeirais','S','N','2016-08-12'),(2207553,'PI','Paquet�','S','N','2016-08-12'),(2207603,'PI','Parnagu�','S','N','2016-08-12'),(2207702,'PI','Parna�ba','S','N','2016-08-12'),(2207751,'PI','Passagem Franca do Piau�','S','N','2016-08-12'),(2207777,'PI','Patos do Piau�','S','N','2016-08-12'),(2207793,'PI','Pau D�Arco do Piau�','S','N','2016-08-12'),(2207801,'PI','Paulistana','S','N','2016-08-12'),(2207850,'PI','Pavussu','S','N','2016-08-12'),(2207900,'PI','Pedro II','S','N','2016-08-12'),(2207934,'PI','Pedro Laurentino','S','N','2016-08-12'),(2207959,'PI','Nova Santa Rita','S','N','2016-08-12'),(2208007,'PI','Picos','S','N','2016-08-12'),(2208106,'PI','Pimenteiras','S','N','2016-08-12'),(2208205,'PI','Pio IX','S','N','2016-08-12'),(2208304,'PI','Piracuruca','S','N','2016-08-12'),(2208403,'PI','Piripiri','S','N','2016-08-12'),(2208502,'PI','Porto','S','N','2016-08-12'),(2208551,'PI','Porto Alegre do Piau�','S','N','2016-08-12'),(2208601,'PI','Prata do Piau�','S','N','2016-08-12'),(2208650,'PI','Queimada Nova','S','N','2016-08-12'),(2208700,'PI','Reden��o do Gurgu�ia','S','N','2016-08-12'),(2208809,'PI','Regenera��o','S','N','2016-08-12'),(2208858,'PI','Riacho Frio','S','N','2016-08-12'),(2208874,'PI','Ribeira do Piau�','S','N','2016-08-12'),(2208908,'PI','Ribeiro Gon�alves','S','N','2016-08-12'),(2209005,'PI','Rio Grande do Piau�','S','N','2016-08-12'),(2209104,'PI','Santa Cruz do Piau�','S','N','2016-08-12'),(2209153,'PI','Santa Cruz dos Milagres','S','N','2016-08-12'),(2209203,'PI','Santa Filomena','S','N','2016-08-12'),(2209302,'PI','Santa Luz','S','N','2016-08-12'),(2209351,'PI','Santana do Piau�','S','N','2016-08-12'),(2209377,'PI','Santa Rosa do Piau�','S','N','2016-08-12'),(2209401,'PI','Santo Ant�nio de Lisboa','S','N','2016-08-12'),(2209450,'PI','Santo Ant�nio dos Milagres','S','N','2016-08-12'),(2209500,'PI','Santo In�cio do Piau�','S','N','2016-08-12'),(2209559,'PI','S�o Braz do Piau�','S','N','2016-08-12'),(2209609,'PI','S�o F�lix do Piau�','S','N','2016-08-12'),(2209658,'PI','S�o Francisco de Assis do Piau�','S','N','2016-08-12'),(2209708,'PI','S�o Francisco do Piau�','S','N','2016-08-12'),(2209757,'PI','S�o Gon�alo do Gurgu�ia','S','N','2016-08-12'),(2209807,'PI','S�o Gon�alo do Piau�','S','N','2016-08-12'),(2209856,'PI','S�o Jo�o da Canabrava','S','N','2016-08-12'),(2209872,'PI','S�o Jo�o da Fronteira','S','N','2016-08-12'),(2209906,'PI','S�o Jo�o da Serra','S','N','2016-08-12'),(2209955,'PI','S�o Jo�o da Varjota','S','N','2016-08-12'),(2209971,'PI','S�o Jo�o do Arraial','S','N','2016-08-12'),(2210003,'PI','S�o Jo�o do Piau�','S','N','2016-08-12'),(2210052,'PI','S�o Jos� do Divino','S','N','2016-08-12'),(2210102,'PI','S�o Jos� do Peixe','S','N','2016-08-12'),(2210201,'PI','S�o Jos� do Piau�','S','N','2016-08-12'),(2210300,'PI','S�o Juli�o','S','N','2016-08-12'),(2210359,'PI','S�o Louren�o do Piau�','S','N','2016-08-12'),(2210375,'PI','S�o Luis do Piau�','S','N','2016-08-12'),(2210383,'PI','S�o Miguel da Baixa Grande','S','N','2016-08-12'),(2210391,'PI','S�o Miguel do Fidalgo','S','N','2016-08-12'),(2210409,'PI','S�o Miguel do Tapuio','S','N','2016-08-12'),(2210508,'PI','S�o Pedro do Piau�','S','N','2016-08-12'),(2210607,'PI','S�o Raimundo Nonato','S','N','2016-08-12'),(2210623,'PI','Sebasti�o Barros','S','N','2016-08-12'),(2210631,'PI','Sebasti�o Leal','S','N','2016-08-12'),(2210656,'PI','Sigefredo Pacheco','S','N','2016-08-12'),(2210706,'PI','Sim�es','S','N','2016-08-12'),(2210805,'PI','Simpl�cio Mendes','S','N','2016-08-12'),(2210904,'PI','Socorro do Piau�','S','N','2016-08-12'),(2210938,'PI','Sussuapara','S','N','2016-08-12'),(2210953,'PI','Tamboril do Piau�','S','N','2016-08-12'),(2210979,'PI','Tanque do Piau�','S','N','2016-08-12'),(2211001,'PI','Teresina','S','S','2016-08-12'),(2211100,'PI','Uni�o','S','N','2016-08-12'),(2211209,'PI','Uru�u�','S','N','2016-08-12'),(2211308,'PI','Valen�a do Piau�','S','N','2016-08-12'),(2211357,'PI','V�rzea Branca','S','N','2016-08-12'),(2211407,'PI','V�rzea Grande','S','N','2016-08-12'),(2211506,'PI','Vera Mendes','S','N','2016-08-12'),(2211605,'PI','Vila Nova do Piau�','S','N','2016-08-12'),(2211704,'PI','Wall Ferraz','S','N','2016-08-12'),(2300101,'CE','Abaiara','S','N','2016-08-12'),(2300150,'CE','Acarape','S','N','2016-08-12'),(2300200,'CE','Acara�','S','N','2016-08-12'),(2300309,'CE','Acopiara','S','N','2016-08-12'),(2300408,'CE','Aiuaba','S','N','2016-08-12'),(2300507,'CE','Alc�ntaras','S','N','2016-08-12'),(2300606,'CE','Altaneira','S','N','2016-08-12'),(2300705,'CE','Alto Santo','S','N','2016-08-12'),(2300754,'CE','Amontada','S','N','2016-08-12'),(2300804,'CE','Antonina do Norte','S','N','2016-08-12'),(2300903,'CE','Apuiar�s','S','N','2016-08-12'),(2301000,'CE','Aquiraz','S','N','2016-08-12'),(2301109,'CE','Aracati','S','N','2016-08-12'),(2301208,'CE','Aracoiaba','S','N','2016-08-12'),(2301257,'CE','Ararend�','S','N','2016-08-12'),(2301307,'CE','Araripe','S','N','2016-08-12'),(2301406,'CE','Aratuba','S','N','2016-08-12'),(2301505,'CE','Arneiroz','S','N','2016-08-12'),(2301604,'CE','Assar�','S','N','2016-08-12'),(2301703,'CE','Aurora','S','N','2016-08-12'),(2301802,'CE','Baixio','S','N','2016-08-12'),(2301851,'CE','Banabui�','S','N','2016-08-12'),(2301901,'CE','Barbalha','S','N','2016-08-12'),(2301950,'CE','Barreira','S','N','2016-08-12'),(2302008,'CE','Barro','S','N','2016-08-12'),(2302057,'CE','Barroquinha','S','N','2016-08-12'),(2302107,'CE','Baturit�','S','N','2016-08-12'),(2302206,'CE','Beberibe','S','N','2016-08-12'),(2302305,'CE','Bela Cruz','S','N','2016-08-12'),(2302404,'CE','Boa Viagem','S','N','2016-08-12'),(2302503,'CE','Brejo Santo','S','N','2016-08-12'),(2302602,'CE','Camocim','S','N','2016-08-12'),(2302701,'CE','Campos Sales','S','N','2016-08-12'),(2302800,'CE','Canind�','S','N','2016-08-12'),(2302909,'CE','Capistrano','S','N','2016-08-12'),(2303006,'CE','Caridade','S','N','2016-08-12'),(2303105,'CE','Carir�','S','N','2016-08-12'),(2303204,'CE','Cariria�u','S','N','2016-08-12'),(2303303,'CE','Cari�s','S','N','2016-08-12'),(2303402,'CE','Carnaubal','S','N','2016-08-12'),(2303501,'CE','Cascavel','S','N','2016-08-12'),(2303600,'CE','Catarina','S','N','2016-08-12'),(2303659,'CE','Catunda','S','N','2016-08-12'),(2303709,'CE','Caucaia','S','N','2016-08-12'),(2303808,'CE','Cedro','S','N','2016-08-12'),(2303907,'CE','Chaval','S','N','2016-08-12'),(2303931,'CE','Chor�','S','N','2016-08-12'),(2303956,'CE','Chorozinho','S','N','2016-08-12'),(2304004,'CE','Corea�','S','N','2016-08-12'),(2304103,'CE','Crate�s','S','N','2016-08-12'),(2304202,'CE','Crato','S','N','2016-08-12'),(2304236,'CE','Croat�','S','N','2016-08-12'),(2304251,'CE','Cruz','S','N','2016-08-12'),(2304269,'CE','Deputado Irapuan Pinheiro','S','N','2016-08-12'),(2304277,'CE','Erer�','S','N','2016-08-12'),(2304285,'CE','Eus�bio','S','N','2016-08-12'),(2304301,'CE','Farias Brito','S','N','2016-08-12'),(2304350,'CE','Forquilha','S','N','2016-08-12'),(2304400,'CE','Fortaleza','S','S','2016-08-12'),(2304459,'CE','Fortim','S','N','2016-08-12'),(2304509,'CE','Frecheirinha','S','N','2016-08-12'),(2304608,'CE','General Sampaio','S','N','2016-08-12'),(2304657,'CE','Gra�a','S','N','2016-08-12'),(2304707,'CE','Granja','S','N','2016-08-12'),(2304806,'CE','Granjeiro','S','N','2016-08-12'),(2304905,'CE','Groa�ras','S','N','2016-08-12'),(2304954,'CE','Guai�ba','S','N','2016-08-12'),(2305001,'CE','Guaraciaba do Norte','S','N','2016-08-12'),(2305100,'CE','Guaramiranga','S','N','2016-08-12'),(2305209,'CE','Hidrol�ndia','S','N','2016-08-12'),(2305233,'CE','Horizonte','S','N','2016-08-12'),(2305266,'CE','Ibaretama','S','N','2016-08-12'),(2305308,'CE','Ibiapina','S','N','2016-08-12'),(2305332,'CE','Ibicuitinga','S','N','2016-08-12'),(2305357,'CE','Icapu�','S','N','2016-08-12'),(2305407,'CE','Ic�','S','N','2016-08-12'),(2305506,'CE','Iguatu','S','N','2016-08-12'),(2305605,'CE','Independ�ncia','S','N','2016-08-12'),(2305654,'CE','Ipaporanga','S','N','2016-08-12'),(2305704,'CE','Ipaumirim','S','N','2016-08-12'),(2305803,'CE','Ipu','S','N','2016-08-12'),(2305902,'CE','Ipueiras','S','N','2016-08-12'),(2306009,'CE','Iracema','S','N','2016-08-12'),(2306108,'CE','Irau�uba','S','N','2016-08-12'),(2306207,'CE','Itai�aba','S','N','2016-08-12'),(2306256,'CE','Itaitinga','S','N','2016-08-12'),(2306306,'CE','Itapag�','S','N','2016-08-12'),(2306405,'CE','Itapipoca','S','N','2016-08-12'),(2306504,'CE','Itapi�na','S','N','2016-08-12'),(2306553,'CE','Itarema','S','N','2016-08-12'),(2306603,'CE','Itatira','S','N','2016-08-12'),(2306702,'CE','Jaguaretama','S','N','2016-08-12'),(2306801,'CE','Jaguaribara','S','N','2016-08-12'),(2306900,'CE','Jaguaribe','S','N','2016-08-12'),(2307007,'CE','Jaguaruana','S','N','2016-08-12'),(2307106,'CE','Jardim','S','N','2016-08-12'),(2307205,'CE','Jati','S','N','2016-08-12'),(2307254,'CE','Jijoca de Jericoacoara','S','N','2016-08-12'),(2307304,'CE','Juazeiro do Norte','S','N','2016-08-12'),(2307403,'CE','Juc�s','S','N','2016-08-12'),(2307502,'CE','Lavras da Mangabeira','S','N','2016-08-12'),(2307601,'CE','Limoeiro do Norte','S','N','2016-08-12'),(2307635,'CE','Madalena','S','N','2016-08-12'),(2307650,'CE','Maracana�','S','N','2016-08-12'),(2307700,'CE','Maranguape','S','N','2016-08-12'),(2307809,'CE','Marco','S','N','2016-08-12'),(2307908,'CE','Martin�pole','S','N','2016-08-12'),(2308005,'CE','Massap�','S','N','2016-08-12'),(2308104,'CE','Mauriti','S','N','2016-08-12'),(2308203,'CE','Meruoca','S','N','2016-08-12'),(2308302,'CE','Milagres','S','N','2016-08-12'),(2308351,'CE','Milh�','S','N','2016-08-12'),(2308377,'CE','Mira�ma','S','N','2016-08-12'),(2308401,'CE','Miss�o Velha','S','N','2016-08-12'),(2308500,'CE','Momba�a','S','N','2016-08-12'),(2308609,'CE','Monsenhor Tabosa','S','N','2016-08-12'),(2308708,'CE','Morada Nova','S','N','2016-08-12'),(2308807,'CE','Mora�jo','S','N','2016-08-12'),(2308906,'CE','Morrinhos','S','N','2016-08-12'),(2309003,'CE','Mucambo','S','N','2016-08-12'),(2309102,'CE','Mulungu','S','N','2016-08-12'),(2309201,'CE','Nova Olinda','S','N','2016-08-12'),(2309300,'CE','Nova Russas','S','N','2016-08-12'),(2309409,'CE','Novo Oriente','S','N','2016-08-12'),(2309458,'CE','Ocara','S','N','2016-08-12'),(2309508,'CE','Or�s','S','N','2016-08-12'),(2309607,'CE','Pacajus','S','N','2016-08-12'),(2309706,'CE','Pacatuba','S','N','2016-08-12'),(2309805,'CE','Pacoti','S','N','2016-08-12'),(2309904,'CE','Pacuj�','S','N','2016-08-12'),(2310001,'CE','Palhano','S','N','2016-08-12'),(2310100,'CE','Palm�cia','S','N','2016-08-12'),(2310209,'CE','Paracuru','S','N','2016-08-12'),(2310258,'CE','Paraipaba','S','N','2016-08-12'),(2310308,'CE','Parambu','S','N','2016-08-12'),(2310407,'CE','Paramoti','S','N','2016-08-12'),(2310506,'CE','Pedra Branca','S','N','2016-08-12'),(2310605,'CE','Penaforte','S','N','2016-08-12'),(2310704,'CE','Pentecoste','S','N','2016-08-12'),(2310803,'CE','Pereiro','S','N','2016-08-12'),(2310852,'CE','Pindoretama','S','N','2016-08-12'),(2310902,'CE','Piquet Carneiro','S','N','2016-08-12'),(2310951,'CE','Pires Ferreira','S','N','2016-08-12'),(2311009,'CE','Poranga','S','N','2016-08-12'),(2311108,'CE','Porteiras','S','N','2016-08-12'),(2311207,'CE','Potengi','S','N','2016-08-12'),(2311231,'CE','Potiretama','S','N','2016-08-12'),(2311264,'CE','Quiterian�polis','S','N','2016-08-12'),(2311306,'CE','Quixad�','S','N','2016-08-12'),(2311355,'CE','Quixel�','S','N','2016-08-12'),(2311405,'CE','Quixeramobim','S','N','2016-08-12'),(2311504,'CE','Quixer�','S','N','2016-08-12'),(2311603,'CE','Reden��o','S','N','2016-08-12'),(2311702,'CE','Reriutaba','S','N','2016-08-12'),(2311801,'CE','Russas','S','N','2016-08-12'),(2311900,'CE','Saboeiro','S','N','2016-08-12'),(2311959,'CE','Salitre','S','N','2016-08-12'),(2312007,'CE','Santana do Acara�','S','N','2016-08-12'),(2312106,'CE','Santana do Cariri','S','N','2016-08-12'),(2312205,'CE','Santa Quit�ria','S','N','2016-08-12'),(2312304,'CE','S�o Benedito','S','N','2016-08-12'),(2312403,'CE','S�o Gon�alo do Amarante','S','N','2016-08-12'),(2312502,'CE','S�o Jo�o do Jaguaribe','S','N','2016-08-12'),(2312601,'CE','S�o Lu�s do Curu','S','N','2016-08-12'),(2312700,'CE','Senador Pompeu','S','N','2016-08-12'),(2312809,'CE','Senador S�','S','N','2016-08-12'),(2312908,'CE','Sobral','S','N','2016-08-12'),(2313005,'CE','Solon�pole','S','N','2016-08-12'),(2313104,'CE','Tabuleiro do Norte','S','N','2016-08-12'),(2313203,'CE','Tamboril','S','N','2016-08-12'),(2313252,'CE','Tarrafas','S','N','2016-08-12'),(2313302,'CE','Tau�','S','N','2016-08-12'),(2313351,'CE','Teju�uoca','S','N','2016-08-12'),(2313401,'CE','Tiangu�','S','N','2016-08-12'),(2313500,'CE','Trairi','S','N','2016-08-12'),(2313559,'CE','Tururu','S','N','2016-08-12'),(2313609,'CE','Ubajara','S','N','2016-08-12'),(2313708,'CE','Umari','S','N','2016-08-12'),(2313757,'CE','Umirim','S','N','2016-08-12'),(2313807,'CE','Uruburetama','S','N','2016-08-12'),(2313906,'CE','Uruoca','S','N','2016-08-12'),(2313955,'CE','Varjota','S','N','2016-08-12'),(2314003,'CE','V�rzea Alegre','S','N','2016-08-12'),(2314102,'CE','Vi�osa do Cear�','S','N','2016-08-12'),(2400109,'RN','Acari','S','N','2016-08-12'),(2400208,'RN','A�u','S','N','2016-08-12'),(2400307,'RN','Afonso Bezerra','S','N','2016-08-12'),(2400406,'RN','�gua Nova','S','N','2016-08-12'),(2400505,'RN','Alexandria','S','N','2016-08-12'),(2400604,'RN','Almino Afonso','S','N','2016-08-12'),(2400703,'RN','Alto do Rodrigues','S','N','2016-08-12'),(2400802,'RN','Angicos','S','N','2016-08-12'),(2400901,'RN','Ant�nio Martins','S','N','2016-08-12'),(2401008,'RN','Apodi','S','N','2016-08-12'),(2401107,'RN','Areia Branca','S','N','2016-08-12'),(2401206,'RN','Ar�s','S','N','2016-08-12'),(2401305,'RN','Augusto Severo','S','N','2016-08-12'),(2401404,'RN','Ba�a Formosa','S','N','2016-08-12'),(2401453,'RN','Bara�na','S','N','2016-08-12'),(2401503,'RN','Barcelona','S','N','2016-08-12'),(2401602,'RN','Bento Fernandes','S','N','2016-08-12'),(2401651,'RN','Bod�','S','N','2016-08-12'),(2401701,'RN','Bom Jesus','S','N','2016-08-12'),(2401800,'RN','Brejinho','S','N','2016-08-12'),(2401859,'RN','Cai�ara do Norte','S','N','2016-08-12'),(2401909,'RN','Cai�ara do Rio do Vento','S','N','2016-08-12'),(2402006,'RN','Caic�','S','N','2016-08-12'),(2402105,'RN','Campo Redondo','S','N','2016-08-12'),(2402204,'RN','Canguaretama','S','N','2016-08-12'),(2402303,'RN','Cara�bas','S','N','2016-08-12'),(2402402,'RN','Carna�ba dos Dantas','S','N','2016-08-12'),(2402501,'RN','Carnaubais','S','N','2016-08-12'),(2402600,'RN','Cear�-Mirim','S','N','2016-08-12'),(2402709,'RN','Cerro Cor�','S','N','2016-08-12'),(2402808,'RN','Coronel Ezequiel','S','N','2016-08-12'),(2402907,'RN','Coronel Jo�o Pessoa','S','N','2016-08-12'),(2403004,'RN','Cruzeta','S','N','2016-08-12'),(2403103,'RN','Currais Novos','S','N','2016-08-12'),(2403202,'RN','Doutor Severiano','S','N','2016-08-12'),(2403251,'RN','Parnamirim','S','N','2016-08-12'),(2403301,'RN','Encanto','S','N','2016-08-12'),(2403400,'RN','Equador','S','N','2016-08-12'),(2403509,'RN','Esp�rito Santo','S','N','2016-08-12'),(2403608,'RN','Extremoz','S','N','2016-08-12'),(2403707,'RN','Felipe Guerra','S','N','2016-08-12'),(2403756,'RN','Fernando Pedroza','S','N','2016-08-12'),(2403806,'RN','Flor�nia','S','N','2016-08-12'),(2403905,'RN','Francisco Dantas','S','N','2016-08-12'),(2404002,'RN','Frutuoso Gomes','S','N','2016-08-12'),(2404101,'RN','Galinhos','S','N','2016-08-12'),(2404200,'RN','Goianinha','S','N','2016-08-12'),(2404309,'RN','Governador Dix-Sept Rosado','S','N','2016-08-12'),(2404408,'RN','Grossos','S','N','2016-08-12'),(2404507,'RN','Guamar�','S','N','2016-08-12'),(2404606,'RN','Ielmo Marinho','S','N','2016-08-12'),(2404705,'RN','Ipangua�u','S','N','2016-08-12'),(2404804,'RN','Ipueira','S','N','2016-08-12'),(2404853,'RN','Itaj�','S','N','2016-08-12'),(2404903,'RN','Ita�','S','N','2016-08-12'),(2405009,'RN','Ja�an�','S','N','2016-08-12'),(2405108,'RN','Janda�ra','S','N','2016-08-12'),(2405207,'RN','Jandu�s','S','N','2016-08-12'),(2405306,'RN','Janu�rio Cicco','S','N','2016-08-12'),(2405405,'RN','Japi','S','N','2016-08-12'),(2405504,'RN','Jardim de Angicos','S','N','2016-08-12'),(2405603,'RN','Jardim de Piranhas','S','N','2016-08-12'),(2405702,'RN','Jardim do Serid�','S','N','2016-08-12'),(2405801,'RN','Jo�o C�mara','S','N','2016-08-12'),(2405900,'RN','Jo�o Dias','S','N','2016-08-12'),(2406007,'RN','Jos� da Penha','S','N','2016-08-12'),(2406106,'RN','Jucurutu','S','N','2016-08-12'),(2406155,'RN','Jundi�','S','N','2016-08-12'),(2406205,'RN','Lagoa d�Anta','S','N','2016-08-12'),(2406304,'RN','Lagoa de Pedras','S','N','2016-08-12'),(2406403,'RN','Lagoa de Velhos','S','N','2016-08-12'),(2406502,'RN','Lagoa Nova','S','N','2016-08-12'),(2406601,'RN','Lagoa Salgada','S','N','2016-08-12'),(2406700,'RN','Lajes','S','N','2016-08-12'),(2406809,'RN','Lajes Pintadas','S','N','2016-08-12'),(2406908,'RN','Lucr�cia','S','N','2016-08-12'),(2407005,'RN','Lu�s Gomes','S','N','2016-08-12'),(2407104,'RN','Maca�ba','S','N','2016-08-12'),(2407203,'RN','Macau','S','N','2016-08-12'),(2407252,'RN','Major Sales','S','N','2016-08-12'),(2407302,'RN','Marcelino Vieira','S','N','2016-08-12'),(2407401,'RN','Martins','S','N','2016-08-12'),(2407500,'RN','Maxaranguape','S','N','2016-08-12'),(2407609,'RN','Messias Targino','S','N','2016-08-12'),(2407708,'RN','Montanhas','S','N','2016-08-12'),(2407807,'RN','Monte Alegre','S','N','2016-08-12'),(2407906,'RN','Monte das Gameleiras','S','N','2016-08-12'),(2408003,'RN','Mossor�','S','N','2016-08-12'),(2408102,'RN','Natal','S','S','2016-08-12'),(2408201,'RN','N�sia Floresta','S','N','2016-08-12'),(2408300,'RN','Nova Cruz','S','N','2016-08-12'),(2408409,'RN','Olho-d��gua do Borges','S','N','2016-08-12'),(2408508,'RN','Ouro Branco','S','N','2016-08-12'),(2408607,'RN','Paran�','S','N','2016-08-12'),(2408706,'RN','Para�','S','N','2016-08-12'),(2408805,'RN','Parazinho','S','N','2016-08-12'),(2408904,'RN','Parelhas','S','N','2016-08-12'),(2408953,'RN','Rio do Fogo','S','N','2016-08-12'),(2409100,'RN','Passa e Fica','S','N','2016-08-12'),(2409209,'RN','Passagem','S','N','2016-08-12'),(2409308,'RN','Patu','S','N','2016-08-12'),(2409332,'RN','Santa Maria','S','N','2016-08-12'),(2409407,'RN','Pau dos Ferros','S','N','2016-08-12'),(2409506,'RN','Pedra Grande','S','N','2016-08-12'),(2409605,'RN','Pedra Preta','S','N','2016-08-12'),(2409704,'RN','Pedro Avelino','S','N','2016-08-12'),(2409803,'RN','Pedro Velho','S','N','2016-08-12'),(2409902,'RN','Pend�ncias','S','N','2016-08-12'),(2410009,'RN','Pil�es','S','N','2016-08-12'),(2410108,'RN','Po�o Branco','S','N','2016-08-12'),(2410207,'RN','Portalegre','S','N','2016-08-12'),(2410256,'RN','Porto do Mangue','S','N','2016-08-12'),(2410306,'RN','Presidente Juscelino','S','N','2016-08-12'),(2410405,'RN','Pureza','S','N','2016-08-12'),(2410504,'RN','Rafael Fernandes','S','N','2016-08-12'),(2410603,'RN','Rafael Godeiro','S','N','2016-08-12'),(2410702,'RN','Riacho da Cruz','S','N','2016-08-12'),(2410801,'RN','Riacho de Santana','S','N','2016-08-12'),(2410900,'RN','Riachuelo','S','N','2016-08-12'),(2411007,'RN','Rodolfo Fernandes','S','N','2016-08-12'),(2411056,'RN','Tibau','S','N','2016-08-12'),(2411106,'RN','Ruy Barbosa','S','N','2016-08-12'),(2411205,'RN','Santa Cruz','S','N','2016-08-12'),(2411403,'RN','Santana do Matos','S','N','2016-08-12'),(2411429,'RN','Santana do Serid�','S','N','2016-08-12'),(2411502,'RN','Santo Ant�nio','S','N','2016-08-12'),(2411601,'RN','S�o Bento do Norte','S','N','2016-08-12'),(2411700,'RN','S�o Bento do Trair�','S','N','2016-08-12'),(2411809,'RN','S�o Fernando','S','N','2016-08-12'),(2411908,'RN','S�o Francisco do Oeste','S','N','2016-08-12'),(2412005,'RN','S�o Gon�alo do Amarante','S','N','2016-08-12'),(2412104,'RN','S�o Jo�o do Sabugi','S','N','2016-08-12'),(2412203,'RN','S�o Jos� de Mipibu','S','N','2016-08-12'),(2412302,'RN','S�o Jos� do Campestre','S','N','2016-08-12'),(2412401,'RN','S�o Jos� do Serid�','S','N','2016-08-12'),(2412500,'RN','S�o Miguel','S','N','2016-08-12'),(2412559,'RN','S�o Miguel do Gostoso','S','N','2016-08-12'),(2412609,'RN','S�o Paulo do Potengi','S','N','2016-08-12'),(2412708,'RN','S�o Pedro','S','N','2016-08-12'),(2412807,'RN','S�o Rafael','S','N','2016-08-12'),(2412906,'RN','S�o Tom�','S','N','2016-08-12'),(2413003,'RN','S�o Vicente','S','N','2016-08-12'),(2413102,'RN','Senador El�i de Souza','S','N','2016-08-12'),(2413201,'RN','Senador Georgino Avelino','S','N','2016-08-12'),(2413300,'RN','Serra de S�o Bento','S','N','2016-08-12'),(2413359,'RN','Serra do Mel','S','N','2016-08-12'),(2413409,'RN','Serra Negra do Norte','S','N','2016-08-12'),(2413508,'RN','Serrinha','S','N','2016-08-12'),(2413557,'RN','Serrinha dos Pintos','S','N','2016-08-12'),(2413607,'RN','Severiano Melo','S','N','2016-08-12'),(2413706,'RN','S�tio Novo','S','N','2016-08-12'),(2413805,'RN','Taboleiro Grande','S','N','2016-08-12'),(2413904,'RN','Taipu','S','N','2016-08-12'),(2414001,'RN','Tangar�','S','N','2016-08-12'),(2414100,'RN','Tenente Ananias','S','N','2016-08-12'),(2414159,'RN','Tenente Laurentino Cruz','S','N','2016-08-12'),(2414209,'RN','Tibau do Sul','S','N','2016-08-12'),(2414308,'RN','Timba�ba dos Batistas','S','N','2016-08-12'),(2414407,'RN','Touros','S','N','2016-08-12'),(2414456,'RN','Triunfo Potiguar','S','N','2016-08-12'),(2414506,'RN','Umarizal','S','N','2016-08-12'),(2414605,'RN','Upanema','S','N','2016-08-12'),(2414704,'RN','V�rzea','S','N','2016-08-12'),(2414753,'RN','Venha-Ver','S','N','2016-08-12'),(2414803,'RN','Vera Cruz','S','N','2016-08-12'),(2414902,'RN','Vi�osa','S','N','2016-08-12'),(2415008,'RN','Vila Flor','S','N','2016-08-12'),(2500106,'PB','�gua Branca','S','N','2016-08-12'),(2500205,'PB','Aguiar','S','N','2016-08-12'),(2500304,'PB','Alagoa Grande','S','N','2016-08-12'),(2500403,'PB','Alagoa Nova','S','N','2016-08-12'),(2500502,'PB','Alagoinha','S','N','2016-08-12'),(2500536,'PB','Alcantil','S','N','2016-08-12'),(2500577,'PB','Algod�o de Janda�ra','S','N','2016-08-12'),(2500601,'PB','Alhandra','S','N','2016-08-12'),(2500700,'PB','S�o Jo�o do Rio do Peixe','S','N','2016-08-12'),(2500734,'PB','Amparo','S','N','2016-08-12'),(2500775,'PB','Aparecida','S','N','2016-08-12'),(2500809,'PB','Ara�agi','S','N','2016-08-12'),(2500908,'PB','Arara','S','N','2016-08-12'),(2501005,'PB','Araruna','S','N','2016-08-12'),(2501104,'PB','Areia','S','N','2016-08-12'),(2501153,'PB','Areia de Bara�nas','S','N','2016-08-12'),(2501203,'PB','Areial','S','N','2016-08-12'),(2501302,'PB','Aroeiras','S','N','2016-08-12'),(2501351,'PB','Assun��o','S','N','2016-08-12'),(2501401,'PB','Ba�a da Trai��o','S','N','2016-08-12'),(2501500,'PB','Bananeiras','S','N','2016-08-12'),(2501534,'PB','Bara�na','S','N','2016-08-12'),(2501575,'PB','Barra de Santana','S','N','2016-08-12'),(2501609,'PB','Barra de Santa Rosa','S','N','2016-08-12'),(2501708,'PB','Barra de S�o Miguel','S','N','2016-08-12'),(2501807,'PB','Bayeux','S','N','2016-08-12'),(2501906,'PB','Bel�m','S','N','2016-08-12'),(2502003,'PB','Bel�m do Brejo do Cruz','S','N','2016-08-12'),(2502052,'PB','Bernardino Batista','S','N','2016-08-12'),(2502102,'PB','Boa Ventura','S','N','2016-08-12'),(2502151,'PB','Boa Vista','S','N','2016-08-12'),(2502201,'PB','Bom Jesus','S','N','2016-08-12'),(2502300,'PB','Bom Sucesso','S','N','2016-08-12'),(2502409,'PB','Bonito de Santa F�','S','N','2016-08-12'),(2502508,'PB','Boqueir�o','S','N','2016-08-12'),(2502607,'PB','Igaracy','S','N','2016-08-12'),(2502706,'PB','Borborema','S','N','2016-08-12'),(2502805,'PB','Brejo do Cruz','S','N','2016-08-12'),(2502904,'PB','Brejo dos Santos','S','N','2016-08-12'),(2503001,'PB','Caapor�','S','N','2016-08-12'),(2503100,'PB','Cabaceiras','S','N','2016-08-12'),(2503209,'PB','Cabedelo','S','N','2016-08-12'),(2503308,'PB','Cachoeira dos �ndios','S','N','2016-08-12'),(2503407,'PB','Cacimba de Areia','S','N','2016-08-12'),(2503506,'PB','Cacimba de Dentro','S','N','2016-08-12'),(2503555,'PB','Cacimbas','S','N','2016-08-12'),(2503605,'PB','Cai�ara','S','N','2016-08-12'),(2503704,'PB','Cajazeiras','S','N','2016-08-12'),(2503753,'PB','Cajazeirinhas','S','N','2016-08-12'),(2503803,'PB','Caldas Brand�o','S','N','2016-08-12'),(2503902,'PB','Camala�','S','N','2016-08-12'),(2504009,'PB','Campina Grande','S','N','2016-08-12'),(2504033,'PB','Capim','S','N','2016-08-12'),(2504074,'PB','Cara�bas','S','N','2016-08-12'),(2504108,'PB','Carrapateira','S','N','2016-08-12'),(2504157,'PB','Casserengue','S','N','2016-08-12'),(2504207,'PB','Catingueira','S','N','2016-08-12'),(2504306,'PB','Catol� do Rocha','S','N','2016-08-12'),(2504355,'PB','Caturit�','S','N','2016-08-12'),(2504405,'PB','Concei��o','S','N','2016-08-12'),(2504504,'PB','Condado','S','N','2016-08-12'),(2504603,'PB','Conde','S','N','2016-08-12'),(2504702,'PB','Congo','S','N','2016-08-12'),(2504801,'PB','Coremas','S','N','2016-08-12'),(2504850,'PB','Coxixola','S','N','2016-08-12'),(2504900,'PB','Cruz do Esp�rito Santo','S','N','2016-08-12'),(2505006,'PB','Cubati','S','N','2016-08-12'),(2505105,'PB','Cuit�','S','N','2016-08-12'),(2505204,'PB','Cuitegi','S','N','2016-08-12'),(2505238,'PB','Cuit� de Mamanguape','S','N','2016-08-12'),(2505279,'PB','Curral de Cima','S','N','2016-08-12'),(2505303,'PB','Curral Velho','S','N','2016-08-12'),(2505352,'PB','Dami�o','S','N','2016-08-12'),(2505402,'PB','Desterro','S','N','2016-08-12'),(2505501,'PB','Vista Serrana','S','N','2016-08-12'),(2505600,'PB','Diamante','S','N','2016-08-12'),(2505709,'PB','Dona In�s','S','N','2016-08-12'),(2505808,'PB','Duas Estradas','S','N','2016-08-12'),(2505907,'PB','Emas','S','N','2016-08-12'),(2506004,'PB','Esperan�a','S','N','2016-08-12'),(2506103,'PB','Fagundes','S','N','2016-08-12'),(2506202,'PB','Frei Martinho','S','N','2016-08-12'),(2506251,'PB','Gado Bravo','S','N','2016-08-12'),(2506301,'PB','Guarabira','S','N','2016-08-12'),(2506400,'PB','Gurinh�m','S','N','2016-08-12'),(2506509,'PB','Gurj�o','S','N','2016-08-12'),(2506608,'PB','Ibiara','S','N','2016-08-12'),(2506707,'PB','Imaculada','S','N','2016-08-12'),(2506806,'PB','Ing�','S','N','2016-08-12'),(2506905,'PB','Itabaiana','S','N','2016-08-12'),(2507002,'PB','Itaporanga','S','N','2016-08-12'),(2507101,'PB','Itapororoca','S','N','2016-08-12'),(2507200,'PB','Itatuba','S','N','2016-08-12'),(2507309,'PB','Jacara�','S','N','2016-08-12'),(2507408,'PB','Jeric�','S','N','2016-08-12'),(2507507,'PB','Jo�o Pessoa','S','S','2016-08-12'),(2507606,'PB','Juarez T�vora','S','N','2016-08-12'),(2507705,'PB','Juazeirinho','S','N','2016-08-12'),(2507804,'PB','Junco do Serid�','S','N','2016-08-12'),(2507903,'PB','Juripiranga','S','N','2016-08-12'),(2508000,'PB','Juru','S','N','2016-08-12'),(2508109,'PB','Lagoa','S','N','2016-08-12'),(2508208,'PB','Lagoa de Dentro','S','N','2016-08-12'),(2508307,'PB','Lagoa Seca','S','N','2016-08-12'),(2508406,'PB','Lastro','S','N','2016-08-12'),(2508505,'PB','Livramento','S','N','2016-08-12'),(2508554,'PB','Logradouro','S','N','2016-08-12'),(2508604,'PB','Lucena','S','N','2016-08-12'),(2508703,'PB','M�e d��gua','S','N','2016-08-12'),(2508802,'PB','Malta','S','N','2016-08-12'),(2508901,'PB','Mamanguape','S','N','2016-08-12'),(2509008,'PB','Mana�ra','S','N','2016-08-12'),(2509057,'PB','Marca��o','S','N','2016-08-12'),(2509107,'PB','Mari','S','N','2016-08-12'),(2509156,'PB','Mariz�polis','S','N','2016-08-12'),(2509206,'PB','Massaranduba','S','N','2016-08-12'),(2509305,'PB','Mataraca','S','N','2016-08-12'),(2509339,'PB','Matinhas','S','N','2016-08-12'),(2509370,'PB','Mato Grosso','S','N','2016-08-12'),(2509396,'PB','Matur�ia','S','N','2016-08-12'),(2509404,'PB','Mogeiro','S','N','2016-08-12'),(2509503,'PB','Montadas','S','N','2016-08-12'),(2509602,'PB','Monte Horebe','S','N','2016-08-12'),(2509701,'PB','Monteiro','S','N','2016-08-12'),(2509800,'PB','Mulungu','S','N','2016-08-12'),(2509909,'PB','Natuba','S','N','2016-08-12'),(2510006,'PB','Nazarezinho','S','N','2016-08-12'),(2510105,'PB','Nova Floresta','S','N','2016-08-12'),(2510204,'PB','Nova Olinda','S','N','2016-08-12'),(2510303,'PB','Nova Palmeira','S','N','2016-08-12'),(2510402,'PB','Olho d��gua','S','N','2016-08-12'),(2510501,'PB','Olivedos','S','N','2016-08-12'),(2510600,'PB','Ouro Velho','S','N','2016-08-12'),(2510659,'PB','Parari','S','N','2016-08-12'),(2510709,'PB','Passagem','S','N','2016-08-12'),(2510808,'PB','Patos','S','N','2016-08-12'),(2510907,'PB','Paulista','S','N','2016-08-12'),(2511004,'PB','Pedra Branca','S','N','2016-08-12'),(2511103,'PB','Pedra Lavrada','S','N','2016-08-12'),(2511202,'PB','Pedras de Fogo','S','N','2016-08-12'),(2511301,'PB','Pianc�','S','N','2016-08-12'),(2511400,'PB','Picu�','S','N','2016-08-12'),(2511509,'PB','Pilar','S','N','2016-08-12'),(2511608,'PB','Pil�es','S','N','2016-08-12'),(2511707,'PB','Pil�ezinhos','S','N','2016-08-12'),(2511806,'PB','Pirpirituba','S','N','2016-08-12'),(2511905,'PB','Pitimbu','S','N','2016-08-12'),(2512002,'PB','Pocinhos','S','N','2016-08-12'),(2512036,'PB','Po�o Dantas','S','N','2016-08-12'),(2512077,'PB','Po�o de Jos� de Moura','S','N','2016-08-12'),(2512101,'PB','Pombal','S','N','2016-08-12'),(2512200,'PB','Prata','S','N','2016-08-12'),(2512309,'PB','Princesa Isabel','S','N','2016-08-12'),(2512408,'PB','Puxinan�','S','N','2016-08-12'),(2512507,'PB','Queimadas','S','N','2016-08-12'),(2512606,'PB','Quixab�','S','N','2016-08-12'),(2512705,'PB','Rem�gio','S','N','2016-08-12'),(2512721,'PB','Pedro R�gis','S','N','2016-08-12'),(2512747,'PB','Riach�o','S','N','2016-08-12'),(2512754,'PB','Riach�o do Bacamarte','S','N','2016-08-12'),(2512762,'PB','Riach�o do Po�o','S','N','2016-08-12'),(2512788,'PB','Riacho de Santo Ant�nio','S','N','2016-08-12'),(2512804,'PB','Riacho dos Cavalos','S','N','2016-08-12'),(2512903,'PB','Rio Tinto','S','N','2016-08-12'),(2513000,'PB','Salgadinho','S','N','2016-08-12'),(2513109,'PB','Salgado de S�o F�lix','S','N','2016-08-12'),(2513158,'PB','Santa Cec�lia','S','N','2016-08-12'),(2513208,'PB','Santa Cruz','S','N','2016-08-12'),(2513307,'PB','Santa Helena','S','N','2016-08-12'),(2513356,'PB','Santa In�s','S','N','2016-08-12'),(2513406,'PB','Santa Luzia','S','N','2016-08-12'),(2513505,'PB','Santana de Mangueira','S','N','2016-08-12'),(2513604,'PB','Santana dos Garrotes','S','N','2016-08-12'),(2513653,'PB','Santar�m','S','N','2016-08-12'),(2513703,'PB','Santa Rita','S','N','2016-08-12'),(2513802,'PB','Santa Teresinha','S','N','2016-08-12'),(2513851,'PB','Santo Andr�','S','N','2016-08-12'),(2513901,'PB','S�o Bento','S','N','2016-08-12'),(2513927,'PB','S�o Bentinho','S','N','2016-08-12'),(2513943,'PB','S�o Domingos do Cariri','S','N','2016-08-12'),(2513968,'PB','S�o Domingos de Pombal','S','N','2016-08-12'),(2513984,'PB','S�o Francisco','S','N','2016-08-12'),(2514008,'PB','S�o Jo�o do Cariri','S','N','2016-08-12'),(2514107,'PB','S�o Jo�o do Tigre','S','N','2016-08-12'),(2514206,'PB','S�o Jos� da Lagoa Tapada','S','N','2016-08-12'),(2514305,'PB','S�o Jos� de Caiana','S','N','2016-08-12'),(2514404,'PB','S�o Jos� de Espinharas','S','N','2016-08-12'),(2514453,'PB','S�o Jos� dos Ramos','S','N','2016-08-12'),(2514503,'PB','S�o Jos� de Piranhas','S','N','2016-08-12'),(2514552,'PB','S�o Jos� de Princesa','S','N','2016-08-12'),(2514602,'PB','S�o Jos� do Bonfim','S','N','2016-08-12'),(2514651,'PB','S�o Jos� do Brejo do Cruz','S','N','2016-08-12'),(2514701,'PB','S�o Jos� do Sabugi','S','N','2016-08-12'),(2514800,'PB','S�o Jos� dos Cordeiros','S','N','2016-08-12'),(2514909,'PB','S�o Mamede','S','N','2016-08-12'),(2515005,'PB','S�o Miguel de Taipu','S','N','2016-08-12'),(2515104,'PB','S�o Sebasti�o de Lagoa de Ro�a','S','N','2016-08-12'),(2515203,'PB','S�o Sebasti�o do Umbuzeiro','S','N','2016-08-12'),(2515302,'PB','Sap�','S','N','2016-08-12'),(2515401,'PB','Serid�','S','N','2016-08-12'),(2515500,'PB','Serra Branca','S','N','2016-08-12'),(2515609,'PB','Serra da Raiz','S','N','2016-08-12'),(2515708,'PB','Serra Grande','S','N','2016-08-12'),(2515807,'PB','Serra Redonda','S','N','2016-08-12'),(2515906,'PB','Serraria','S','N','2016-08-12'),(2515930,'PB','Sert�ozinho','S','N','2016-08-12'),(2515971,'PB','Sobrado','S','N','2016-08-12'),(2516003,'PB','Sol�nea','S','N','2016-08-12'),(2516102,'PB','Soledade','S','N','2016-08-12'),(2516151,'PB','Soss�go','S','N','2016-08-12'),(2516201,'PB','Sousa','S','N','2016-08-12'),(2516300,'PB','Sum�','S','N','2016-08-12'),(2516409,'PB','Campo de Santana','S','N','2016-08-12'),(2516508,'PB','Tapero�','S','N','2016-08-12'),(2516607,'PB','Tavares','S','N','2016-08-12'),(2516706,'PB','Teixeira','S','N','2016-08-12'),(2516755,'PB','Ten�rio','S','N','2016-08-12'),(2516805,'PB','Triunfo','S','N','2016-08-12'),(2516904,'PB','Uira�na','S','N','2016-08-12'),(2517001,'PB','Umbuzeiro','S','N','2016-08-12'),(2517100,'PB','V�rzea','S','N','2016-08-12'),(2517209,'PB','Vieir�polis','S','N','2016-08-12'),(2517407,'PB','Zabel�','S','N','2016-08-12'),(2600054,'PE','Abreu e Lima','S','N','2016-08-12'),(2600104,'PE','Afogados da Ingazeira','S','N','2016-08-12'),(2600203,'PE','Afr�nio','S','N','2016-08-12'),(2600302,'PE','Agrestina','S','N','2016-08-12'),(2600401,'PE','�gua Preta','S','N','2016-08-12'),(2600500,'PE','�guas Belas','S','N','2016-08-12'),(2600609,'PE','Alagoinha','S','N','2016-08-12'),(2600708,'PE','Alian�a','S','N','2016-08-12'),(2600807,'PE','Altinho','S','N','2016-08-12'),(2600906,'PE','Amaraji','S','N','2016-08-12'),(2601003,'PE','Angelim','S','N','2016-08-12'),(2601052,'PE','Ara�oiaba','S','N','2016-08-12'),(2601102,'PE','Araripina','S','N','2016-08-12'),(2601201,'PE','Arcoverde','S','N','2016-08-12'),(2601300,'PE','Barra de Guabiraba','S','N','2016-08-12'),(2601409,'PE','Barreiros','S','N','2016-08-12'),(2601508,'PE','Bel�m de Maria','S','N','2016-08-12'),(2601607,'PE','Bel�m de S�o Francisco','S','N','2016-08-12'),(2601706,'PE','Belo Jardim','S','N','2016-08-12'),(2601805,'PE','Bet�nia','S','N','2016-08-12'),(2601904,'PE','Bezerros','S','N','2016-08-12'),(2602001,'PE','Bodoc�','S','N','2016-08-12'),(2602100,'PE','Bom Conselho','S','N','2016-08-12'),(2602209,'PE','Bom Jardim','S','N','2016-08-12'),(2602308,'PE','Bonito','S','N','2016-08-12'),(2602407,'PE','Brej�o','S','N','2016-08-12'),(2602506,'PE','Brejinho','S','N','2016-08-12'),(2602605,'PE','Brejo da Madre de Deus','S','N','2016-08-12'),(2602704,'PE','Buenos Aires','S','N','2016-08-12'),(2602803,'PE','Bu�que','S','N','2016-08-12'),(2602902,'PE','Cabo de Santo Agostinho','S','N','2016-08-12'),(2603009,'PE','Cabrob�','S','N','2016-08-12'),(2603108,'PE','Cachoeirinha','S','N','2016-08-12'),(2603207,'PE','Caet�s','S','N','2016-08-12'),(2603306,'PE','Cal�ado','S','N','2016-08-12'),(2603405,'PE','Calumbi','S','N','2016-08-12'),(2603454,'PE','Camaragibe','S','N','2016-08-12'),(2603504,'PE','Camocim de S�o F�lix','S','N','2016-08-12'),(2603603,'PE','Camutanga','S','N','2016-08-12'),(2603702,'PE','Canhotinho','S','N','2016-08-12'),(2603801,'PE','Capoeiras','S','N','2016-08-12'),(2603900,'PE','Carna�ba','S','N','2016-08-12'),(2603926,'PE','Carnaubeira da Penha','S','N','2016-08-12'),(2604007,'PE','Carpina','S','N','2016-08-12'),(2604106,'PE','Caruaru','S','N','2016-08-12'),(2604155,'PE','Casinhas','S','N','2016-08-12'),(2604205,'PE','Catende','S','N','2016-08-12'),(2604304,'PE','Cedro','S','N','2016-08-12'),(2604403,'PE','Ch� de Alegria','S','N','2016-08-12'),(2604502,'PE','Ch� Grande','S','N','2016-08-12'),(2604601,'PE','Condado','S','N','2016-08-12'),(2604700,'PE','Correntes','S','N','2016-08-12'),(2604809,'PE','Cort�s','S','N','2016-08-12'),(2604908,'PE','Cumaru','S','N','2016-08-12'),(2605004,'PE','Cupira','S','N','2016-08-12'),(2605103,'PE','Cust�dia','S','N','2016-08-12'),(2605152,'PE','Dormentes','S','N','2016-08-12'),(2605202,'PE','Escada','S','N','2016-08-12'),(2605301,'PE','Exu','S','N','2016-08-12'),(2605400,'PE','Feira Nova','S','N','2016-08-12'),(2605459,'PE','Fernando de Noronha','S','N','2016-08-12'),(2605509,'PE','Ferreiros','S','N','2016-08-12'),(2605608,'PE','Flores','S','N','2016-08-12'),(2605707,'PE','Floresta','S','N','2016-08-12'),(2605806,'PE','Frei Miguelinho','S','N','2016-08-12'),(2605905,'PE','Gameleira','S','N','2016-08-12'),(2606002,'PE','Garanhuns','S','N','2016-08-12'),(2606101,'PE','Gl�ria do Goit�','S','N','2016-08-12'),(2606200,'PE','Goiana','S','N','2016-08-12'),(2606309,'PE','Granito','S','N','2016-08-12'),(2606408,'PE','Gravat�','S','N','2016-08-12'),(2606507,'PE','Iati','S','N','2016-08-12'),(2606606,'PE','Ibimirim','S','N','2016-08-12'),(2606705,'PE','Ibirajuba','S','N','2016-08-12'),(2606804,'PE','Igarassu','S','N','2016-08-12'),(2606903,'PE','Iguaraci','S','N','2016-08-12'),(2607000,'PE','Inaj�','S','N','2016-08-12'),(2607109,'PE','Ingazeira','S','N','2016-08-12'),(2607208,'PE','Ipojuca','S','N','2016-08-12'),(2607307,'PE','Ipubi','S','N','2016-08-12'),(2607406,'PE','Itacuruba','S','N','2016-08-12'),(2607505,'PE','Ita�ba','S','N','2016-08-12'),(2607604,'PE','Ilha de Itamarac�','S','N','2016-08-12'),(2607653,'PE','Itamb�','S','N','2016-08-12'),(2607703,'PE','Itapetim','S','N','2016-08-12'),(2607752,'PE','Itapissuma','S','N','2016-08-12'),(2607802,'PE','Itaquitinga','S','N','2016-08-12'),(2607901,'PE','Jaboat�o dos Guararapes','S','N','2016-08-12'),(2607950,'PE','Jaqueira','S','N','2016-08-12'),(2608008,'PE','Jata�ba','S','N','2016-08-12'),(2608057,'PE','Jatob�','S','N','2016-08-12'),(2608107,'PE','Jo�o Alfredo','S','N','2016-08-12'),(2608206,'PE','Joaquim Nabuco','S','N','2016-08-12'),(2608255,'PE','Jucati','S','N','2016-08-12'),(2608305,'PE','Jupi','S','N','2016-08-12'),(2608404,'PE','Jurema','S','N','2016-08-12'),(2608453,'PE','Lagoa do Carro','S','N','2016-08-12'),(2608503,'PE','Lagoa do Itaenga','S','N','2016-08-12'),(2608602,'PE','Lagoa do Ouro','S','N','2016-08-12'),(2608701,'PE','Lagoa dos Gatos','S','N','2016-08-12'),(2608750,'PE','Lagoa Grande','S','N','2016-08-12'),(2608800,'PE','Lajedo','S','N','2016-08-12'),(2608909,'PE','Limoeiro','S','N','2016-08-12'),(2609006,'PE','Macaparana','S','N','2016-08-12'),(2609105,'PE','Machados','S','N','2016-08-12'),(2609154,'PE','Manari','S','N','2016-08-12'),(2609204,'PE','Maraial','S','N','2016-08-12'),(2609303,'PE','Mirandiba','S','N','2016-08-12'),(2609402,'PE','Moreno','S','N','2016-08-12'),(2609501,'PE','Nazar� da Mata','S','N','2016-08-12'),(2609600,'PE','Olinda','S','N','2016-08-12'),(2609709,'PE','Orob�','S','N','2016-08-12'),(2609808,'PE','Oroc�','S','N','2016-08-12'),(2609907,'PE','Ouricuri','S','N','2016-08-12'),(2610004,'PE','Palmares','S','N','2016-08-12'),(2610103,'PE','Palmeirina','S','N','2016-08-12'),(2610202,'PE','Panelas','S','N','2016-08-12'),(2610301,'PE','Paranatama','S','N','2016-08-12'),(2610400,'PE','Parnamirim','S','N','2016-08-12'),(2610509,'PE','Passira','S','N','2016-08-12'),(2610608,'PE','Paudalho','S','N','2016-08-12'),(2610707,'PE','Paulista','S','N','2016-08-12'),(2610806,'PE','Pedra','S','N','2016-08-12'),(2610905,'PE','Pesqueira','S','N','2016-08-12'),(2611002,'PE','Petrol�ndia','S','N','2016-08-12'),(2611101,'PE','Petrolina','S','N','2016-08-12'),(2611200,'PE','Po��o','S','N','2016-08-12'),(2611309,'PE','Pombos','S','N','2016-08-12'),(2611408,'PE','Primavera','S','N','2016-08-12'),(2611507,'PE','Quipap�','S','N','2016-08-12'),(2611533,'PE','Quixaba','S','N','2016-08-12'),(2611606,'PE','Recife','S','S','2016-08-12'),(2611705,'PE','Riacho das Almas','S','N','2016-08-12'),(2611804,'PE','Ribeir�o','S','N','2016-08-12'),(2611903,'PE','Rio Formoso','S','N','2016-08-12'),(2612000,'PE','Sair�','S','N','2016-08-12'),(2612109,'PE','Salgadinho','S','N','2016-08-12'),(2612208,'PE','Salgueiro','S','N','2016-08-12'),(2612307,'PE','Salo�','S','N','2016-08-12'),(2612406,'PE','Sanhar�','S','N','2016-08-12'),(2612455,'PE','Santa Cruz','S','N','2016-08-12'),(2612471,'PE','Santa Cruz da Baixa Verde','S','N','2016-08-12'),(2612505,'PE','Santa Cruz do Capibaribe','S','N','2016-08-12'),(2612554,'PE','Santa Filomena','S','N','2016-08-12'),(2612604,'PE','Santa Maria da Boa Vista','S','N','2016-08-12'),(2612703,'PE','Santa Maria do Cambuc�','S','N','2016-08-12'),(2612802,'PE','Santa Terezinha','S','N','2016-08-12'),(2612901,'PE','S�o Benedito do Sul','S','N','2016-08-12'),(2613008,'PE','S�o Bento do Una','S','N','2016-08-12'),(2613107,'PE','S�o Caitano','S','N','2016-08-12'),(2613206,'PE','S�o Jo�o','S','N','2016-08-12'),(2613305,'PE','S�o Joaquim do Monte','S','N','2016-08-12'),(2613404,'PE','S�o Jos� da Coroa Grande','S','N','2016-08-12'),(2613503,'PE','S�o Jos� do Belmonte','S','N','2016-08-12'),(2613602,'PE','S�o Jos� do Egito','S','N','2016-08-12'),(2613701,'PE','S�o Louren�o da Mata','S','N','2016-08-12'),(2613800,'PE','S�o Vicente Ferrer','S','N','2016-08-12'),(2613909,'PE','Serra Talhada','S','N','2016-08-12'),(2614006,'PE','Serrita','S','N','2016-08-12'),(2614105,'PE','Sert�nia','S','N','2016-08-12'),(2614204,'PE','Sirinha�m','S','N','2016-08-12'),(2614303,'PE','Moreil�ndia','S','N','2016-08-12'),(2614402,'PE','Solid�o','S','N','2016-08-12'),(2614501,'PE','Surubim','S','N','2016-08-12'),(2614600,'PE','Tabira','S','N','2016-08-12'),(2614709,'PE','Tacaimb�','S','N','2016-08-12'),(2614808,'PE','Tacaratu','S','N','2016-08-12'),(2614857,'PE','Tamandar�','S','N','2016-08-12'),(2615003,'PE','Taquaritinga do Norte','S','N','2016-08-12'),(2615102,'PE','Terezinha','S','N','2016-08-12'),(2615201,'PE','Terra Nova','S','N','2016-08-12'),(2615300,'PE','Timba�ba','S','N','2016-08-12'),(2615409,'PE','Toritama','S','N','2016-08-12'),(2615508,'PE','Tracunha�m','S','N','2016-08-12'),(2615607,'PE','Trindade','S','N','2016-08-12'),(2615706,'PE','Triunfo','S','N','2016-08-12'),(2615805,'PE','Tupanatinga','S','N','2016-08-12'),(2615904,'PE','Tuparetama','S','N','2016-08-12'),(2616001,'PE','Venturosa','S','N','2016-08-12'),(2616100,'PE','Verdejante','S','N','2016-08-12'),(2616183,'PE','Vertente do L�rio','S','N','2016-08-12'),(2616209,'PE','Vertentes','S','N','2016-08-12'),(2616308,'PE','Vic�ncia','S','N','2016-08-12'),(2616407,'PE','Vit�ria de Santo Ant�o','S','N','2016-08-12'),(2616506,'PE','Xex�u','S','N','2016-08-12'),(2700102,'AL','�gua Branca','S','N','2016-08-12'),(2700201,'AL','Anadia','S','N','2016-08-12'),(2700300,'AL','Arapiraca','S','N','2016-08-12'),(2700409,'AL','Atalaia','S','N','2016-08-12'),(2700508,'AL','Barra de Santo Ant�nio','S','N','2016-08-12'),(2700607,'AL','Barra de S�o Miguel','S','N','2016-08-12'),(2700706,'AL','Batalha','S','N','2016-08-12'),(2700805,'AL','Bel�m','S','N','2016-08-12'),(2700904,'AL','Belo Monte','S','N','2016-08-12'),(2701001,'AL','Boca da Mata','S','N','2016-08-12'),(2701100,'AL','Branquinha','S','N','2016-08-12'),(2701209,'AL','Cacimbinhas','S','N','2016-08-12'),(2701308,'AL','Cajueiro','S','N','2016-08-12'),(2701357,'AL','Campestre','S','N','2016-08-12'),(2701407,'AL','Campo Alegre','S','N','2016-08-12'),(2701506,'AL','Campo Grande','S','N','2016-08-12'),(2701605,'AL','Canapi','S','N','2016-08-12'),(2701704,'AL','Capela','S','N','2016-08-12'),(2701803,'AL','Carneiros','S','N','2016-08-12'),(2701902,'AL','Ch� Preta','S','N','2016-08-12'),(2702009,'AL','Coit� do N�ia','S','N','2016-08-12'),(2702108,'AL','Col�nia Leopoldina','S','N','2016-08-12'),(2702207,'AL','Coqueiro Seco','S','N','2016-08-12'),(2702306,'AL','Coruripe','S','N','2016-08-12'),(2702355,'AL','Cra�bas','S','N','2016-08-12'),(2702405,'AL','Delmiro Gouveia','S','N','2016-08-12'),(2702504,'AL','Dois Riachos','S','N','2016-08-12'),(2702553,'AL','Estrela de Alagoas','S','N','2016-08-12'),(2702603,'AL','Feira Grande','S','N','2016-08-12'),(2702702,'AL','Feliz Deserto','S','N','2016-08-12'),(2702801,'AL','Flexeiras','S','N','2016-08-12'),(2702900,'AL','Girau do Ponciano','S','N','2016-08-12'),(2703007,'AL','Ibateguara','S','N','2016-08-12'),(2703106,'AL','Igaci','S','N','2016-08-12'),(2703205,'AL','Igreja Nova','S','N','2016-08-12'),(2703304,'AL','Inhapi','S','N','2016-08-12'),(2703403,'AL','Jacar� dos Homens','S','N','2016-08-12'),(2703502,'AL','Jacu�pe','S','N','2016-08-12'),(2703601,'AL','Japaratinga','S','N','2016-08-12'),(2703700,'AL','Jaramataia','S','N','2016-08-12'),(2703759,'AL','Jequi� da Praia','S','N','2016-08-12'),(2703809,'AL','Joaquim Gomes','S','N','2016-08-12'),(2703908,'AL','Jundi�','S','N','2016-08-12'),(2704005,'AL','Junqueiro','S','N','2016-08-12'),(2704104,'AL','Lagoa da Canoa','S','N','2016-08-12'),(2704203,'AL','Limoeiro de Anadia','S','N','2016-08-12'),(2704302,'AL','Macei�','S','S','2016-08-12'),(2704401,'AL','Major Isidoro','S','N','2016-08-12'),(2704500,'AL','Maragogi','S','N','2016-08-12'),(2704609,'AL','Maravilha','S','N','2016-08-12'),(2704708,'AL','Marechal Deodoro','S','N','2016-08-12'),(2704807,'AL','Maribondo','S','N','2016-08-12'),(2704906,'AL','Mar Vermelho','S','N','2016-08-12'),(2705002,'AL','Mata Grande','S','N','2016-08-12'),(2705101,'AL','Matriz de Camaragibe','S','N','2016-08-12'),(2705200,'AL','Messias','S','N','2016-08-12'),(2705309,'AL','Minador do Negr�o','S','N','2016-08-12'),(2705408,'AL','Monteir�polis','S','N','2016-08-12'),(2705507,'AL','Murici','S','N','2016-08-12'),(2705606,'AL','Novo Lino','S','N','2016-08-12'),(2705705,'AL','Olho d��gua das Flores','S','N','2016-08-12'),(2705804,'AL','Olho d��gua do Casado','S','N','2016-08-12'),(2705903,'AL','Olho d��gua Grande','S','N','2016-08-12'),(2706000,'AL','Oliven�a','S','N','2016-08-12'),(2706109,'AL','Ouro Branco','S','N','2016-08-12'),(2706208,'AL','Palestina','S','N','2016-08-12'),(2706307,'AL','Palmeira dos �ndios','S','N','2016-08-12'),(2706406,'AL','P�o de A��car','S','N','2016-08-12'),(2706422,'AL','Pariconha','S','N','2016-08-12'),(2706448,'AL','Paripueira','S','N','2016-08-12'),(2706505,'AL','Passo de Camaragibe','S','N','2016-08-12'),(2706604,'AL','Paulo Jacinto','S','N','2016-08-12'),(2706703,'AL','Penedo','S','N','2016-08-12'),(2706802,'AL','Pia�abu�u','S','N','2016-08-12'),(2706901,'AL','Pilar','S','N','2016-08-12'),(2707008,'AL','Pindoba','S','N','2016-08-12'),(2707107,'AL','Piranhas','S','N','2016-08-12'),(2707206,'AL','Po�o das Trincheiras','S','N','2016-08-12'),(2707305,'AL','Porto Calvo','S','N','2016-08-12'),(2707404,'AL','Porto de Pedras','S','N','2016-08-12'),(2707503,'AL','Porto Real do Col�gio','S','N','2016-08-12'),(2707602,'AL','Quebrangulo','S','N','2016-08-12'),(2707701,'AL','Rio Largo','S','N','2016-08-12'),(2707800,'AL','Roteiro','S','N','2016-08-12'),(2707909,'AL','Santa Luzia do Norte','S','N','2016-08-12'),(2708006,'AL','Santana do Ipanema','S','N','2016-08-12'),(2708105,'AL','Santana do Munda�','S','N','2016-08-12'),(2708204,'AL','S�o Br�s','S','N','2016-08-12'),(2708303,'AL','S�o Jos� da Laje','S','N','2016-08-12'),(2708402,'AL','S�o Jos� da Tapera','S','N','2016-08-12'),(2708501,'AL','S�o Lu�s do Quitunde','S','N','2016-08-12'),(2708600,'AL','S�o Miguel dos Campos','S','N','2016-08-12'),(2708709,'AL','S�o Miguel dos Milagres','S','N','2016-08-12'),(2708808,'AL','S�o Sebasti�o','S','N','2016-08-12'),(2708907,'AL','Satuba','S','N','2016-08-12'),(2708956,'AL','Senador Rui Palmeira','S','N','2016-08-12'),(2709004,'AL','Tanque d�Arca','S','N','2016-08-12'),(2709103,'AL','Taquarana','S','N','2016-08-12'),(2709152,'AL','Teot�nio Vilela','S','N','2016-08-12'),(2709202,'AL','Traipu','S','N','2016-08-12'),(2709301,'AL','Uni�o dos Palmares','S','N','2016-08-12'),(2709400,'AL','Vi�osa','S','N','2016-08-12'),(2800100,'SE','Amparo de S�o Francisco','S','N','2016-08-12'),(2800209,'SE','Aquidab�','S','N','2016-08-12'),(2800308,'SE','Aracaju','S','S','2016-08-12'),(2800407,'SE','Arau�','S','N','2016-08-12'),(2800506,'SE','Areia Branca','S','N','2016-08-12'),(2800605,'SE','Barra dos Coqueiros','S','N','2016-08-12'),(2800670,'SE','Boquim','S','N','2016-08-12'),(2800704,'SE','Brejo Grande','S','N','2016-08-12'),(2801009,'SE','Campo do Brito','S','N','2016-08-12'),(2801108,'SE','Canhoba','S','N','2016-08-12'),(2801207,'SE','Canind� de S�o Francisco','S','N','2016-08-12'),(2801306,'SE','Capela','S','N','2016-08-12'),(2801405,'SE','Carira','S','N','2016-08-12'),(2801504,'SE','Carm�polis','S','N','2016-08-12'),(2801603,'SE','Cedro de S�o Jo�o','S','N','2016-08-12'),(2801702,'SE','Cristin�polis','S','N','2016-08-12'),(2801900,'SE','Cumbe','S','N','2016-08-12'),(2802007,'SE','Divina Pastora','S','N','2016-08-12'),(2802106,'SE','Est�ncia','S','N','2016-08-12'),(2802205,'SE','Feira Nova','S','N','2016-08-12'),(2802304,'SE','Frei Paulo','S','N','2016-08-12'),(2802403,'SE','Gararu','S','N','2016-08-12'),(2802502,'SE','General Maynard','S','N','2016-08-12'),(2802601,'SE','Gracho Cardoso','S','N','2016-08-12'),(2802700,'SE','Ilha das Flores','S','N','2016-08-12'),(2802809,'SE','Indiaroba','S','N','2016-08-12'),(2802908,'SE','Itabaiana','S','N','2016-08-12'),(2803005,'SE','Itabaianinha','S','N','2016-08-12'),(2803104,'SE','Itabi','S','N','2016-08-12'),(2803203,'SE','Itaporanga d�Ajuda','S','N','2016-08-12'),(2803302,'SE','Japaratuba','S','N','2016-08-12'),(2803401,'SE','Japoat�','S','N','2016-08-12'),(2803500,'SE','Lagarto','S','N','2016-08-12'),(2803609,'SE','Laranjeiras','S','N','2016-08-12'),(2803708,'SE','Macambira','S','N','2016-08-12'),(2803807,'SE','Malhada dos Bois','S','N','2016-08-12'),(2803906,'SE','Malhador','S','N','2016-08-12'),(2804003,'SE','Maruim','S','N','2016-08-12'),(2804102,'SE','Moita Bonita','S','N','2016-08-12'),(2804201,'SE','Monte Alegre de Sergipe','S','N','2016-08-12'),(2804300,'SE','Muribeca','S','N','2016-08-12'),(2804409,'SE','Ne�polis','S','N','2016-08-12'),(2804458,'SE','Nossa Senhora Aparecida','S','N','2016-08-12'),(2804508,'SE','Nossa Senhora da Gl�ria','S','N','2016-08-12'),(2804607,'SE','Nossa Senhora das Dores','S','N','2016-08-12'),(2804706,'SE','Nossa Senhora de Lourdes','S','N','2016-08-12'),(2804805,'SE','Nossa Senhora do Socorro','S','N','2016-08-12'),(2804904,'SE','Pacatuba','S','N','2016-08-12'),(2805000,'SE','Pedra Mole','S','N','2016-08-12'),(2805109,'SE','Pedrinhas','S','N','2016-08-12'),(2805208,'SE','Pinh�o','S','N','2016-08-12'),(2805307,'SE','Pirambu','S','N','2016-08-12'),(2805406,'SE','Po�o Redondo','S','N','2016-08-12'),(2805505,'SE','Po�o Verde','S','N','2016-08-12'),(2805604,'SE','Porto da Folha','S','N','2016-08-12'),(2805703,'SE','Propri�','S','N','2016-08-12'),(2805802,'SE','Riach�o do Dantas','S','N','2016-08-12'),(2805901,'SE','Riachuelo','S','N','2016-08-12'),(2806008,'SE','Ribeir�polis','S','N','2016-08-12'),(2806107,'SE','Ros�rio do Catete','S','N','2016-08-12'),(2806206,'SE','Salgado','S','N','2016-08-12'),(2806305,'SE','Santa Luzia do Itanhy','S','N','2016-08-12'),(2806404,'SE','Santana do S�o Francisco','S','N','2016-08-12'),(2806503,'SE','Santa Rosa de Lima','S','N','2016-08-12'),(2806602,'SE','Santo Amaro das Brotas','S','N','2016-08-12'),(2806701,'SE','S�o Crist�v�o','S','N','2016-08-12'),(2806800,'SE','S�o Domingos','S','N','2016-08-12'),(2806909,'SE','S�o Francisco','S','N','2016-08-12'),(2807006,'SE','S�o Miguel do Aleixo','S','N','2016-08-12'),(2807105,'SE','Sim�o Dias','S','N','2016-08-12'),(2807204,'SE','Siriri','S','N','2016-08-12'),(2807303,'SE','Telha','S','N','2016-08-12'),(2807402,'SE','Tobias Barreto','S','N','2016-08-12'),(2807501,'SE','Tomar do Geru','S','N','2016-08-12'),(2807600,'SE','Umba�ba','S','N','2016-08-12'),(2900108,'BA','Aba�ra','S','N','2016-08-12'),(2900207,'BA','Abar�','S','N','2016-08-12'),(2900306,'BA','Acajutiba','S','N','2016-08-12'),(2900355,'BA','Adustina','S','N','2016-08-12'),(2900405,'BA','�gua Fria','S','N','2016-08-12'),(2900504,'BA','�rico Cardoso','S','N','2016-08-12'),(2900603,'BA','Aiquara','S','N','2016-08-12'),(2900702,'BA','Alagoinhas','S','N','2016-08-12'),(2900801,'BA','Alcoba�a','S','N','2016-08-12'),(2900900,'BA','Almadina','S','N','2016-08-12'),(2901007,'BA','Amargosa','S','N','2016-08-12'),(2901106,'BA','Am�lia Rodrigues','S','N','2016-08-12'),(2901155,'BA','Am�rica Dourada','S','N','2016-08-12'),(2901205,'BA','Anag�','S','N','2016-08-12'),(2901304,'BA','Andara�','S','N','2016-08-12'),(2901353,'BA','Andorinha','S','N','2016-08-12'),(2901403,'BA','Angical','S','N','2016-08-12'),(2901502,'BA','Anguera','S','N','2016-08-12'),(2901601,'BA','Antas','S','N','2016-08-12'),(2901700,'BA','Ant�nio Cardoso','S','N','2016-08-12'),(2901809,'BA','Ant�nio Gon�alves','S','N','2016-08-12'),(2901908,'BA','Apor�','S','N','2016-08-12'),(2901957,'BA','Apuarema','S','N','2016-08-12'),(2902005,'BA','Aracatu','S','N','2016-08-12'),(2902054,'BA','Ara�as','S','N','2016-08-12'),(2902104,'BA','Araci','S','N','2016-08-12'),(2902203,'BA','Aramari','S','N','2016-08-12'),(2902252,'BA','Arataca','S','N','2016-08-12'),(2902302,'BA','Aratu�pe','S','N','2016-08-12'),(2902401,'BA','Aurelino Leal','S','N','2016-08-12'),(2902500,'BA','Baian�polis','S','N','2016-08-12'),(2902609,'BA','Baixa Grande','S','N','2016-08-12'),(2902658,'BA','Banza�','S','N','2016-08-12'),(2902708,'BA','Barra','S','N','2016-08-12'),(2902807,'BA','Barra da Estiva','S','N','2016-08-12'),(2902906,'BA','Barra do Cho�a','S','N','2016-08-12'),(2903003,'BA','Barra do Mendes','S','N','2016-08-12'),(2903102,'BA','Barra do Rocha','S','N','2016-08-12'),(2903201,'BA','Barreiras','S','N','2016-08-12'),(2903235,'BA','Barro Alto','S','N','2016-08-12'),(2903276,'BA','Barrocas','S','N','2016-08-12'),(2903300,'BA','Barro Preto','S','N','2016-08-12'),(2903409,'BA','Belmonte','S','N','2016-08-12'),(2903508,'BA','Belo Campo','S','N','2016-08-12'),(2903607,'BA','Biritinga','S','N','2016-08-12'),(2903706,'BA','Boa Nova','S','N','2016-08-12'),(2903805,'BA','Boa Vista do Tupim','S','N','2016-08-12'),(2903904,'BA','Bom Jesus da Lapa','S','N','2016-08-12'),(2903953,'BA','Bom Jesus da Serra','S','N','2016-08-12'),(2904001,'BA','Boninal','S','N','2016-08-12'),(2904050,'BA','Bonito','S','N','2016-08-12'),(2904100,'BA','Boquira','S','N','2016-08-12'),(2904209,'BA','Botupor�','S','N','2016-08-12'),(2904308,'BA','Brej�es','S','N','2016-08-12'),(2904407,'BA','Brejol�ndia','S','N','2016-08-12'),(2904506,'BA','Brotas de Maca�bas','S','N','2016-08-12'),(2904605,'BA','Brumado','S','N','2016-08-12'),(2904704,'BA','Buerarema','S','N','2016-08-12'),(2904753,'BA','Buritirama','S','N','2016-08-12'),(2904803,'BA','Caatiba','S','N','2016-08-12'),(2904852,'BA','Cabaceiras do Paragua�u','S','N','2016-08-12'),(2904902,'BA','Cachoeira','S','N','2016-08-12'),(2905008,'BA','Cacul�','S','N','2016-08-12'),(2905107,'BA','Ca�m','S','N','2016-08-12'),(2905156,'BA','Caetanos','S','N','2016-08-12'),(2905206,'BA','Caetit�','S','N','2016-08-12'),(2905305,'BA','Cafarnaum','S','N','2016-08-12'),(2905404,'BA','Cairu','S','N','2016-08-12'),(2905503,'BA','Caldeir�o Grande','S','N','2016-08-12'),(2905602,'BA','Camacan','S','N','2016-08-12'),(2905701,'BA','Cama�ari','S','N','2016-08-12'),(2905800,'BA','Camamu','S','N','2016-08-12'),(2905909,'BA','Campo Alegre de Lourdes','S','N','2016-08-12'),(2906006,'BA','Campo Formoso','S','N','2016-08-12'),(2906105,'BA','Can�polis','S','N','2016-08-12'),(2906204,'BA','Canarana','S','N','2016-08-12'),(2906303,'BA','Canavieiras','S','N','2016-08-12'),(2906402,'BA','Candeal','S','N','2016-08-12'),(2906501,'BA','Candeias','S','N','2016-08-12'),(2906600,'BA','Candiba','S','N','2016-08-12'),(2906709,'BA','C�ndido Sales','S','N','2016-08-12'),(2906808,'BA','Cansan��o','S','N','2016-08-12'),(2906824,'BA','Canudos','S','N','2016-08-12'),(2906857,'BA','Capela do Alto Alegre','S','N','2016-08-12'),(2906873,'BA','Capim Grosso','S','N','2016-08-12'),(2906899,'BA','Cara�bas','S','N','2016-08-12'),(2906907,'BA','Caravelas','S','N','2016-08-12'),(2907004,'BA','Cardeal da Silva','S','N','2016-08-12'),(2907103,'BA','Carinhanha','S','N','2016-08-12'),(2907202,'BA','Casa Nova','S','N','2016-08-12'),(2907301,'BA','Castro Alves','S','N','2016-08-12'),(2907400,'BA','Catol�ndia','S','N','2016-08-12'),(2907509,'BA','Catu','S','N','2016-08-12'),(2907558,'BA','Caturama','S','N','2016-08-12'),(2907608,'BA','Central','S','N','2016-08-12'),(2907707,'BA','Chorroch�','S','N','2016-08-12'),(2907806,'BA','C�cero Dantas','S','N','2016-08-12'),(2907905,'BA','Cip�','S','N','2016-08-12'),(2908002,'BA','Coaraci','S','N','2016-08-12'),(2908101,'BA','Cocos','S','N','2016-08-12'),(2908200,'BA','Concei��o da Feira','S','N','2016-08-12'),(2908309,'BA','Concei��o do Almeida','S','N','2016-08-12'),(2908408,'BA','Concei��o do Coit�','S','N','2016-08-12'),(2908507,'BA','Concei��o do Jacu�pe','S','N','2016-08-12'),(2908606,'BA','Conde','S','N','2016-08-12'),(2908705,'BA','Conde�ba','S','N','2016-08-12'),(2908804,'BA','Contendas do Sincor�','S','N','2016-08-12'),(2908903,'BA','Cora��o de Maria','S','N','2016-08-12'),(2909000,'BA','Cordeiros','S','N','2016-08-12'),(2909109,'BA','Coribe','S','N','2016-08-12'),(2909208,'BA','Coronel Jo�o S�','S','N','2016-08-12'),(2909307,'BA','Correntina','S','N','2016-08-12'),(2909406,'BA','Cotegipe','S','N','2016-08-12'),(2909505,'BA','Cravol�ndia','S','N','2016-08-12'),(2909604,'BA','Cris�polis','S','N','2016-08-12'),(2909703,'BA','Crist�polis','S','N','2016-08-12'),(2909802,'BA','Cruz das Almas','S','N','2016-08-12'),(2909901,'BA','Cura��','S','N','2016-08-12'),(2910008,'BA','D�rio Meira','S','N','2016-08-12'),(2910057,'BA','Dias d��vila','S','N','2016-08-12'),(2910107,'BA','Dom Bas�lio','S','N','2016-08-12'),(2910206,'BA','Dom Macedo Costa','S','N','2016-08-12'),(2910305,'BA','El�sio Medrado','S','N','2016-08-12'),(2910404,'BA','Encruzilhada','S','N','2016-08-12'),(2910503,'BA','Entre Rios','S','N','2016-08-12'),(2910602,'BA','Esplanada','S','N','2016-08-12'),(2910701,'BA','Euclides da Cunha','S','N','2016-08-12'),(2910727,'BA','Eun�polis','S','N','2016-08-12'),(2910750,'BA','F�tima','S','N','2016-08-12'),(2910776,'BA','Feira da Mata','S','N','2016-08-12'),(2910800,'BA','Feira de Santana','S','N','2016-08-12'),(2910859,'BA','Filad�lfia','S','N','2016-08-12'),(2910909,'BA','Firmino Alves','S','N','2016-08-12'),(2911006,'BA','Floresta Azul','S','N','2016-08-12'),(2911105,'BA','Formosa do Rio Preto','S','N','2016-08-12'),(2911204,'BA','Gandu','S','N','2016-08-12'),(2911253,'BA','Gavi�o','S','N','2016-08-12'),(2911303,'BA','Gentio do Ouro','S','N','2016-08-12'),(2911402,'BA','Gl�ria','S','N','2016-08-12'),(2911501,'BA','Gongogi','S','N','2016-08-12'),(2911600,'BA','Governador Mangabeira','S','N','2016-08-12'),(2911659,'BA','Guajeru','S','N','2016-08-12'),(2911709,'BA','Guanambi','S','N','2016-08-12'),(2911808,'BA','Guaratinga','S','N','2016-08-12'),(2911857,'BA','Heli�polis','S','N','2016-08-12'),(2911907,'BA','Ia�u','S','N','2016-08-12'),(2912004,'BA','Ibiassuc�','S','N','2016-08-12'),(2912103,'BA','Ibicara�','S','N','2016-08-12'),(2912202,'BA','Ibicoara','S','N','2016-08-12'),(2912301,'BA','Ibicu�','S','N','2016-08-12'),(2912400,'BA','Ibipeba','S','N','2016-08-12'),(2912509,'BA','Ibipitanga','S','N','2016-08-12'),(2912608,'BA','Ibiquera','S','N','2016-08-12'),(2912707,'BA','Ibirapitanga','S','N','2016-08-12'),(2912806,'BA','Ibirapu�','S','N','2016-08-12'),(2912905,'BA','Ibirataia','S','N','2016-08-12'),(2913002,'BA','Ibitiara','S','N','2016-08-12'),(2913101,'BA','Ibitit�','S','N','2016-08-12'),(2913200,'BA','Ibotirama','S','N','2016-08-12'),(2913309,'BA','Ichu','S','N','2016-08-12'),(2913408,'BA','Igapor�','S','N','2016-08-12'),(2913457,'BA','Igrapi�na','S','N','2016-08-12'),(2913507,'BA','Igua�','S','N','2016-08-12'),(2913606,'BA','Ilh�us','S','N','2016-08-12'),(2913705,'BA','Inhambupe','S','N','2016-08-12'),(2913804,'BA','Ipecaet�','S','N','2016-08-12'),(2913903,'BA','Ipia�','S','N','2016-08-12'),(2914000,'BA','Ipir�','S','N','2016-08-12'),(2914109,'BA','Ipupiara','S','N','2016-08-12'),(2914208,'BA','Irajuba','S','N','2016-08-12'),(2914307,'BA','Iramaia','S','N','2016-08-12'),(2914406,'BA','Iraquara','S','N','2016-08-12'),(2914505,'BA','Irar�','S','N','2016-08-12'),(2914604,'BA','Irec�','S','N','2016-08-12'),(2914653,'BA','Itabela','S','N','2016-08-12'),(2914703,'BA','Itaberaba','S','N','2016-08-12'),(2914802,'BA','Itabuna','S','N','2016-08-12'),(2914901,'BA','Itacar�','S','N','2016-08-12'),(2915007,'BA','Itaet�','S','N','2016-08-12'),(2915106,'BA','Itagi','S','N','2016-08-12'),(2915205,'BA','Itagib�','S','N','2016-08-12'),(2915304,'BA','Itagimirim','S','N','2016-08-12'),(2915353,'BA','Itagua�u da Bahia','S','N','2016-08-12'),(2915403,'BA','Itaju do Col�nia','S','N','2016-08-12'),(2915502,'BA','Itaju�pe','S','N','2016-08-12'),(2915601,'BA','Itamaraju','S','N','2016-08-12'),(2915700,'BA','Itamari','S','N','2016-08-12'),(2915809,'BA','Itamb�','S','N','2016-08-12'),(2915908,'BA','Itanagra','S','N','2016-08-12'),(2916005,'BA','Itanh�m','S','N','2016-08-12'),(2916104,'BA','Itaparica','S','N','2016-08-12'),(2916203,'BA','Itap�','S','N','2016-08-12'),(2916302,'BA','Itapebi','S','N','2016-08-12'),(2916401,'BA','Itapetinga','S','N','2016-08-12'),(2916500,'BA','Itapicuru','S','N','2016-08-12'),(2916609,'BA','Itapitanga','S','N','2016-08-12'),(2916708,'BA','Itaquara','S','N','2016-08-12'),(2916807,'BA','Itarantim','S','N','2016-08-12'),(2916856,'BA','Itatim','S','N','2016-08-12'),(2916906,'BA','Itiru�u','S','N','2016-08-12'),(2917003,'BA','Iti�ba','S','N','2016-08-12'),(2917102,'BA','Itoror�','S','N','2016-08-12'),(2917201,'BA','Itua�u','S','N','2016-08-12'),(2917300,'BA','Ituber�','S','N','2016-08-12'),(2917334,'BA','Iui�','S','N','2016-08-12'),(2917359,'BA','Jaborandi','S','N','2016-08-12'),(2917409,'BA','Jacaraci','S','N','2016-08-12'),(2917508,'BA','Jacobina','S','N','2016-08-12'),(2917607,'BA','Jaguaquara','S','N','2016-08-12'),(2917706,'BA','Jaguarari','S','N','2016-08-12'),(2917805,'BA','Jaguaripe','S','N','2016-08-12'),(2917904,'BA','Janda�ra','S','N','2016-08-12'),(2918001,'BA','Jequi�','S','N','2016-08-12'),(2918100,'BA','Jeremoabo','S','N','2016-08-12'),(2918209,'BA','Jiquiri��','S','N','2016-08-12'),(2918308,'BA','Jita�na','S','N','2016-08-12'),(2918357,'BA','Jo�o Dourado','S','N','2016-08-12'),(2918407,'BA','Juazeiro','S','N','2016-08-12'),(2918456,'BA','Jucuru�u','S','N','2016-08-12'),(2918506,'BA','Jussara','S','N','2016-08-12'),(2918555,'BA','Jussari','S','N','2016-08-12'),(2918605,'BA','Jussiape','S','N','2016-08-12'),(2918704,'BA','Lafaiete Coutinho','S','N','2016-08-12'),(2918753,'BA','Lagoa Real','S','N','2016-08-12'),(2918803,'BA','Laje','S','N','2016-08-12'),(2918902,'BA','Lajed�o','S','N','2016-08-12'),(2919009,'BA','Lajedinho','S','N','2016-08-12'),(2919058,'BA','Lajedo do Tabocal','S','N','2016-08-12'),(2919108,'BA','Lamar�o','S','N','2016-08-12'),(2919157,'BA','Lap�o','S','N','2016-08-12'),(2919207,'BA','Lauro de Freitas','S','N','2016-08-12'),(2919306,'BA','Len��is','S','N','2016-08-12'),(2919405,'BA','Lic�nio de Almeida','S','N','2016-08-12'),(2919504,'BA','Livramento de Nossa Senhora','S','N','2016-08-12'),(2919553,'BA','Lu�s Eduardo Magalh�es','S','N','2016-08-12'),(2919603,'BA','Macajuba','S','N','2016-08-12'),(2919702,'BA','Macarani','S','N','2016-08-12'),(2919801,'BA','Maca�bas','S','N','2016-08-12'),(2919900,'BA','Macurur�','S','N','2016-08-12'),(2919926,'BA','Madre de Deus','S','N','2016-08-12'),(2919959,'BA','Maetinga','S','N','2016-08-12'),(2920007,'BA','Maiquinique','S','N','2016-08-12'),(2920106,'BA','Mairi','S','N','2016-08-12'),(2920205,'BA','Malhada','S','N','2016-08-12'),(2920304,'BA','Malhada de Pedras','S','N','2016-08-12'),(2920403,'BA','Manoel Vitorino','S','N','2016-08-12'),(2920452,'BA','Mansid�o','S','N','2016-08-12'),(2920502,'BA','Marac�s','S','N','2016-08-12'),(2920601,'BA','Maragogipe','S','N','2016-08-12'),(2920700,'BA','Mara�','S','N','2016-08-12'),(2920809,'BA','Marcion�lio Souza','S','N','2016-08-12'),(2920908,'BA','Mascote','S','N','2016-08-12'),(2921005,'BA','Mata de S�o Jo�o','S','N','2016-08-12'),(2921054,'BA','Matina','S','N','2016-08-12'),(2921104,'BA','Medeiros Neto','S','N','2016-08-12'),(2921203,'BA','Miguel Calmon','S','N','2016-08-12'),(2921302,'BA','Milagres','S','N','2016-08-12'),(2921401,'BA','Mirangaba','S','N','2016-08-12'),(2921450,'BA','Mirante','S','N','2016-08-12'),(2921500,'BA','Monte Santo','S','N','2016-08-12'),(2921609,'BA','Morpar�','S','N','2016-08-12'),(2921708,'BA','Morro do Chap�u','S','N','2016-08-12'),(2921807,'BA','Mortugaba','S','N','2016-08-12'),(2921906,'BA','Mucug�','S','N','2016-08-12'),(2922003,'BA','Mucuri','S','N','2016-08-12'),(2922052,'BA','Mulungu do Morro','S','N','2016-08-12'),(2922102,'BA','Mundo Novo','S','N','2016-08-12'),(2922201,'BA','Muniz Ferreira','S','N','2016-08-12'),(2922250,'BA','Muqu�m de S�o Francisco','S','N','2016-08-12'),(2922300,'BA','Muritiba','S','N','2016-08-12'),(2922409,'BA','Mutu�pe','S','N','2016-08-12'),(2922508,'BA','Nazar�','S','N','2016-08-12'),(2922607,'BA','Nilo Pe�anha','S','N','2016-08-12'),(2922656,'BA','Nordestina','S','N','2016-08-12'),(2922706,'BA','Nova Cana�','S','N','2016-08-12'),(2922730,'BA','Nova F�tima','S','N','2016-08-12'),(2922755,'BA','Nova Ibi�','S','N','2016-08-12'),(2922805,'BA','Nova Itarana','S','N','2016-08-12'),(2922854,'BA','Nova Reden��o','S','N','2016-08-12'),(2922904,'BA','Nova Soure','S','N','2016-08-12'),(2923001,'BA','Nova Vi�osa','S','N','2016-08-12'),(2923035,'BA','Novo Horizonte','S','N','2016-08-12'),(2923050,'BA','Novo Triunfo','S','N','2016-08-12'),(2923100,'BA','Olindina','S','N','2016-08-12'),(2923209,'BA','Oliveira dos Brejinhos','S','N','2016-08-12'),(2923308,'BA','Ouri�angas','S','N','2016-08-12'),(2923357,'BA','Ourol�ndia','S','N','2016-08-12'),(2923407,'BA','Palmas de Monte Alto','S','N','2016-08-12'),(2923506,'BA','Palmeiras','S','N','2016-08-12'),(2923605,'BA','Paramirim','S','N','2016-08-12'),(2923704,'BA','Paratinga','S','N','2016-08-12'),(2923803,'BA','Paripiranga','S','N','2016-08-12'),(2923902,'BA','Pau Brasil','S','N','2016-08-12'),(2924009,'BA','Paulo Afonso','S','N','2016-08-12'),(2924058,'BA','P� de Serra','S','N','2016-08-12'),(2924108,'BA','Pedr�o','S','N','2016-08-12'),(2924207,'BA','Pedro Alexandre','S','N','2016-08-12'),(2924306,'BA','Piat�','S','N','2016-08-12'),(2924405,'BA','Pil�o Arcado','S','N','2016-08-12'),(2924504,'BA','Pinda�','S','N','2016-08-12'),(2924603,'BA','Pindoba�u','S','N','2016-08-12'),(2924652,'BA','Pintadas','S','N','2016-08-12'),(2924678,'BA','Pira� do Norte','S','N','2016-08-12'),(2924702,'BA','Pirip�','S','N','2016-08-12'),(2924801,'BA','Piritiba','S','N','2016-08-12'),(2924900,'BA','Planaltino','S','N','2016-08-12'),(2925006,'BA','Planalto','S','N','2016-08-12'),(2925105,'BA','Po��es','S','N','2016-08-12'),(2925204,'BA','Pojuca','S','N','2016-08-12'),(2925253,'BA','Ponto Novo','S','N','2016-08-12'),(2925303,'BA','Porto Seguro','S','N','2016-08-12'),(2925402,'BA','Potiragu�','S','N','2016-08-12'),(2925501,'BA','Prado','S','N','2016-08-12'),(2925600,'BA','Presidente Dutra','S','N','2016-08-12'),(2925709,'BA','Presidente J�nio Quadros','S','N','2016-08-12'),(2925758,'BA','Presidente Tancredo Neves','S','N','2016-08-12'),(2925808,'BA','Queimadas','S','N','2016-08-12'),(2925907,'BA','Quijingue','S','N','2016-08-12'),(2925931,'BA','Quixabeira','S','N','2016-08-12'),(2925956,'BA','Rafael Jambeiro','S','N','2016-08-12'),(2926004,'BA','Remanso','S','N','2016-08-12'),(2926103,'BA','Retirol�ndia','S','N','2016-08-12'),(2926202,'BA','Riach�o das Neves','S','N','2016-08-12'),(2926301,'BA','Riach�o do Jacu�pe','S','N','2016-08-12'),(2926400,'BA','Riacho de Santana','S','N','2016-08-12'),(2926509,'BA','Ribeira do Amparo','S','N','2016-08-12'),(2926608,'BA','Ribeira do Pombal','S','N','2016-08-12'),(2926657,'BA','Ribeir�o do Largo','S','N','2016-08-12'),(2926707,'BA','Rio de Contas','S','N','2016-08-12'),(2926806,'BA','Rio do Ant�nio','S','N','2016-08-12'),(2926905,'BA','Rio do Pires','S','N','2016-08-12'),(2927002,'BA','Rio Real','S','N','2016-08-12'),(2927101,'BA','Rodelas','S','N','2016-08-12'),(2927200,'BA','Ruy Barbosa','S','N','2016-08-12'),(2927309,'BA','Salinas da Margarida','S','N','2016-08-12'),(2927408,'BA','Salvador','S','S','2016-08-12'),(2927507,'BA','Santa B�rbara','S','N','2016-08-12'),(2927606,'BA','Santa Br�gida','S','N','2016-08-12'),(2927705,'BA','Santa Cruz Cabr�lia','S','N','2016-08-12'),(2927804,'BA','Santa Cruz da Vit�ria','S','N','2016-08-12'),(2927903,'BA','Santa In�s','S','N','2016-08-12'),(2928000,'BA','Santaluz','S','N','2016-08-12'),(2928059,'BA','Santa Luzia','S','N','2016-08-12'),(2928109,'BA','Santa Maria da Vit�ria','S','N','2016-08-12'),(2928208,'BA','Santana','S','N','2016-08-12'),(2928307,'BA','Santan�polis','S','N','2016-08-12'),(2928406,'BA','Santa Rita de C�ssia','S','N','2016-08-12'),(2928505,'BA','Santa Teresinha','S','N','2016-08-12'),(2928604,'BA','Santo Amaro','S','N','2016-08-12'),(2928703,'BA','Santo Ant�nio de Jesus','S','N','2016-08-12'),(2928802,'BA','Santo Est�v�o','S','N','2016-08-12'),(2928901,'BA','S�o Desid�rio','S','N','2016-08-12'),(2928950,'BA','S�o Domingos','S','N','2016-08-12'),(2929008,'BA','S�o F�lix','S','N','2016-08-12'),(2929057,'BA','S�o F�lix do Coribe','S','N','2016-08-12'),(2929107,'BA','S�o Felipe','S','N','2016-08-12'),(2929206,'BA','S�o Francisco do Conde','S','N','2016-08-12'),(2929255,'BA','S�o Gabriel','S','N','2016-08-12'),(2929305,'BA','S�o Gon�alo dos Campos','S','N','2016-08-12'),(2929354,'BA','S�o Jos� da Vit�ria','S','N','2016-08-12'),(2929370,'BA','S�o Jos� do Jacu�pe','S','N','2016-08-12'),(2929404,'BA','S�o Miguel das Matas','S','N','2016-08-12'),(2929503,'BA','S�o Sebasti�o do Pass�','S','N','2016-08-12'),(2929602,'BA','Sapea�u','S','N','2016-08-12'),(2929701,'BA','S�tiro Dias','S','N','2016-08-12'),(2929750,'BA','Saubara','S','N','2016-08-12'),(2929800,'BA','Sa�de','S','N','2016-08-12'),(2929909,'BA','Seabra','S','N','2016-08-12'),(2930006,'BA','Sebasti�o Laranjeiras','S','N','2016-08-12'),(2930105,'BA','Senhor do Bonfim','S','N','2016-08-12'),(2930154,'BA','Serra do Ramalho','S','N','2016-08-12'),(2930204,'BA','Sento S�','S','N','2016-08-12'),(2930303,'BA','Serra Dourada','S','N','2016-08-12'),(2930402,'BA','Serra Preta','S','N','2016-08-12'),(2930501,'BA','Serrinha','S','N','2016-08-12'),(2930600,'BA','Serrol�ndia','S','N','2016-08-12'),(2930709,'BA','Sim�es Filho','S','N','2016-08-12'),(2930758,'BA','S�tio do Mato','S','N','2016-08-12'),(2930766,'BA','S�tio do Quinto','S','N','2016-08-12'),(2930774,'BA','Sobradinho','S','N','2016-08-12'),(2930808,'BA','Souto Soares','S','N','2016-08-12'),(2930907,'BA','Tabocas do Brejo Velho','S','N','2016-08-12'),(2931004,'BA','Tanha�u','S','N','2016-08-12'),(2931053,'BA','Tanque Novo','S','N','2016-08-12'),(2931103,'BA','Tanquinho','S','N','2016-08-12'),(2931202,'BA','Tapero�','S','N','2016-08-12'),(2931301,'BA','Tapiramut�','S','N','2016-08-12'),(2931350,'BA','Teixeira de Freitas','S','N','2016-08-12'),(2931400,'BA','Teodoro Sampaio','S','N','2016-08-12'),(2931509,'BA','Teofil�ndia','S','N','2016-08-12'),(2931608,'BA','Teol�ndia','S','N','2016-08-12'),(2931707,'BA','Terra Nova','S','N','2016-08-12'),(2931806,'BA','Tremedal','S','N','2016-08-12'),(2931905,'BA','Tucano','S','N','2016-08-12'),(2932002,'BA','Uau�','S','N','2016-08-12'),(2932101,'BA','Uba�ra','S','N','2016-08-12'),(2932200,'BA','Ubaitaba','S','N','2016-08-12'),(2932309,'BA','Ubat�','S','N','2016-08-12'),(2932408,'BA','Uiba�','S','N','2016-08-12'),(2932457,'BA','Umburanas','S','N','2016-08-12'),(2932507,'BA','Una','S','N','2016-08-12'),(2932606,'BA','Urandi','S','N','2016-08-12'),(2932705,'BA','Uru�uca','S','N','2016-08-12'),(2932804,'BA','Utinga','S','N','2016-08-12'),(2932903,'BA','Valen�a','S','N','2016-08-12'),(2933000,'BA','Valente','S','N','2016-08-12'),(2933059,'BA','V�rzea da Ro�a','S','N','2016-08-12'),(2933109,'BA','V�rzea do Po�o','S','N','2016-08-12'),(2933158,'BA','V�rzea Nova','S','N','2016-08-12'),(2933174,'BA','Varzedo','S','N','2016-08-12'),(2933208,'BA','Vera Cruz','S','N','2016-08-12'),(2933257,'BA','Vereda','S','N','2016-08-12'),(2933307,'BA','Vit�ria da Conquista','S','N','2016-08-12'),(2933406,'BA','Wagner','S','N','2016-08-12'),(2933455,'BA','Wanderley','S','N','2016-08-12'),(2933505,'BA','Wenceslau Guimar�es','S','N','2016-08-12'),(2933604,'BA','Xique-Xique','S','N','2016-08-12'),(3100104,'MG','Abadia dos Dourados','S','N','2016-08-12'),(3100203,'MG','Abaet�','S','N','2016-08-12'),(3100302,'MG','Abre Campo','S','N','2016-08-12'),(3100401,'MG','Acaiaca','S','N','2016-08-12'),(3100500,'MG','A�ucena','S','N','2016-08-12'),(3100609,'MG','�gua Boa','S','N','2016-08-12'),(3100708,'MG','�gua Comprida','S','N','2016-08-12'),(3100807,'MG','Aguanil','S','N','2016-08-12'),(3100906,'MG','�guas Formosas','S','N','2016-08-12'),(3101003,'MG','�guas Vermelhas','S','N','2016-08-12'),(3101102,'MG','Aimor�s','S','N','2016-08-12'),(3101201,'MG','Aiuruoca','S','N','2016-08-12'),(3101300,'MG','Alagoa','S','N','2016-08-12'),(3101409,'MG','Albertina','S','N','2016-08-12'),(3101508,'MG','Al�m Para�ba','S','N','2016-08-12'),(3101607,'MG','Alfenas','S','N','2016-08-12'),(3101631,'MG','Alfredo Vasconcelos','S','N','2016-08-12'),(3101706,'MG','Almenara','S','N','2016-08-12'),(3101805,'MG','Alpercata','S','N','2016-08-12'),(3101904,'MG','Alpin�polis','S','N','2016-08-12'),(3102001,'MG','Alterosa','S','N','2016-08-12'),(3102050,'MG','Alto Capara�','S','N','2016-08-12'),(3102100,'MG','Alto Rio Doce','S','N','2016-08-12'),(3102209,'MG','Alvarenga','S','N','2016-08-12'),(3102308,'MG','Alvin�polis','S','N','2016-08-12'),(3102407,'MG','Alvorada de Minas','S','N','2016-08-12'),(3102506,'MG','Amparo do Serra','S','N','2016-08-12'),(3102605,'MG','Andradas','S','N','2016-08-12'),(3102704,'MG','Cachoeira de Paje�','S','N','2016-08-12'),(3102803,'MG','Andrel�ndia','S','N','2016-08-12'),(3102852,'MG','Angel�ndia','S','N','2016-08-12'),(3102902,'MG','Ant�nio Carlos','S','N','2016-08-12'),(3103009,'MG','Ant�nio Dias','S','N','2016-08-12'),(3103108,'MG','Ant�nio Prado de Minas','S','N','2016-08-12'),(3103207,'MG','Ara�a�','S','N','2016-08-12'),(3103306,'MG','Aracitaba','S','N','2016-08-12'),(3103405,'MG','Ara�ua�','S','N','2016-08-12'),(3103504,'MG','Araguari','S','N','2016-08-12'),(3103603,'MG','Arantina','S','N','2016-08-12'),(3103702,'MG','Araponga','S','N','2016-08-12'),(3103751,'MG','Arapor�','S','N','2016-08-12'),(3103801,'MG','Arapu�','S','N','2016-08-12'),(3103900,'MG','Ara�jos','S','N','2016-08-12'),(3104007,'MG','Arax�','S','N','2016-08-12'),(3104106,'MG','Arceburgo','S','N','2016-08-12'),(3104205,'MG','Arcos','S','N','2016-08-12'),(3104304,'MG','Areado','S','N','2016-08-12'),(3104403,'MG','Argirita','S','N','2016-08-12'),(3104452,'MG','Aricanduva','S','N','2016-08-12'),(3104502,'MG','Arinos','S','N','2016-08-12'),(3104601,'MG','Astolfo Dutra','S','N','2016-08-12'),(3104700,'MG','Atal�ia','S','N','2016-08-12'),(3104809,'MG','Augusto de Lima','S','N','2016-08-12'),(3104908,'MG','Baependi','S','N','2016-08-12'),(3105004,'MG','Baldim','S','N','2016-08-12'),(3105103,'MG','Bambu�','S','N','2016-08-12'),(3105202,'MG','Bandeira','S','N','2016-08-12'),(3105301,'MG','Bandeira do Sul','S','N','2016-08-12'),(3105400,'MG','Bar�o de Cocais','S','N','2016-08-12'),(3105509,'MG','Bar�o de Monte Alto','S','N','2016-08-12'),(3105608,'MG','Barbacena','S','N','2016-08-12'),(3105707,'MG','Barra Longa','S','N','2016-08-12'),(3105905,'MG','Barroso','S','N','2016-08-12'),(3106002,'MG','Bela Vista de Minas','S','N','2016-08-12'),(3106101,'MG','Belmiro Braga','S','N','2016-08-12'),(3106200,'MG','Belo Horizonte','S','S','2016-08-12'),(3106309,'MG','Belo Oriente','S','N','2016-08-12'),(3106408,'MG','Belo Vale','S','N','2016-08-12'),(3106507,'MG','Berilo','S','N','2016-08-12'),(3106606,'MG','Bert�polis','S','N','2016-08-12'),(3106655,'MG','Berizal','S','N','2016-08-12'),(3106705,'MG','Betim','S','N','2016-08-12'),(3106804,'MG','Bias Fortes','S','N','2016-08-12'),(3106903,'MG','Bicas','S','N','2016-08-12'),(3107000,'MG','Biquinhas','S','N','2016-08-12'),(3107109,'MG','Boa Esperan�a','S','N','2016-08-12'),(3107208,'MG','Bocaina de Minas','S','N','2016-08-12'),(3107307,'MG','Bocai�va','S','N','2016-08-12'),(3107406,'MG','Bom Despacho','S','N','2016-08-12'),(3107505,'MG','Bom Jardim de Minas','S','N','2016-08-12'),(3107604,'MG','Bom Jesus da Penha','S','N','2016-08-12'),(3107703,'MG','Bom Jesus do Amparo','S','N','2016-08-12'),(3107802,'MG','Bom Jesus do Galho','S','N','2016-08-12'),(3107901,'MG','Bom Repouso','S','N','2016-08-12'),(3108008,'MG','Bom Sucesso','S','N','2016-08-12'),(3108107,'MG','Bonfim','S','N','2016-08-12'),(3108206,'MG','Bonfin�polis de Minas','S','N','2016-08-12'),(3108255,'MG','Bonito de Minas','S','N','2016-08-12'),(3108305,'MG','Borda da Mata','S','N','2016-08-12'),(3108404,'MG','Botelhos','S','N','2016-08-12'),(3108503,'MG','Botumirim','S','N','2016-08-12'),(3108552,'MG','Brasil�ndia de Minas','S','N','2016-08-12'),(3108602,'MG','Bras�lia de Minas','S','N','2016-08-12'),(3108701,'MG','Br�s Pires','S','N','2016-08-12'),(3108800,'MG','Bra�nas','S','N','2016-08-12'),(3108909,'MG','Bras�polis','S','N','2016-08-12'),(3109006,'MG','Brumadinho','S','N','2016-08-12'),(3109105,'MG','Bueno Brand�o','S','N','2016-08-12'),(3109204,'MG','Buen�polis','S','N','2016-08-12'),(3109253,'MG','Bugre','S','N','2016-08-12'),(3109303,'MG','Buritis','S','N','2016-08-12'),(3109402,'MG','Buritizeiro','S','N','2016-08-12'),(3109451,'MG','Cabeceira Grande','S','N','2016-08-12'),(3109501,'MG','Cabo Verde','S','N','2016-08-12'),(3109600,'MG','Cachoeira da Prata','S','N','2016-08-12'),(3109709,'MG','Cachoeira de Minas','S','N','2016-08-12'),(3109808,'MG','Cachoeira Dourada','S','N','2016-08-12'),(3109907,'MG','Caetan�polis','S','N','2016-08-12'),(3110004,'MG','Caet�','S','N','2016-08-12'),(3110103,'MG','Caiana','S','N','2016-08-12'),(3110202,'MG','Cajuri','S','N','2016-08-12'),(3110301,'MG','Caldas','S','N','2016-08-12'),(3110400,'MG','Camacho','S','N','2016-08-12'),(3110509,'MG','Camanducaia','S','N','2016-08-12'),(3110608,'MG','Cambu�','S','N','2016-08-12'),(3110707,'MG','Cambuquira','S','N','2016-08-12'),(3110806,'MG','Campan�rio','S','N','2016-08-12'),(3110905,'MG','Campanha','S','N','2016-08-12'),(3111002,'MG','Campestre','S','N','2016-08-12'),(3111101,'MG','Campina Verde','S','N','2016-08-12'),(3111150,'MG','Campo Azul','S','N','2016-08-12'),(3111200,'MG','Campo Belo','S','N','2016-08-12'),(3111309,'MG','Campo do Meio','S','N','2016-08-12'),(3111408,'MG','Campo Florido','S','N','2016-08-12'),(3111507,'MG','Campos Altos','S','N','2016-08-12'),(3111606,'MG','Campos Gerais','S','N','2016-08-12'),(3111705,'MG','Cana�','S','N','2016-08-12'),(3111804,'MG','Can�polis','S','N','2016-08-12'),(3111903,'MG','Cana Verde','S','N','2016-08-12'),(3112000,'MG','Candeias','S','N','2016-08-12'),(3112059,'MG','Cantagalo','S','N','2016-08-12'),(3112109,'MG','Capara�','S','N','2016-08-12'),(3112208,'MG','Capela Nova','S','N','2016-08-12'),(3112307,'MG','Capelinha','S','N','2016-08-12'),(3112406,'MG','Capetinga','S','N','2016-08-12'),(3112505,'MG','Capim Branco','S','N','2016-08-12'),(3112604,'MG','Capin�polis','S','N','2016-08-12'),(3112653,'MG','Capit�o Andrade','S','N','2016-08-12'),(3112703,'MG','Capit�o En�as','S','N','2016-08-12'),(3112802,'MG','Capit�lio','S','N','2016-08-12'),(3112901,'MG','Caputira','S','N','2016-08-12'),(3113008,'MG','Cara�','S','N','2016-08-12'),(3113107,'MG','Carana�ba','S','N','2016-08-12'),(3113206,'MG','Caranda�','S','N','2016-08-12'),(3113305,'MG','Carangola','S','N','2016-08-12'),(3113404,'MG','Caratinga','S','N','2016-08-12'),(3113503,'MG','Carbonita','S','N','2016-08-12'),(3113602,'MG','Carea�u','S','N','2016-08-12'),(3113701,'MG','Carlos Chagas','S','N','2016-08-12'),(3113800,'MG','Carm�sia','S','N','2016-08-12'),(3113909,'MG','Carmo da Cachoeira','S','N','2016-08-12'),(3114006,'MG','Carmo da Mata','S','N','2016-08-12'),(3114105,'MG','Carmo de Minas','S','N','2016-08-12'),(3114204,'MG','Carmo do Cajuru','S','N','2016-08-12'),(3114303,'MG','Carmo do Parana�ba','S','N','2016-08-12'),(3114402,'MG','Carmo do Rio Claro','S','N','2016-08-12'),(3114501,'MG','Carm�polis de Minas','S','N','2016-08-12'),(3114550,'MG','Carneirinho','S','N','2016-08-12'),(3114600,'MG','Carrancas','S','N','2016-08-12'),(3114709,'MG','Carvalh�polis','S','N','2016-08-12'),(3114808,'MG','Carvalhos','S','N','2016-08-12'),(3114907,'MG','Casa Grande','S','N','2016-08-12'),(3115003,'MG','Cascalho Rico','S','N','2016-08-12'),(3115102,'MG','C�ssia','S','N','2016-08-12'),(3115201,'MG','Concei��o da Barra de Minas','S','N','2016-08-12'),(3115300,'MG','Cataguases','S','N','2016-08-12'),(3115359,'MG','Catas Altas','S','N','2016-08-12'),(3115409,'MG','Catas Altas da Noruega','S','N','2016-08-12'),(3115458,'MG','Catuji','S','N','2016-08-12'),(3115474,'MG','Catuti','S','N','2016-08-12'),(3115508,'MG','Caxambu','S','N','2016-08-12'),(3115607,'MG','Cedro do Abaet�','S','N','2016-08-12'),(3115706,'MG','Central de Minas','S','N','2016-08-12'),(3115805,'MG','Centralina','S','N','2016-08-12'),(3115904,'MG','Ch�cara','S','N','2016-08-12'),(3116001,'MG','Chal�','S','N','2016-08-12'),(3116100,'MG','Chapada do Norte','S','N','2016-08-12'),(3116159,'MG','Chapada Ga�cha','S','N','2016-08-12'),(3116209,'MG','Chiador','S','N','2016-08-12'),(3116308,'MG','Cipot�nea','S','N','2016-08-12'),(3116407,'MG','Claraval','S','N','2016-08-12'),(3116506,'MG','Claro dos Po��es','S','N','2016-08-12'),(3116605,'MG','Cl�udio','S','N','2016-08-12'),(3116704,'MG','Coimbra','S','N','2016-08-12'),(3116803,'MG','Coluna','S','N','2016-08-12'),(3116902,'MG','Comendador Gomes','S','N','2016-08-12'),(3117009,'MG','Comercinho','S','N','2016-08-12'),(3117108,'MG','Concei��o da Aparecida','S','N','2016-08-12'),(3117207,'MG','Concei��o das Pedras','S','N','2016-08-12'),(3117306,'MG','Concei��o das Alagoas','S','N','2016-08-12'),(3117405,'MG','Concei��o de Ipanema','S','N','2016-08-12'),(3117504,'MG','Concei��o do Mato Dentro','S','N','2016-08-12'),(3117603,'MG','Concei��o do Par�','S','N','2016-08-12'),(3117702,'MG','Concei��o do Rio Verde','S','N','2016-08-12'),(3117801,'MG','Concei��o dos Ouros','S','N','2016-08-12'),(3117836,'MG','C�nego Marinho','S','N','2016-08-12'),(3117876,'MG','Confins','S','N','2016-08-12'),(3117900,'MG','Congonhal','S','N','2016-08-12'),(3118007,'MG','Congonhas','S','N','2016-08-12'),(3118106,'MG','Congonhas do Norte','S','N','2016-08-12'),(3118205,'MG','Conquista','S','N','2016-08-12'),(3118304,'MG','Conselheiro Lafaiete','S','N','2016-08-12'),(3118403,'MG','Conselheiro Pena','S','N','2016-08-12'),(3118502,'MG','Consola��o','S','N','2016-08-12'),(3118601,'MG','Contagem','S','N','2016-08-12'),(3118700,'MG','Coqueiral','S','N','2016-08-12'),(3118809,'MG','Cora��o de Jesus','S','N','2016-08-12'),(3118908,'MG','Cordisburgo','S','N','2016-08-12'),(3119005,'MG','Cordisl�ndia','S','N','2016-08-12'),(3119104,'MG','Corinto','S','N','2016-08-12'),(3119203,'MG','Coroaci','S','N','2016-08-12'),(3119302,'MG','Coromandel','S','N','2016-08-12'),(3119401,'MG','Coronel Fabriciano','S','N','2016-08-12'),(3119500,'MG','Coronel Murta','S','N','2016-08-12'),(3119609,'MG','Coronel Pacheco','S','N','2016-08-12'),(3119708,'MG','Coronel Xavier Chaves','S','N','2016-08-12'),(3119807,'MG','C�rrego Danta','S','N','2016-08-12'),(3119906,'MG','C�rrego do Bom Jesus','S','N','2016-08-12'),(3119955,'MG','C�rrego Fundo','S','N','2016-08-12'),(3120003,'MG','C�rrego Novo','S','N','2016-08-12'),(3120102,'MG','Couto de Magalh�es de Minas','S','N','2016-08-12'),(3120151,'MG','Cris�lita','S','N','2016-08-12'),(3120201,'MG','Cristais','S','N','2016-08-12'),(3120300,'MG','Crist�lia','S','N','2016-08-12'),(3120409,'MG','Cristiano Otoni','S','N','2016-08-12'),(3120508,'MG','Cristina','S','N','2016-08-12'),(3120607,'MG','Crucil�ndia','S','N','2016-08-12'),(3120706,'MG','Cruzeiro da Fortaleza','S','N','2016-08-12'),(3120805,'MG','Cruz�lia','S','N','2016-08-12'),(3120839,'MG','Cuparaque','S','N','2016-08-12'),(3120870,'MG','Curral de Dentro','S','N','2016-08-12'),(3120904,'MG','Curvelo','S','N','2016-08-12'),(3121001,'MG','Datas','S','N','2016-08-12'),(3121100,'MG','Delfim Moreira','S','N','2016-08-12'),(3121209,'MG','Delfin�polis','S','N','2016-08-12'),(3121258,'MG','Delta','S','N','2016-08-12'),(3121308,'MG','Descoberto','S','N','2016-08-12'),(3121407,'MG','Desterro de Entre Rios','S','N','2016-08-12'),(3121506,'MG','Desterro do Melo','S','N','2016-08-12'),(3121605,'MG','Diamantina','S','N','2016-08-12'),(3121704,'MG','Diogo de Vasconcelos','S','N','2016-08-12'),(3121803,'MG','Dion�sio','S','N','2016-08-12'),(3121902,'MG','Divin�sia','S','N','2016-08-12'),(3122009,'MG','Divino','S','N','2016-08-12'),(3122108,'MG','Divino das Laranjeiras','S','N','2016-08-12'),(3122207,'MG','Divinol�ndia de Minas','S','N','2016-08-12'),(3122306,'MG','Divin�polis','S','N','2016-08-12'),(3122355,'MG','Divisa Alegre','S','N','2016-08-12'),(3122405,'MG','Divisa Nova','S','N','2016-08-12'),(3122454,'MG','Divis�polis','S','N','2016-08-12'),(3122470,'MG','Dom Bosco','S','N','2016-08-12'),(3122504,'MG','Dom Cavati','S','N','2016-08-12'),(3122603,'MG','Dom Joaquim','S','N','2016-08-12'),(3122702,'MG','Dom Silv�rio','S','N','2016-08-12'),(3122801,'MG','Dom Vi�oso','S','N','2016-08-12'),(3122900,'MG','Dona Eus�bia','S','N','2016-08-12'),(3123007,'MG','Dores de Campos','S','N','2016-08-12'),(3123106,'MG','Dores de Guanh�es','S','N','2016-08-12'),(3123205,'MG','Dores do Indai�','S','N','2016-08-12'),(3123304,'MG','Dores do Turvo','S','N','2016-08-12'),(3123403,'MG','Dores�polis','S','N','2016-08-12'),(3123502,'MG','Douradoquara','S','N','2016-08-12'),(3123528,'MG','Durand�','S','N','2016-08-12'),(3123601,'MG','El�i Mendes','S','N','2016-08-12'),(3123700,'MG','Engenheiro Caldas','S','N','2016-08-12'),(3123809,'MG','Engenheiro Navarro','S','N','2016-08-12'),(3123858,'MG','Entre Folhas','S','N','2016-08-12'),(3123908,'MG','Entre Rios de Minas','S','N','2016-08-12'),(3124005,'MG','Erv�lia','S','N','2016-08-12'),(3124104,'MG','Esmeraldas','S','N','2016-08-12'),(3124203,'MG','Espera Feliz','S','N','2016-08-12'),(3124302,'MG','Espinosa','S','N','2016-08-12'),(3124401,'MG','Esp�rito Santo do Dourado','S','N','2016-08-12'),(3124500,'MG','Estiva','S','N','2016-08-12'),(3124609,'MG','Estrela Dalva','S','N','2016-08-12'),(3124708,'MG','Estrela do Indai�','S','N','2016-08-12'),(3124807,'MG','Estrela do Sul','S','N','2016-08-12'),(3124906,'MG','Eugen�polis','S','N','2016-08-12'),(3125002,'MG','Ewbank da C�mara','S','N','2016-08-12'),(3125101,'MG','Extrema','S','N','2016-08-12'),(3125200,'MG','Fama','S','N','2016-08-12'),(3125309,'MG','Faria Lemos','S','N','2016-08-12'),(3125408,'MG','Fel�cio dos Santos','S','N','2016-08-12'),(3125507,'MG','S�o Gon�alo do Rio Preto','S','N','2016-08-12'),(3125606,'MG','Felisburgo','S','N','2016-08-12'),(3125705,'MG','Felixl�ndia','S','N','2016-08-12'),(3125804,'MG','Fernandes Tourinho','S','N','2016-08-12'),(3125903,'MG','Ferros','S','N','2016-08-12'),(3125952,'MG','Fervedouro','S','N','2016-08-12'),(3126000,'MG','Florestal','S','N','2016-08-12'),(3126109,'MG','Formiga','S','N','2016-08-12'),(3126208,'MG','Formoso','S','N','2016-08-12'),(3126307,'MG','Fortaleza de Minas','S','N','2016-08-12'),(3126406,'MG','Fortuna de Minas','S','N','2016-08-12'),(3126505,'MG','Francisco Badar�','S','N','2016-08-12'),(3126604,'MG','Francisco Dumont','S','N','2016-08-12'),(3126703,'MG','Francisco S�','S','N','2016-08-12'),(3126752,'MG','Francisc�polis','S','N','2016-08-12'),(3126802,'MG','Frei Gaspar','S','N','2016-08-12'),(3126901,'MG','Frei Inoc�ncio','S','N','2016-08-12'),(3126950,'MG','Frei Lagonegro','S','N','2016-08-12'),(3127008,'MG','Fronteira','S','N','2016-08-12'),(3127057,'MG','Fronteira dos Vales','S','N','2016-08-12'),(3127073,'MG','Fruta de Leite','S','N','2016-08-12'),(3127107,'MG','Frutal','S','N','2016-08-12'),(3127206,'MG','Funil�ndia','S','N','2016-08-12'),(3127305,'MG','Galil�ia','S','N','2016-08-12'),(3127339,'MG','Gameleiras','S','N','2016-08-12'),(3127354,'MG','Glaucil�ndia','S','N','2016-08-12'),(3127370,'MG','Goiabeira','S','N','2016-08-12'),(3127388,'MG','Goian�','S','N','2016-08-12'),(3127404,'MG','Gon�alves','S','N','2016-08-12'),(3127503,'MG','Gonzaga','S','N','2016-08-12'),(3127602,'MG','Gouveia','S','N','2016-08-12'),(3127701,'MG','Governador Valadares','S','N','2016-08-12'),(3127800,'MG','Gr�o Mogol','S','N','2016-08-12'),(3127909,'MG','Grupiara','S','N','2016-08-12'),(3128006,'MG','Guanh�es','S','N','2016-08-12'),(3128105,'MG','Guap�','S','N','2016-08-12'),(3128204,'MG','Guaraciaba','S','N','2016-08-12'),(3128253,'MG','Guaraciama','S','N','2016-08-12'),(3128303,'MG','Guaran�sia','S','N','2016-08-12'),(3128402,'MG','Guarani','S','N','2016-08-12'),(3128501,'MG','Guarar�','S','N','2016-08-12'),(3128600,'MG','Guarda-Mor','S','N','2016-08-12'),(3128709,'MG','Guaxup�','S','N','2016-08-12'),(3128808,'MG','Guidoval','S','N','2016-08-12'),(3128907,'MG','Guimar�nia','S','N','2016-08-12'),(3129004,'MG','Guiricema','S','N','2016-08-12'),(3129103,'MG','Gurinhat�','S','N','2016-08-12'),(3129202,'MG','Heliodora','S','N','2016-08-12'),(3129301,'MG','Iapu','S','N','2016-08-12'),(3129400,'MG','Ibertioga','S','N','2016-08-12'),(3129509,'MG','Ibi�','S','N','2016-08-12'),(3129608,'MG','Ibia�','S','N','2016-08-12'),(3129657,'MG','Ibiracatu','S','N','2016-08-12'),(3129707,'MG','Ibiraci','S','N','2016-08-12'),(3129806,'MG','Ibirit�','S','N','2016-08-12'),(3129905,'MG','Ibiti�ra de Minas','S','N','2016-08-12'),(3130002,'MG','Ibituruna','S','N','2016-08-12'),(3130051,'MG','Icara� de Minas','S','N','2016-08-12'),(3130101,'MG','Igarap�','S','N','2016-08-12'),(3130200,'MG','Igaratinga','S','N','2016-08-12'),(3130309,'MG','Iguatama','S','N','2016-08-12'),(3130408,'MG','Ijaci','S','N','2016-08-12'),(3130507,'MG','Ilic�nea','S','N','2016-08-12'),(3130556,'MG','Imb� de Minas','S','N','2016-08-12'),(3130606,'MG','Inconfidentes','S','N','2016-08-12'),(3130655,'MG','Indaiabira','S','N','2016-08-12'),(3130705,'MG','Indian�polis','S','N','2016-08-12'),(3130804,'MG','Inga�','S','N','2016-08-12'),(3130903,'MG','Inhapim','S','N','2016-08-12'),(3131000,'MG','Inha�ma','S','N','2016-08-12'),(3131109,'MG','Inimutaba','S','N','2016-08-12'),(3131158,'MG','Ipaba','S','N','2016-08-12'),(3131208,'MG','Ipanema','S','N','2016-08-12'),(3131307,'MG','Ipatinga','S','N','2016-08-12'),(3131406,'MG','Ipia�u','S','N','2016-08-12'),(3131505,'MG','Ipui�na','S','N','2016-08-12'),(3131604,'MG','Ira� de Minas','S','N','2016-08-12'),(3131703,'MG','Itabira','S','N','2016-08-12'),(3131802,'MG','Itabirinha','S','N','2016-08-12'),(3131901,'MG','Itabirito','S','N','2016-08-12'),(3132008,'MG','Itacambira','S','N','2016-08-12'),(3132107,'MG','Itacarambi','S','N','2016-08-12'),(3132206,'MG','Itaguara','S','N','2016-08-12'),(3132305,'MG','Itaip�','S','N','2016-08-12'),(3132404,'MG','Itajub�','S','N','2016-08-12'),(3132503,'MG','Itamarandiba','S','N','2016-08-12'),(3132602,'MG','Itamarati de Minas','S','N','2016-08-12'),(3132701,'MG','Itambacuri','S','N','2016-08-12'),(3132800,'MG','Itamb� do Mato Dentro','S','N','2016-08-12'),(3132909,'MG','Itamogi','S','N','2016-08-12'),(3133006,'MG','Itamonte','S','N','2016-08-12'),(3133105,'MG','Itanhandu','S','N','2016-08-12'),(3133204,'MG','Itanhomi','S','N','2016-08-12'),(3133303,'MG','Itaobim','S','N','2016-08-12'),(3133402,'MG','Itapagipe','S','N','2016-08-12'),(3133501,'MG','Itapecerica','S','N','2016-08-12'),(3133600,'MG','Itapeva','S','N','2016-08-12'),(3133709,'MG','Itatiaiu�u','S','N','2016-08-12'),(3133758,'MG','Ita� de Minas','S','N','2016-08-12'),(3133808,'MG','Ita�na','S','N','2016-08-12'),(3133907,'MG','Itaverava','S','N','2016-08-12'),(3134004,'MG','Itinga','S','N','2016-08-12'),(3134103,'MG','Itueta','S','N','2016-08-12'),(3134202,'MG','Ituiutaba','S','N','2016-08-12'),(3134301,'MG','Itumirim','S','N','2016-08-12'),(3134400,'MG','Iturama','S','N','2016-08-12'),(3134509,'MG','Itutinga','S','N','2016-08-12'),(3134608,'MG','Jaboticatubas','S','N','2016-08-12'),(3134707,'MG','Jacinto','S','N','2016-08-12'),(3134806,'MG','Jacu�','S','N','2016-08-12'),(3134905,'MG','Jacutinga','S','N','2016-08-12'),(3135001,'MG','Jaguara�u','S','N','2016-08-12'),(3135050,'MG','Ja�ba','S','N','2016-08-12'),(3135076,'MG','Jampruca','S','N','2016-08-12'),(3135100,'MG','Jana�ba','S','N','2016-08-12'),(3135209,'MG','Janu�ria','S','N','2016-08-12'),(3135308,'MG','Japara�ba','S','N','2016-08-12'),(3135357,'MG','Japonvar','S','N','2016-08-12'),(3135407,'MG','Jeceaba','S','N','2016-08-12'),(3135456,'MG','Jenipapo de Minas','S','N','2016-08-12'),(3135506,'MG','Jequeri','S','N','2016-08-12'),(3135605,'MG','Jequita�','S','N','2016-08-12'),(3135704,'MG','Jequitib�','S','N','2016-08-12'),(3135803,'MG','Jequitinhonha','S','N','2016-08-12'),(3135902,'MG','Jesu�nia','S','N','2016-08-12'),(3136009,'MG','Joa�ma','S','N','2016-08-12'),(3136108,'MG','Joan�sia','S','N','2016-08-12'),(3136207,'MG','Jo�o Monlevade','S','N','2016-08-12'),(3136306,'MG','Jo�o Pinheiro','S','N','2016-08-12'),(3136405,'MG','Joaquim Fel�cio','S','N','2016-08-12'),(3136504,'MG','Jord�nia','S','N','2016-08-12'),(3136520,'MG','Jos� Gon�alves de Minas','S','N','2016-08-12'),(3136553,'MG','Jos� Raydan','S','N','2016-08-12'),(3136579,'MG','Josen�polis','S','N','2016-08-12'),(3136603,'MG','Nova Uni�o','S','N','2016-08-12'),(3136652,'MG','Juatuba','S','N','2016-08-12'),(3136702,'MG','Juiz de Fora','S','N','2016-08-12'),(3136801,'MG','Juramento','S','N','2016-08-12'),(3136900,'MG','Juruaia','S','N','2016-08-12'),(3136959,'MG','Juven�lia','S','N','2016-08-12'),(3137007,'MG','Ladainha','S','N','2016-08-12'),(3137106,'MG','Lagamar','S','N','2016-08-12'),(3137205,'MG','Lagoa da Prata','S','N','2016-08-12'),(3137304,'MG','Lagoa dos Patos','S','N','2016-08-12'),(3137403,'MG','Lagoa Dourada','S','N','2016-08-12'),(3137502,'MG','Lagoa Formosa','S','N','2016-08-12'),(3137536,'MG','Lagoa Grande','S','N','2016-08-12'),(3137601,'MG','Lagoa Santa','S','N','2016-08-12'),(3137700,'MG','Lajinha','S','N','2016-08-12'),(3137809,'MG','Lambari','S','N','2016-08-12'),(3137908,'MG','Lamim','S','N','2016-08-12'),(3138005,'MG','Laranjal','S','N','2016-08-12'),(3138104,'MG','Lassance','S','N','2016-08-12'),(3138203,'MG','Lavras','S','N','2016-08-12'),(3138302,'MG','Leandro Ferreira','S','N','2016-08-12'),(3138351,'MG','Leme do Prado','S','N','2016-08-12'),(3138401,'MG','Leopoldina','S','N','2016-08-12'),(3138500,'MG','Liberdade','S','N','2016-08-12'),(3138609,'MG','Lima Duarte','S','N','2016-08-12'),(3138625,'MG','Limeira do Oeste','S','N','2016-08-12'),(3138658,'MG','Lontra','S','N','2016-08-12'),(3138674,'MG','Luisburgo','S','N','2016-08-12'),(3138682,'MG','Luisl�ndia','S','N','2016-08-12'),(3138708,'MG','Lumin�rias','S','N','2016-08-12'),(3138807,'MG','Luz','S','N','2016-08-12'),(3138906,'MG','Machacalis','S','N','2016-08-12'),(3139003,'MG','Machado','S','N','2016-08-12'),(3139102,'MG','Madre de Deus de Minas','S','N','2016-08-12'),(3139201,'MG','Malacacheta','S','N','2016-08-12'),(3139250,'MG','Mamonas','S','N','2016-08-12'),(3139300,'MG','Manga','S','N','2016-08-12'),(3139409,'MG','Manhua�u','S','N','2016-08-12'),(3139508,'MG','Manhumirim','S','N','2016-08-12'),(3139607,'MG','Mantena','S','N','2016-08-12'),(3139706,'MG','Maravilhas','S','N','2016-08-12'),(3139805,'MG','Mar de Espanha','S','N','2016-08-12'),(3139904,'MG','Maria da F�','S','N','2016-08-12'),(3140001,'MG','Mariana','S','N','2016-08-12'),(3140100,'MG','Marilac','S','N','2016-08-12'),(3140159,'MG','M�rio Campos','S','N','2016-08-12'),(3140209,'MG','Marip� de Minas','S','N','2016-08-12'),(3140308,'MG','Marli�ria','S','N','2016-08-12'),(3140407,'MG','Marmel�polis','S','N','2016-08-12'),(3140506,'MG','Martinho Campos','S','N','2016-08-12'),(3140530,'MG','Martins Soares','S','N','2016-08-12'),(3140555,'MG','Mata Verde','S','N','2016-08-12'),(3140605,'MG','Materl�ndia','S','N','2016-08-12'),(3140704,'MG','Mateus Leme','S','N','2016-08-12'),(3140803,'MG','Matias Barbosa','S','N','2016-08-12'),(3140852,'MG','Matias Cardoso','S','N','2016-08-12'),(3140902,'MG','Matip�','S','N','2016-08-12'),(3141009,'MG','Mato Verde','S','N','2016-08-12'),(3141108,'MG','Matozinhos','S','N','2016-08-12'),(3141207,'MG','Matutina','S','N','2016-08-12'),(3141306,'MG','Medeiros','S','N','2016-08-12'),(3141405,'MG','Medina','S','N','2016-08-12'),(3141504,'MG','Mendes Pimentel','S','N','2016-08-12'),(3141603,'MG','Merc�s','S','N','2016-08-12'),(3141702,'MG','Mesquita','S','N','2016-08-12'),(3141801,'MG','Minas Novas','S','N','2016-08-12'),(3141900,'MG','Minduri','S','N','2016-08-12'),(3142007,'MG','Mirabela','S','N','2016-08-12'),(3142106,'MG','Miradouro','S','N','2016-08-12'),(3142205,'MG','Mira�','S','N','2016-08-12'),(3142254,'MG','Mirav�nia','S','N','2016-08-12'),(3142304,'MG','Moeda','S','N','2016-08-12'),(3142403,'MG','Moema','S','N','2016-08-12'),(3142502,'MG','Monjolos','S','N','2016-08-12'),(3142601,'MG','Monsenhor Paulo','S','N','2016-08-12'),(3142700,'MG','Montalv�nia','S','N','2016-08-12'),(3142809,'MG','Monte Alegre de Minas','S','N','2016-08-12'),(3142908,'MG','Monte Azul','S','N','2016-08-12'),(3143005,'MG','Monte Belo','S','N','2016-08-12'),(3143104,'MG','Monte Carmelo','S','N','2016-08-12'),(3143153,'MG','Monte Formoso','S','N','2016-08-12'),(3143203,'MG','Monte Santo de Minas','S','N','2016-08-12'),(3143302,'MG','Montes Claros','S','N','2016-08-12'),(3143401,'MG','Monte Si�o','S','N','2016-08-12'),(3143450,'MG','Montezuma','S','N','2016-08-12'),(3143500,'MG','Morada Nova de Minas','S','N','2016-08-12'),(3143609,'MG','Morro da Gar�a','S','N','2016-08-12'),(3143708,'MG','Morro do Pilar','S','N','2016-08-12'),(3143807,'MG','Munhoz','S','N','2016-08-12'),(3143906,'MG','Muria�','S','N','2016-08-12'),(3144003,'MG','Mutum','S','N','2016-08-12'),(3144102,'MG','Muzambinho','S','N','2016-08-12'),(3144201,'MG','Nacip Raydan','S','N','2016-08-12'),(3144300,'MG','Nanuque','S','N','2016-08-12'),(3144359,'MG','Naque','S','N','2016-08-12'),(3144375,'MG','Natal�ndia','S','N','2016-08-12'),(3144409,'MG','Nat�rcia','S','N','2016-08-12'),(3144508,'MG','Nazareno','S','N','2016-08-12'),(3144607,'MG','Nepomuceno','S','N','2016-08-12'),(3144656,'MG','Ninheira','S','N','2016-08-12'),(3144672,'MG','Nova Bel�m','S','N','2016-08-12'),(3144706,'MG','Nova Era','S','N','2016-08-12'),(3144805,'MG','Nova Lima','S','N','2016-08-12'),(3144904,'MG','Nova M�dica','S','N','2016-08-12'),(3145000,'MG','Nova Ponte','S','N','2016-08-12'),(3145059,'MG','Nova Porteirinha','S','N','2016-08-12'),(3145109,'MG','Nova Resende','S','N','2016-08-12'),(3145208,'MG','Nova Serrana','S','N','2016-08-12'),(3145307,'MG','Novo Cruzeiro','S','N','2016-08-12'),(3145356,'MG','Novo Oriente de Minas','S','N','2016-08-12'),(3145372,'MG','Novorizonte','S','N','2016-08-12'),(3145406,'MG','Olaria','S','N','2016-08-12'),(3145455,'MG','Olhos-d��gua','S','N','2016-08-12'),(3145505,'MG','Ol�mpio Noronha','S','N','2016-08-12'),(3145604,'MG','Oliveira','S','N','2016-08-12'),(3145703,'MG','Oliveira Fortes','S','N','2016-08-12'),(3145802,'MG','On�a de Pitangui','S','N','2016-08-12'),(3145851,'MG','Orat�rios','S','N','2016-08-12'),(3145877,'MG','Oriz�nia','S','N','2016-08-12'),(3145901,'MG','Ouro Branco','S','N','2016-08-12'),(3146008,'MG','Ouro Fino','S','N','2016-08-12'),(3146107,'MG','Ouro Preto','S','N','2016-08-12'),(3146206,'MG','Ouro Verde de Minas','S','N','2016-08-12'),(3146255,'MG','Padre Carvalho','S','N','2016-08-12'),(3146305,'MG','Padre Para�so','S','N','2016-08-12'),(3146404,'MG','Paineiras','S','N','2016-08-12'),(3146503,'MG','Pains','S','N','2016-08-12'),(3146552,'MG','Pai Pedro','S','N','2016-08-12'),(3146602,'MG','Paiva','S','N','2016-08-12'),(3146701,'MG','Palma','S','N','2016-08-12'),(3146750,'MG','Palm�polis','S','N','2016-08-12'),(3146909,'MG','Papagaios','S','N','2016-08-12'),(3147006,'MG','Paracatu','S','N','2016-08-12'),(3147105,'MG','Par� de Minas','S','N','2016-08-12'),(3147204,'MG','Paragua�u','S','N','2016-08-12'),(3147303,'MG','Parais�polis','S','N','2016-08-12'),(3147402,'MG','Paraopeba','S','N','2016-08-12'),(3147501,'MG','Passab�m','S','N','2016-08-12'),(3147600,'MG','Passa Quatro','S','N','2016-08-12'),(3147709,'MG','Passa Tempo','S','N','2016-08-12'),(3147808,'MG','Passa-Vinte','S','N','2016-08-12'),(3147907,'MG','Passos','S','N','2016-08-12'),(3147956,'MG','Patis','S','N','2016-08-12'),(3148004,'MG','Patos de Minas','S','N','2016-08-12'),(3148103,'MG','Patroc�nio','S','N','2016-08-12'),(3148202,'MG','Patroc�nio do Muria�','S','N','2016-08-12'),(3148301,'MG','Paula C�ndido','S','N','2016-08-12'),(3148400,'MG','Paulistas','S','N','2016-08-12'),(3148509,'MG','Pav�o','S','N','2016-08-12'),(3148608,'MG','Pe�anha','S','N','2016-08-12'),(3148707,'MG','Pedra Azul','S','N','2016-08-12'),(3148756,'MG','Pedra Bonita','S','N','2016-08-12'),(3148806,'MG','Pedra do Anta','S','N','2016-08-12'),(3148905,'MG','Pedra do Indai�','S','N','2016-08-12'),(3149002,'MG','Pedra Dourada','S','N','2016-08-12'),(3149101,'MG','Pedralva','S','N','2016-08-12'),(3149150,'MG','Pedras de Maria da Cruz','S','N','2016-08-12'),(3149200,'MG','Pedrin�polis','S','N','2016-08-12'),(3149309,'MG','Pedro Leopoldo','S','N','2016-08-12'),(3149408,'MG','Pedro Teixeira','S','N','2016-08-12'),(3149507,'MG','Pequeri','S','N','2016-08-12'),(3149606,'MG','Pequi','S','N','2016-08-12'),(3149705,'MG','Perdig�o','S','N','2016-08-12'),(3149804,'MG','Perdizes','S','N','2016-08-12'),(3149903,'MG','Perd�es','S','N','2016-08-12'),(3149952,'MG','Periquito','S','N','2016-08-12'),(3150000,'MG','Pescador','S','N','2016-08-12'),(3150109,'MG','Piau','S','N','2016-08-12'),(3150158,'MG','Piedade de Caratinga','S','N','2016-08-12'),(3150208,'MG','Piedade de Ponte Nova','S','N','2016-08-12'),(3150307,'MG','Piedade do Rio Grande','S','N','2016-08-12'),(3150406,'MG','Piedade dos Gerais','S','N','2016-08-12'),(3150505,'MG','Pimenta','S','N','2016-08-12'),(3150539,'MG','Pingo-d��gua','S','N','2016-08-12'),(3150570,'MG','Pint�polis','S','N','2016-08-12'),(3150604,'MG','Piracema','S','N','2016-08-12'),(3150703,'MG','Pirajuba','S','N','2016-08-12'),(3150802,'MG','Piranga','S','N','2016-08-12'),(3150901,'MG','Pirangu�u','S','N','2016-08-12'),(3151008,'MG','Piranguinho','S','N','2016-08-12'),(3151107,'MG','Pirapetinga','S','N','2016-08-12'),(3151206,'MG','Pirapora','S','N','2016-08-12'),(3151305,'MG','Pira�ba','S','N','2016-08-12'),(3151404,'MG','Pitangui','S','N','2016-08-12'),(3151503,'MG','Piumhi','S','N','2016-08-12'),(3151602,'MG','Planura','S','N','2016-08-12'),(3151701,'MG','Po�o Fundo','S','N','2016-08-12'),(3151800,'MG','Po�os de Caldas','S','N','2016-08-12'),(3151909,'MG','Pocrane','S','N','2016-08-12'),(3152006,'MG','Pomp�u','S','N','2016-08-12'),(3152105,'MG','Ponte Nova','S','N','2016-08-12'),(3152131,'MG','Ponto Chique','S','N','2016-08-12'),(3152170,'MG','Ponto dos Volantes','S','N','2016-08-12'),(3152204,'MG','Porteirinha','S','N','2016-08-12'),(3152303,'MG','Porto Firme','S','N','2016-08-12'),(3152402,'MG','Pot�','S','N','2016-08-12'),(3152501,'MG','Pouso Alegre','S','N','2016-08-12'),(3152600,'MG','Pouso Alto','S','N','2016-08-12'),(3152709,'MG','Prados','S','N','2016-08-12'),(3152808,'MG','Prata','S','N','2016-08-12'),(3152907,'MG','Prat�polis','S','N','2016-08-12'),(3153004,'MG','Pratinha','S','N','2016-08-12'),(3153103,'MG','Presidente Bernardes','S','N','2016-08-12'),(3153202,'MG','Presidente Juscelino','S','N','2016-08-12'),(3153301,'MG','Presidente Kubitschek','S','N','2016-08-12'),(3153400,'MG','Presidente Oleg�rio','S','N','2016-08-12'),(3153509,'MG','Alto Jequitib�','S','N','2016-08-12'),(3153608,'MG','Prudente de Morais','S','N','2016-08-12'),(3153707,'MG','Quartel Geral','S','N','2016-08-12'),(3153806,'MG','Queluzito','S','N','2016-08-12'),(3153905,'MG','Raposos','S','N','2016-08-12'),(3154002,'MG','Raul Soares','S','N','2016-08-12'),(3154101,'MG','Recreio','S','N','2016-08-12'),(3154150,'MG','Reduto','S','N','2016-08-12'),(3154200,'MG','Resende Costa','S','N','2016-08-12'),(3154309,'MG','Resplendor','S','N','2016-08-12'),(3154408,'MG','Ressaquinha','S','N','2016-08-12'),(3154457,'MG','Riachinho','S','N','2016-08-12'),(3154507,'MG','Riacho dos Machados','S','N','2016-08-12'),(3154606,'MG','Ribeir�o das Neves','S','N','2016-08-12'),(3154705,'MG','Ribeir�o Vermelho','S','N','2016-08-12'),(3154804,'MG','Rio Acima','S','N','2016-08-12'),(3154903,'MG','Rio Casca','S','N','2016-08-12'),(3155009,'MG','Rio Doce','S','N','2016-08-12'),(3155108,'MG','Rio do Prado','S','N','2016-08-12'),(3155207,'MG','Rio Espera','S','N','2016-08-12'),(3155306,'MG','Rio Manso','S','N','2016-08-12'),(3155405,'MG','Rio Novo','S','N','2016-08-12'),(3155504,'MG','Rio Parana�ba','S','N','2016-08-12'),(3155603,'MG','Rio Pardo de Minas','S','N','2016-08-12'),(3155702,'MG','Rio Piracicaba','S','N','2016-08-12'),(3155801,'MG','Rio Pomba','S','N','2016-08-12'),(3155900,'MG','Rio Preto','S','N','2016-08-12'),(3156007,'MG','Rio Vermelho','S','N','2016-08-12'),(3156106,'MG','Rit�polis','S','N','2016-08-12'),(3156205,'MG','Rochedo de Minas','S','N','2016-08-12'),(3156304,'MG','Rodeiro','S','N','2016-08-12'),(3156403,'MG','Romaria','S','N','2016-08-12'),(3156452,'MG','Ros�rio da Limeira','S','N','2016-08-12'),(3156502,'MG','Rubelita','S','N','2016-08-12'),(3156601,'MG','Rubim','S','N','2016-08-12'),(3156700,'MG','Sabar�','S','N','2016-08-12'),(3156809,'MG','Sabin�polis','S','N','2016-08-12'),(3156908,'MG','Sacramento','S','N','2016-08-12'),(3157005,'MG','Salinas','S','N','2016-08-12'),(3157104,'MG','Salto da Divisa','S','N','2016-08-12'),(3157203,'MG','Santa B�rbara','S','N','2016-08-12'),(3157252,'MG','Santa B�rbara do Leste','S','N','2016-08-12'),(3157278,'MG','Santa B�rbara do Monte Verde','S','N','2016-08-12'),(3157302,'MG','Santa B�rbara do Tug�rio','S','N','2016-08-12'),(3157336,'MG','Santa Cruz de Minas','S','N','2016-08-12'),(3157377,'MG','Santa Cruz de Salinas','S','N','2016-08-12'),(3157401,'MG','Santa Cruz do Escalvado','S','N','2016-08-12'),(3157500,'MG','Santa Efig�nia de Minas','S','N','2016-08-12'),(3157609,'MG','Santa F� de Minas','S','N','2016-08-12'),(3157658,'MG','Santa Helena de Minas','S','N','2016-08-12'),(3157708,'MG','Santa Juliana','S','N','2016-08-12'),(3157807,'MG','Santa Luzia','S','N','2016-08-12'),(3157906,'MG','Santa Margarida','S','N','2016-08-12'),(3158003,'MG','Santa Maria de Itabira','S','N','2016-08-12'),(3158102,'MG','Santa Maria do Salto','S','N','2016-08-12'),(3158201,'MG','Santa Maria do Sua�u�','S','N','2016-08-12'),(3158300,'MG','Santana da Vargem','S','N','2016-08-12'),(3158409,'MG','Santana de Cataguases','S','N','2016-08-12'),(3158508,'MG','Santana de Pirapama','S','N','2016-08-12'),(3158607,'MG','Santana do Deserto','S','N','2016-08-12'),(3158706,'MG','Santana do Garamb�u','S','N','2016-08-12'),(3158805,'MG','Santana do Jacar�','S','N','2016-08-12'),(3158904,'MG','Santana do Manhua�u','S','N','2016-08-12'),(3158953,'MG','Santana do Para�so','S','N','2016-08-12'),(3159001,'MG','Santana do Riacho','S','N','2016-08-12'),(3159100,'MG','Santana dos Montes','S','N','2016-08-12'),(3159209,'MG','Santa Rita de Caldas','S','N','2016-08-12'),(3159308,'MG','Santa Rita de Jacutinga','S','N','2016-08-12'),(3159357,'MG','Santa Rita de Minas','S','N','2016-08-12'),(3159407,'MG','Santa Rita de Ibitipoca','S','N','2016-08-12'),(3159506,'MG','Santa Rita do Itueto','S','N','2016-08-12'),(3159605,'MG','Santa Rita do Sapuca�','S','N','2016-08-12'),(3159704,'MG','Santa Rosa da Serra','S','N','2016-08-12'),(3159803,'MG','Santa Vit�ria','S','N','2016-08-12'),(3159902,'MG','Santo Ant�nio do Amparo','S','N','2016-08-12'),(3160009,'MG','Santo Ant�nio do Aventureiro','S','N','2016-08-12'),(3160108,'MG','Santo Ant�nio do Grama','S','N','2016-08-12'),(3160207,'MG','Santo Ant�nio do Itamb�','S','N','2016-08-12'),(3160306,'MG','Santo Ant�nio do Jacinto','S','N','2016-08-12'),(3160405,'MG','Santo Ant�nio do Monte','S','N','2016-08-12'),(3160454,'MG','Santo Ant�nio do Retiro','S','N','2016-08-12'),(3160504,'MG','Santo Ant�nio do Rio Abaixo','S','N','2016-08-12'),(3160603,'MG','Santo Hip�lito','S','N','2016-08-12'),(3160702,'MG','Santos Dumont','S','N','2016-08-12'),(3160801,'MG','S�o Bento Abade','S','N','2016-08-12'),(3160900,'MG','S�o Br�s do Sua�u�','S','N','2016-08-12'),(3160959,'MG','S�o Domingos das Dores','S','N','2016-08-12'),(3161007,'MG','S�o Domingos do Prata','S','N','2016-08-12'),(3161056,'MG','S�o F�lix de Minas','S','N','2016-08-12'),(3161106,'MG','S�o Francisco','S','N','2016-08-12'),(3161205,'MG','S�o Francisco de Paula','S','N','2016-08-12'),(3161304,'MG','S�o Francisco de Sales','S','N','2016-08-12'),(3161403,'MG','S�o Francisco do Gl�ria','S','N','2016-08-12'),(3161502,'MG','S�o Geraldo','S','N','2016-08-12'),(3161601,'MG','S�o Geraldo da Piedade','S','N','2016-08-12'),(3161650,'MG','S�o Geraldo do Baixio','S','N','2016-08-12'),(3161700,'MG','S�o Gon�alo do Abaet�','S','N','2016-08-12'),(3161809,'MG','S�o Gon�alo do Par�','S','N','2016-08-12'),(3161908,'MG','S�o Gon�alo do Rio Abaixo','S','N','2016-08-12'),(3162005,'MG','S�o Gon�alo do Sapuca�','S','N','2016-08-12'),(3162104,'MG','S�o Gotardo','S','N','2016-08-12'),(3162203,'MG','S�o Jo�o Batista do Gl�ria','S','N','2016-08-12'),(3162252,'MG','S�o Jo�o da Lagoa','S','N','2016-08-12'),(3162302,'MG','S�o Jo�o da Mata','S','N','2016-08-12'),(3162401,'MG','S�o Jo�o da Ponte','S','N','2016-08-12'),(3162450,'MG','S�o Jo�o das Miss�es','S','N','2016-08-12'),(3162500,'MG','S�o Jo�o del Rei','S','N','2016-08-12'),(3162559,'MG','S�o Jo�o do Manhua�u','S','N','2016-08-12'),(3162575,'MG','S�o Jo�o do Manteninha','S','N','2016-08-12'),(3162609,'MG','S�o Jo�o do Oriente','S','N','2016-08-12'),(3162658,'MG','S�o Jo�o do Pacu�','S','N','2016-08-12'),(3162708,'MG','S�o Jo�o do Para�so','S','N','2016-08-12'),(3162807,'MG','S�o Jo�o Evangelista','S','N','2016-08-12'),(3162906,'MG','S�o Jo�o Nepomuceno','S','N','2016-08-12'),(3162922,'MG','S�o Joaquim de Bicas','S','N','2016-08-12'),(3162948,'MG','S�o Jos� da Barra','S','N','2016-08-12'),(3162955,'MG','S�o Jos� da Lapa','S','N','2016-08-12'),(3163003,'MG','S�o Jos� da Safira','S','N','2016-08-12'),(3163102,'MG','S�o Jos� da Varginha','S','N','2016-08-12'),(3163201,'MG','S�o Jos� do Alegre','S','N','2016-08-12'),(3163300,'MG','S�o Jos� do Divino','S','N','2016-08-12'),(3163409,'MG','S�o Jos� do Goiabal','S','N','2016-08-12'),(3163508,'MG','S�o Jos� do Jacuri','S','N','2016-08-12'),(3163607,'MG','S�o Jos� do Mantimento','S','N','2016-08-12'),(3163706,'MG','S�o Louren�o','S','N','2016-08-12'),(3163805,'MG','S�o Miguel do Anta','S','N','2016-08-12'),(3163904,'MG','S�o Pedro da Uni�o','S','N','2016-08-12'),(3164001,'MG','S�o Pedro dos Ferros','S','N','2016-08-12'),(3164100,'MG','S�o Pedro do Sua�u�','S','N','2016-08-12'),(3164209,'MG','S�o Rom�o','S','N','2016-08-12'),(3164308,'MG','S�o Roque de Minas','S','N','2016-08-12'),(3164407,'MG','S�o Sebasti�o da Bela Vista','S','N','2016-08-12'),(3164431,'MG','S�o Sebasti�o da Vargem Alegre','S','N','2016-08-12'),(3164472,'MG','S�o Sebasti�o do Anta','S','N','2016-08-12'),(3164506,'MG','S�o Sebasti�o do Maranh�o','S','N','2016-08-12'),(3164605,'MG','S�o Sebasti�o do Oeste','S','N','2016-08-12'),(3164704,'MG','S�o Sebasti�o do Para�so','S','N','2016-08-12'),(3164803,'MG','S�o Sebasti�o do Rio Preto','S','N','2016-08-12'),(3164902,'MG','S�o Sebasti�o do Rio Verde','S','N','2016-08-12'),(3165008,'MG','S�o Tiago','S','N','2016-08-12'),(3165107,'MG','S�o Tom�s de Aquino','S','N','2016-08-12'),(3165206,'MG','S�o Thom� das Letras','S','N','2016-08-12'),(3165305,'MG','S�o Vicente de Minas','S','N','2016-08-12'),(3165404,'MG','Sapuca�-Mirim','S','N','2016-08-12'),(3165503,'MG','Sardo�','S','N','2016-08-12'),(3165537,'MG','Sarzedo','S','N','2016-08-12'),(3165552,'MG','Setubinha','S','N','2016-08-12'),(3165560,'MG','Sem-Peixe','S','N','2016-08-12'),(3165578,'MG','Senador Amaral','S','N','2016-08-12'),(3165602,'MG','Senador Cortes','S','N','2016-08-12'),(3165701,'MG','Senador Firmino','S','N','2016-08-12'),(3165800,'MG','Senador Jos� Bento','S','N','2016-08-12'),(3165909,'MG','Senador Modestino Gon�alves','S','N','2016-08-12'),(3166006,'MG','Senhora de Oliveira','S','N','2016-08-12'),(3166105,'MG','Senhora do Porto','S','N','2016-08-12'),(3166204,'MG','Senhora dos Rem�dios','S','N','2016-08-12'),(3166303,'MG','Sericita','S','N','2016-08-12'),(3166402,'MG','Seritinga','S','N','2016-08-12'),(3166501,'MG','Serra Azul de Minas','S','N','2016-08-12'),(3166600,'MG','Serra da Saudade','S','N','2016-08-12'),(3166709,'MG','Serra dos Aimor�s','S','N','2016-08-12'),(3166808,'MG','Serra do Salitre','S','N','2016-08-12'),(3166907,'MG','Serrania','S','N','2016-08-12'),(3166956,'MG','Serran�polis de Minas','S','N','2016-08-12'),(3167004,'MG','Serranos','S','N','2016-08-12'),(3167103,'MG','Serro','S','N','2016-08-12'),(3167202,'MG','Sete Lagoas','S','N','2016-08-12'),(3167301,'MG','Silveir�nia','S','N','2016-08-12'),(3167400,'MG','Silvian�polis','S','N','2016-08-12'),(3167509,'MG','Sim�o Pereira','S','N','2016-08-12'),(3167608,'MG','Simon�sia','S','N','2016-08-12'),(3167707,'MG','Sobr�lia','S','N','2016-08-12'),(3167806,'MG','Soledade de Minas','S','N','2016-08-12'),(3167905,'MG','Tabuleiro','S','N','2016-08-12'),(3168002,'MG','Taiobeiras','S','N','2016-08-12'),(3168051,'MG','Taparuba','S','N','2016-08-12'),(3168101,'MG','Tapira','S','N','2016-08-12'),(3168200,'MG','Tapira�','S','N','2016-08-12'),(3168309,'MG','Taquara�u de Minas','S','N','2016-08-12'),(3168408,'MG','Tarumirim','S','N','2016-08-12'),(3168507,'MG','Teixeiras','S','N','2016-08-12'),(3168606,'MG','Te�filo Otoni','S','N','2016-08-12'),(3168705,'MG','Tim�teo','S','N','2016-08-12'),(3168804,'MG','Tiradentes','S','N','2016-08-12'),(3168903,'MG','Tiros','S','N','2016-08-12'),(3169000,'MG','Tocantins','S','N','2016-08-12'),(3169059,'MG','Tocos do Moji','S','N','2016-08-12'),(3169109,'MG','Toledo','S','N','2016-08-12'),(3169208,'MG','Tombos','S','N','2016-08-12'),(3169307,'MG','Tr�s Cora��es','S','N','2016-08-12'),(3169356,'MG','Tr�s Marias','S','N','2016-08-12'),(3169406,'MG','Tr�s Pontas','S','N','2016-08-12'),(3169505,'MG','Tumiritinga','S','N','2016-08-12'),(3169604,'MG','Tupaciguara','S','N','2016-08-12'),(3169703,'MG','Turmalina','S','N','2016-08-12'),(3169802,'MG','Turvol�ndia','S','N','2016-08-12'),(3169901,'MG','Ub�','S','N','2016-08-12'),(3170008,'MG','Uba�','S','N','2016-08-12'),(3170057,'MG','Ubaporanga','S','N','2016-08-12'),(3170107,'MG','Uberaba','S','N','2016-08-12'),(3170206,'MG','Uberl�ndia','S','N','2016-08-12'),(3170305,'MG','Umburatiba','S','N','2016-08-12'),(3170404,'MG','Una�','S','N','2016-08-12'),(3170438,'MG','Uni�o de Minas','S','N','2016-08-12'),(3170479,'MG','Uruana de Minas','S','N','2016-08-12'),(3170503,'MG','Uruc�nia','S','N','2016-08-12'),(3170529,'MG','Urucuia','S','N','2016-08-12'),(3170578,'MG','Vargem Alegre','S','N','2016-08-12'),(3170602,'MG','Vargem Bonita','S','N','2016-08-12'),(3170651,'MG','Vargem Grande do Rio Pardo','S','N','2016-08-12'),(3170701,'MG','Varginha','S','N','2016-08-12'),(3170750,'MG','Varj�o de Minas','S','N','2016-08-12'),(3170800,'MG','V�rzea da Palma','S','N','2016-08-12'),(3170909,'MG','Varzel�ndia','S','N','2016-08-12'),(3171006,'MG','Vazante','S','N','2016-08-12'),(3171030,'MG','Verdel�ndia','S','N','2016-08-12'),(3171071,'MG','Veredinha','S','N','2016-08-12'),(3171105,'MG','Ver�ssimo','S','N','2016-08-12'),(3171154,'MG','Vermelho Novo','S','N','2016-08-12'),(3171204,'MG','Vespasiano','S','N','2016-08-12'),(3171303,'MG','Vi�osa','S','N','2016-08-12'),(3171402,'MG','Vieiras','S','N','2016-08-12'),(3171501,'MG','Mathias Lobato','S','N','2016-08-12'),(3171600,'MG','Virgem da Lapa','S','N','2016-08-12'),(3171709,'MG','Virg�nia','S','N','2016-08-12'),(3171808,'MG','Virgin�polis','S','N','2016-08-12'),(3171907,'MG','Virgol�ndia','S','N','2016-08-12'),(3172004,'MG','Visconde do Rio Branco','S','N','2016-08-12'),(3172103,'MG','Volta Grande','S','N','2016-08-12'),(3172202,'MG','Wenceslau Braz','S','N','2016-08-12'),(3200102,'ES','Afonso Cl�udio','S','N','2016-08-12'),(3200136,'ES','�guia Branca','S','N','2016-08-12'),(3200169,'ES','�gua Doce do Norte','S','N','2016-08-12'),(3200201,'ES','Alegre','S','N','2016-08-12'),(3200300,'ES','Alfredo Chaves','S','N','2016-08-12'),(3200359,'ES','Alto Rio Novo','S','N','2016-08-12'),(3200409,'ES','Anchieta','S','N','2016-08-12'),(3200508,'ES','Apiac�','S','N','2016-08-12'),(3200607,'ES','Aracruz','S','N','2016-08-12'),(3200706,'ES','Atilio Vivacqua','S','N','2016-08-12'),(3200805,'ES','Baixo Guandu','S','N','2016-08-12'),(3200904,'ES','Barra de S�o Francisco','S','N','2016-08-12'),(3201001,'ES','Boa Esperan�a','S','N','2016-08-12'),(3201100,'ES','Bom Jesus do Norte','S','N','2016-08-12'),(3201159,'ES','Brejetuba','S','N','2016-08-12'),(3201209,'ES','Cachoeiro de Itapemirim','S','N','2016-08-12'),(3201308,'ES','Cariacica','S','N','2016-08-12'),(3201407,'ES','Castelo','S','N','2016-08-12'),(3201506,'ES','Colatina','S','N','2016-08-12'),(3201605,'ES','Concei��o da Barra','S','N','2016-08-12'),(3201704,'ES','Concei��o do Castelo','S','N','2016-08-12'),(3201803,'ES','Divino de S�o Louren�o','S','N','2016-08-12'),(3201902,'ES','Domingos Martins','S','N','2016-08-12'),(3202009,'ES','Dores do Rio Preto','S','N','2016-08-12'),(3202108,'ES','Ecoporanga','S','N','2016-08-12'),(3202207,'ES','Fund�o','S','N','2016-08-12'),(3202256,'ES','Governador Lindenberg','S','N','2016-08-12'),(3202306,'ES','Gua�u�','S','N','2016-08-12'),(3202405,'ES','Guarapari','S','N','2016-08-12'),(3202454,'ES','Ibatiba','S','N','2016-08-12'),(3202504,'ES','Ibira�u','S','N','2016-08-12'),(3202553,'ES','Ibitirama','S','N','2016-08-12'),(3202603,'ES','Iconha','S','N','2016-08-12'),(3202652,'ES','Irupi','S','N','2016-08-12'),(3202702,'ES','Itagua�u','S','N','2016-08-12'),(3202801,'ES','Itapemirim','S','N','2016-08-12'),(3202900,'ES','Itarana','S','N','2016-08-12'),(3203007,'ES','I�na','S','N','2016-08-12'),(3203056,'ES','Jaguar�','S','N','2016-08-12'),(3203106,'ES','Jer�nimo Monteiro','S','N','2016-08-12'),(3203130,'ES','Jo�o Neiva','S','N','2016-08-12'),(3203163,'ES','Laranja da Terra','S','N','2016-08-12'),(3203205,'ES','Linhares','S','N','2016-08-12'),(3203304,'ES','Manten�polis','S','N','2016-08-12'),(3203320,'ES','Marata�zes','S','N','2016-08-12'),(3203346,'ES','Marechal Floriano','S','N','2016-08-12'),(3203353,'ES','Maril�ndia','S','N','2016-08-12'),(3203403,'ES','Mimoso do Sul','S','N','2016-08-12'),(3203502,'ES','Montanha','S','N','2016-08-12'),(3203601,'ES','Mucurici','S','N','2016-08-12'),(3203700,'ES','Muniz Freire','S','N','2016-08-12'),(3203809,'ES','Muqui','S','N','2016-08-12'),(3203908,'ES','Nova Ven�cia','S','N','2016-08-12'),(3204005,'ES','Pancas','S','N','2016-08-12'),(3204054,'ES','Pedro Can�rio','S','N','2016-08-12'),(3204104,'ES','Pinheiros','S','N','2016-08-12'),(3204203,'ES','Pi�ma','S','N','2016-08-12'),(3204252,'ES','Ponto Belo','S','N','2016-08-12'),(3204302,'ES','Presidente Kennedy','S','N','2016-08-12'),(3204351,'ES','Rio Bananal','S','N','2016-08-12'),(3204401,'ES','Rio Novo do Sul','S','N','2016-08-12'),(3204500,'ES','Santa Leopoldina','S','N','2016-08-12'),(3204559,'ES','Santa Maria de Jetib�','S','N','2016-08-12'),(3204609,'ES','Santa Teresa','S','N','2016-08-12'),(3204658,'ES','S�o Domingos do Norte','S','N','2016-08-12'),(3204708,'ES','S�o Gabriel da Palha','S','N','2016-08-12'),(3204807,'ES','S�o Jos� do Cal�ado','S','N','2016-08-12'),(3204906,'ES','S�o Mateus','S','N','2016-08-12'),(3204955,'ES','S�o Roque do Cana�','S','N','2016-08-12'),(3205002,'ES','Serra','S','N','2016-08-12'),(3205010,'ES','Sooretama','S','N','2016-08-12'),(3205036,'ES','Vargem Alta','S','N','2016-08-12'),(3205069,'ES','Venda Nova do Imigrante','S','N','2016-08-12'),(3205101,'ES','Viana','S','N','2016-08-12'),(3205150,'ES','Vila Pav�o','S','N','2016-08-12'),(3205176,'ES','Vila Val�rio','S','N','2016-08-12'),(3205200,'ES','Vila Velha','S','N','2016-08-12'),(3205309,'ES','Vit�ria','S','S','2016-08-12'),(3300100,'RJ','Angra dos Reis','S','N','2016-08-12'),(3300159,'RJ','Aperib�','S','N','2016-08-12'),(3300209,'RJ','Araruama','S','N','2016-08-12'),(3300225,'RJ','Areal','S','N','2016-08-12'),(3300233,'RJ','Arma��o dos B�zios','S','N','2016-08-12'),(3300258,'RJ','Arraial do Cabo','S','N','2016-08-12'),(3300308,'RJ','Barra do Pira�','S','N','2016-08-12'),(3300407,'RJ','Barra Mansa','S','N','2016-08-12'),(3300456,'RJ','Belford Roxo','S','N','2016-08-12'),(3300506,'RJ','Bom Jardim','S','N','2016-08-12'),(3300605,'RJ','Bom Jesus do Itabapoana','S','N','2016-08-12'),(3300704,'RJ','Cabo Frio','S','N','2016-08-12'),(3300803,'RJ','Cachoeiras de Macacu','S','N','2016-08-12'),(3300902,'RJ','Cambuci','S','N','2016-08-12'),(3300936,'RJ','Carapebus','S','N','2016-08-12'),(3300951,'RJ','Comendador Levy Gasparian','S','N','2016-08-12'),(3301009,'RJ','Campos dos Goytacazes','S','N','2016-08-12'),(3301108,'RJ','Cantagalo','S','N','2016-08-12'),(3301157,'RJ','Cardoso Moreira','S','N','2016-08-12'),(3301207,'RJ','Carmo','S','N','2016-08-12'),(3301306,'RJ','Casimiro de Abreu','S','N','2016-08-12'),(3301405,'RJ','Concei��o de Macabu','S','N','2016-08-12'),(3301504,'RJ','Cordeiro','S','N','2016-08-12'),(3301603,'RJ','Duas Barras','S','N','2016-08-12'),(3301702,'RJ','Duque de Caxias','S','N','2016-08-12'),(3301801,'RJ','Engenheiro Paulo de Frontin','S','N','2016-08-12'),(3301850,'RJ','Guapimirim','S','N','2016-08-12'),(3301876,'RJ','Iguaba Grande','S','N','2016-08-12'),(3301900,'RJ','Itabora�','S','N','2016-08-12'),(3302007,'RJ','Itagua�','S','N','2016-08-12'),(3302056,'RJ','Italva','S','N','2016-08-12'),(3302106,'RJ','Itaocara','S','N','2016-08-12'),(3302205,'RJ','Itaperuna','S','N','2016-08-12'),(3302254,'RJ','Itatiaia','S','N','2016-08-12'),(3302270,'RJ','Japeri','S','N','2016-08-12'),(3302304,'RJ','Laje do Muria�','S','N','2016-08-12'),(3302403,'RJ','Maca�','S','N','2016-08-12'),(3302452,'RJ','Macuco','S','N','2016-08-12'),(3302502,'RJ','Mag�','S','N','2016-08-12'),(3302601,'RJ','Mangaratiba','S','N','2016-08-12'),(3302700,'RJ','Maric�','S','N','2016-08-12'),(3302809,'RJ','Mendes','S','N','2016-08-12'),(3302858,'RJ','Mesquita','S','N','2016-08-12'),(3302908,'RJ','Miguel Pereira','S','N','2016-08-12'),(3303005,'RJ','Miracema','S','N','2016-08-12'),(3303104,'RJ','Natividade','S','N','2016-08-12'),(3303203,'RJ','Nil�polis','S','N','2016-08-12'),(3303302,'RJ','Niter�i','S','N','2016-08-12'),(3303401,'RJ','Nova Friburgo','S','N','2016-08-12'),(3303500,'RJ','Nova Igua�u','S','N','2016-08-12'),(3303609,'RJ','Paracambi','S','N','2016-08-12'),(3303708,'RJ','Para�ba do Sul','S','N','2016-08-12'),(3303807,'RJ','Parati','S','N','2016-08-12'),(3303856,'RJ','Paty do Alferes','S','N','2016-08-12'),(3303906,'RJ','Petr�polis','S','N','2016-08-12'),(3303955,'RJ','Pinheiral','S','N','2016-08-12'),(3304003,'RJ','Pira�','S','N','2016-08-12'),(3304102,'RJ','Porci�ncula','S','N','2016-08-12'),(3304110,'RJ','Porto Real','S','N','2016-08-12'),(3304128,'RJ','Quatis','S','N','2016-08-12'),(3304144,'RJ','Queimados','S','N','2016-08-12'),(3304151,'RJ','Quissam�','S','N','2016-08-12'),(3304201,'RJ','Resende','S','N','2016-08-12'),(3304300,'RJ','Rio Bonito','S','N','2016-08-12'),(3304409,'RJ','Rio Claro','S','N','2016-08-12'),(3304508,'RJ','Rio das Flores','S','N','2016-08-12'),(3304524,'RJ','Rio das Ostras','S','N','2016-08-12'),(3304557,'RJ','Rio de Janeiro','S','S','2016-08-12'),(3304607,'RJ','Santa Maria Madalena','S','N','2016-08-12'),(3304706,'RJ','Santo Ant�nio de P�dua','S','N','2016-08-12'),(3304755,'RJ','S�o Francisco de Itabapoana','S','N','2016-08-12'),(3304805,'RJ','S�o Fid�lis','S','N','2016-08-12'),(3304904,'RJ','S�o Gon�alo','S','N','2016-08-12'),(3305000,'RJ','S�o Jo�o da Barra','S','N','2016-08-12'),(3305109,'RJ','S�o Jo�o de Meriti','S','N','2016-08-12'),(3305133,'RJ','S�o Jos� de Ub�','S','N','2016-08-12'),(3305158,'RJ','S�o Jos� do Vale do Rio Preto','S','N','2016-08-12'),(3305208,'RJ','S�o Pedro da Aldeia','S','N','2016-08-12'),(3305307,'RJ','S�o Sebasti�o do Alto','S','N','2016-08-12'),(3305406,'RJ','Sapucaia','S','N','2016-08-12'),(3305505,'RJ','Saquarema','S','N','2016-08-12'),(3305554,'RJ','Serop�dica','S','N','2016-08-12'),(3305604,'RJ','Silva Jardim','S','N','2016-08-12'),(3305703,'RJ','Sumidouro','S','N','2016-08-12'),(3305752,'RJ','Tangu�','S','N','2016-08-12'),(3305802,'RJ','Teres�polis','S','N','2016-08-12'),(3305901,'RJ','Trajano de Morais','S','N','2016-08-12'),(3306008,'RJ','Tr�s Rios','S','N','2016-08-12'),(3306107,'RJ','Valen�a','S','N','2016-08-12'),(3306156,'RJ','Varre-Sai','S','N','2016-08-12'),(3306206,'RJ','Vassouras','S','N','2016-08-12'),(3306305,'RJ','Volta Redonda','S','N','2016-08-12'),(3500105,'SP','Adamantina','S','N','2016-08-12'),(3500204,'SP','Adolfo','S','N','2016-08-12'),(3500303,'SP','Agua�','S','N','2016-08-12'),(3500402,'SP','�guas da Prata','S','N','2016-08-12'),(3500501,'SP','�guas de Lind�ia','S','N','2016-08-12'),(3500550,'SP','�guas de Santa B�rbara','S','N','2016-08-12'),(3500600,'SP','�guas de S�o Pedro','S','N','2016-08-12'),(3500709,'SP','Agudos','S','N','2016-08-12'),(3500758,'SP','Alambari','S','N','2016-08-12'),(3500808,'SP','Alfredo Marcondes','S','N','2016-08-12'),(3500907,'SP','Altair','S','N','2016-08-12'),(3501004,'SP','Altin�polis','S','N','2016-08-12'),(3501103,'SP','Alto Alegre','S','N','2016-08-12'),(3501152,'SP','Alum�nio','S','N','2016-08-12'),(3501202,'SP','�lvares Florence','S','N','2016-08-12'),(3501301,'SP','�lvares Machado','S','N','2016-08-12'),(3501400,'SP','�lvaro de Carvalho','S','N','2016-08-12'),(3501509,'SP','Alvinl�ndia','S','N','2016-08-12'),(3501608,'SP','Americana','S','N','2016-08-12'),(3501707,'SP','Am�rico Brasiliense','S','N','2016-08-12'),(3501806,'SP','Am�rico de Campos','S','N','2016-08-12'),(3501905,'SP','Amparo','S','N','2016-08-12'),(3502002,'SP','Anal�ndia','S','N','2016-08-12'),(3502101,'SP','Andradina','S','N','2016-08-12'),(3502200,'SP','Angatuba','S','N','2016-08-12'),(3502309,'SP','Anhembi','S','N','2016-08-12'),(3502408,'SP','Anhumas','S','N','2016-08-12'),(3502507,'SP','Aparecida','S','N','2016-08-12'),(3502606,'SP','Aparecida d�Oeste','S','N','2016-08-12'),(3502705,'SP','Apia�','S','N','2016-08-12'),(3502754,'SP','Ara�ariguama','S','N','2016-08-12'),(3502804,'SP','Ara�atuba','S','N','2016-08-12'),(3502903,'SP','Ara�oiaba da Serra','S','N','2016-08-12'),(3503000,'SP','Aramina','S','N','2016-08-12'),(3503109,'SP','Arandu','S','N','2016-08-12'),(3503158,'SP','Arape�','S','N','2016-08-12'),(3503208,'SP','Araraquara','S','N','2016-08-12'),(3503307,'SP','Araras','S','N','2016-08-12'),(3503356,'SP','Arco-�ris','S','N','2016-08-12'),(3503406,'SP','Arealva','S','N','2016-08-12'),(3503505,'SP','Areias','S','N','2016-08-12'),(3503604,'SP','Arei�polis','S','N','2016-08-12'),(3503703,'SP','Ariranha','S','N','2016-08-12'),(3503802,'SP','Artur Nogueira','S','N','2016-08-12'),(3503901,'SP','Aruj�','S','N','2016-08-12'),(3503950,'SP','Asp�sia','S','N','2016-08-12'),(3504008,'SP','Assis','S','N','2016-08-12'),(3504107,'SP','Atibaia','S','N','2016-08-12'),(3504206,'SP','Auriflama','S','N','2016-08-12'),(3504305,'SP','Ava�','S','N','2016-08-12'),(3504404,'SP','Avanhandava','S','N','2016-08-12'),(3504503,'SP','Avar�','S','N','2016-08-12'),(3504602,'SP','Bady Bassitt','S','N','2016-08-12'),(3504701,'SP','Balbinos','S','N','2016-08-12'),(3504800,'SP','B�lsamo','S','N','2016-08-12'),(3504909,'SP','Bananal','S','N','2016-08-12'),(3505005,'SP','Bar�o de Antonina','S','N','2016-08-12'),(3505104,'SP','Barbosa','S','N','2016-08-12'),(3505203,'SP','Bariri','S','N','2016-08-12'),(3505302,'SP','Barra Bonita','S','N','2016-08-12'),(3505351,'SP','Barra do Chap�u','S','N','2016-08-12'),(3505401,'SP','Barra do Turvo','S','N','2016-08-12'),(3505500,'SP','Barretos','S','N','2016-08-12'),(3505609,'SP','Barrinha','S','N','2016-08-12'),(3505708,'SP','Barueri','S','N','2016-08-12'),(3505807,'SP','Bastos','S','N','2016-08-12'),(3505906,'SP','Batatais','S','N','2016-08-12'),(3506003,'SP','Bauru','S','N','2016-08-12'),(3506102,'SP','Bebedouro','S','N','2016-08-12'),(3506201,'SP','Bento de Abreu','S','N','2016-08-12'),(3506300,'SP','Bernardino de Campos','S','N','2016-08-12'),(3506359,'SP','Bertioga','S','N','2016-08-12'),(3506409,'SP','Bilac','S','N','2016-08-12'),(3506508,'SP','Birigui','S','N','2016-08-12'),(3506607,'SP','Biritiba-Mirim','S','N','2016-08-12'),(3506706,'SP','Boa Esperan�a do Sul','S','N','2016-08-12'),(3506805,'SP','Bocaina','S','N','2016-08-12'),(3506904,'SP','Bofete','S','N','2016-08-12'),(3507001,'SP','Boituva','S','N','2016-08-12'),(3507100,'SP','Bom Jesus dos Perd�es','S','N','2016-08-12'),(3507159,'SP','Bom Sucesso de Itarar�','S','N','2016-08-12'),(3507209,'SP','Bor�','S','N','2016-08-12'),(3507308,'SP','Borac�ia','S','N','2016-08-12'),(3507407,'SP','Borborema','S','N','2016-08-12'),(3507456,'SP','Borebi','S','N','2016-08-12'),(3507506,'SP','Botucatu','S','N','2016-08-12'),(3507605,'SP','Bragan�a Paulista','S','N','2016-08-12'),(3507704,'SP','Bra�na','S','N','2016-08-12'),(3507753,'SP','Brejo Alegre','S','N','2016-08-12'),(3507803,'SP','Brodowski','S','N','2016-08-12'),(3507902,'SP','Brotas','S','N','2016-08-12'),(3508009,'SP','Buri','S','N','2016-08-12'),(3508108,'SP','Buritama','S','N','2016-08-12'),(3508207,'SP','Buritizal','S','N','2016-08-12'),(3508306,'SP','Cabr�lia Paulista','S','N','2016-08-12'),(3508405,'SP','Cabre�va','S','N','2016-08-12'),(3508504,'SP','Ca�apava','S','N','2016-08-12'),(3508603,'SP','Cachoeira Paulista','S','N','2016-08-12'),(3508702,'SP','Caconde','S','N','2016-08-12'),(3508801,'SP','Cafel�ndia','S','N','2016-08-12'),(3508900,'SP','Caiabu','S','N','2016-08-12'),(3509007,'SP','Caieiras','S','N','2016-08-12'),(3509106,'SP','Caiu�','S','N','2016-08-12'),(3509205,'SP','Cajamar','S','N','2016-08-12'),(3509254,'SP','Cajati','S','N','2016-08-12'),(3509304,'SP','Cajobi','S','N','2016-08-12'),(3509403,'SP','Cajuru','S','N','2016-08-12'),(3509452,'SP','Campina do Monte Alegre','S','N','2016-08-12'),(3509502,'SP','Campinas','S','N','2016-08-12'),(3509601,'SP','Campo Limpo Paulista','S','N','2016-08-12'),(3509700,'SP','Campos do Jord�o','S','N','2016-08-12'),(3509809,'SP','Campos Novos Paulista','S','N','2016-08-12'),(3509908,'SP','Canan�ia','S','N','2016-08-12'),(3509957,'SP','Canas','S','N','2016-08-12'),(3510005,'SP','C�ndido Mota','S','N','2016-08-12'),(3510104,'SP','C�ndido Rodrigues','S','N','2016-08-12'),(3510153,'SP','Canitar','S','N','2016-08-12'),(3510203,'SP','Cap�o Bonito','S','N','2016-08-12'),(3510302,'SP','Capela do Alto','S','N','2016-08-12'),(3510401,'SP','Capivari','S','N','2016-08-12'),(3510500,'SP','Caraguatatuba','S','N','2016-08-12'),(3510609,'SP','Carapicu�ba','S','N','2016-08-12'),(3510708,'SP','Cardoso','S','N','2016-08-12'),(3510807,'SP','Casa Branca','S','N','2016-08-12'),(3510906,'SP','C�ssia dos Coqueiros','S','N','2016-08-12'),(3511003,'SP','Castilho','S','N','2016-08-12'),(3511102,'SP','Catanduva','S','N','2016-08-12'),(3511201,'SP','Catigu�','S','N','2016-08-12'),(3511300,'SP','Cedral','S','N','2016-08-12'),(3511409,'SP','Cerqueira C�sar','S','N','2016-08-12'),(3511508,'SP','Cerquilho','S','N','2016-08-12'),(3511607,'SP','Ces�rio Lange','S','N','2016-08-12'),(3511706,'SP','Charqueada','S','N','2016-08-12'),(3511904,'SP','Clementina','S','N','2016-08-12'),(3512001,'SP','Colina','S','N','2016-08-12'),(3512100,'SP','Col�mbia','S','N','2016-08-12'),(3512209,'SP','Conchal','S','N','2016-08-12'),(3512308,'SP','Conchas','S','N','2016-08-12'),(3512407,'SP','Cordeir�polis','S','N','2016-08-12'),(3512506,'SP','Coroados','S','N','2016-08-12'),(3512605,'SP','Coronel Macedo','S','N','2016-08-12'),(3512704,'SP','Corumbata�','S','N','2016-08-12'),(3512803,'SP','Cosm�polis','S','N','2016-08-12'),(3512902,'SP','Cosmorama','S','N','2016-08-12'),(3513009,'SP','Cotia','S','N','2016-08-12'),(3513108,'SP','Cravinhos','S','N','2016-08-12'),(3513207,'SP','Cristais Paulista','S','N','2016-08-12'),(3513306,'SP','Cruz�lia','S','N','2016-08-12'),(3513405,'SP','Cruzeiro','S','N','2016-08-12'),(3513504,'SP','Cubat�o','S','N','2016-08-12'),(3513603,'SP','Cunha','S','N','2016-08-12'),(3513702,'SP','Descalvado','S','N','2016-08-12'),(3513801,'SP','Diadema','S','N','2016-08-12'),(3513850,'SP','Dirce Reis','S','N','2016-08-12'),(3513900,'SP','Divinol�ndia','S','N','2016-08-12'),(3514007,'SP','Dobrada','S','N','2016-08-12'),(3514106,'SP','Dois C�rregos','S','N','2016-08-12'),(3514205,'SP','Dolcin�polis','S','N','2016-08-12'),(3514304,'SP','Dourado','S','N','2016-08-12'),(3514403,'SP','Dracena','S','N','2016-08-12'),(3514502,'SP','Duartina','S','N','2016-08-12'),(3514601,'SP','Dumont','S','N','2016-08-12'),(3514700,'SP','Echapor�','S','N','2016-08-12'),(3514809,'SP','Eldorado','S','N','2016-08-12'),(3514908,'SP','Elias Fausto','S','N','2016-08-12'),(3514924,'SP','Elisi�rio','S','N','2016-08-12'),(3514957,'SP','Emba�ba','S','N','2016-08-12'),(3515004,'SP','Embu','S','N','2016-08-12'),(3515103,'SP','Embu-Gua�u','S','N','2016-08-12'),(3515129,'SP','Emilian�polis','S','N','2016-08-12'),(3515152,'SP','Engenheiro Coelho','S','N','2016-08-12'),(3515186,'SP','Esp�rito Santo do Pinhal','S','N','2016-08-12'),(3515194,'SP','Esp�rito Santo do Turvo','S','N','2016-08-12'),(3515202,'SP','Estrela d�Oeste','S','N','2016-08-12'),(3515301,'SP','Estrela do Norte','S','N','2016-08-12'),(3515350,'SP','Euclides da Cunha Paulista','S','N','2016-08-12'),(3515400,'SP','Fartura','S','N','2016-08-12'),(3515509,'SP','Fernand�polis','S','N','2016-08-12'),(3515608,'SP','Fernando Prestes','S','N','2016-08-12'),(3515657,'SP','Fern�o','S','N','2016-08-12'),(3515707,'SP','Ferraz de Vasconcelos','S','N','2016-08-12'),(3515806,'SP','Flora Rica','S','N','2016-08-12'),(3515905,'SP','Floreal','S','N','2016-08-12'),(3516002,'SP','Fl�rida Paulista','S','N','2016-08-12'),(3516101,'SP','Flor�nia','S','N','2016-08-12'),(3516200,'SP','Franca','S','N','2016-08-12'),(3516309,'SP','Francisco Morato','S','N','2016-08-12'),(3516408,'SP','Franco da Rocha','S','N','2016-08-12'),(3516507,'SP','Gabriel Monteiro','S','N','2016-08-12'),(3516606,'SP','G�lia','S','N','2016-08-12'),(3516705,'SP','Gar�a','S','N','2016-08-12'),(3516804,'SP','Gast�o Vidigal','S','N','2016-08-12'),(3516853,'SP','Gavi�o Peixoto','S','N','2016-08-12'),(3516903,'SP','General Salgado','S','N','2016-08-12'),(3517000,'SP','Getulina','S','N','2016-08-12'),(3517109,'SP','Glic�rio','S','N','2016-08-12'),(3517208,'SP','Guai�ara','S','N','2016-08-12'),(3517307,'SP','Guaimb�','S','N','2016-08-12'),(3517406,'SP','Gua�ra','S','N','2016-08-12'),(3517505,'SP','Guapia�u','S','N','2016-08-12'),(3517604,'SP','Guapiara','S','N','2016-08-12'),(3517703,'SP','Guar�','S','N','2016-08-12'),(3517802,'SP','Guara�a�','S','N','2016-08-12'),(3517901,'SP','Guaraci','S','N','2016-08-12'),(3518008,'SP','Guarani d�Oeste','S','N','2016-08-12'),(3518107,'SP','Guarant�','S','N','2016-08-12'),(3518206,'SP','Guararapes','S','N','2016-08-12'),(3518305,'SP','Guararema','S','N','2016-08-12'),(3518404,'SP','Guaratinguet�','S','N','2016-08-12'),(3518503,'SP','Guare�','S','N','2016-08-12'),(3518602,'SP','Guariba','S','N','2016-08-12'),(3518701,'SP','Guaruj�','S','N','2016-08-12'),(3518800,'SP','Guarulhos','S','N','2016-08-12'),(3518859,'SP','Guatapar�','S','N','2016-08-12'),(3518909,'SP','Guzol�ndia','S','N','2016-08-12'),(3519006,'SP','Hercul�ndia','S','N','2016-08-12'),(3519055,'SP','Holambra','S','N','2016-08-12'),(3519071,'SP','Hortol�ndia','S','N','2016-08-12'),(3519105,'SP','Iacanga','S','N','2016-08-12'),(3519204,'SP','Iacri','S','N','2016-08-12'),(3519253,'SP','Iaras','S','N','2016-08-12'),(3519303,'SP','Ibat�','S','N','2016-08-12'),(3519402,'SP','Ibir�','S','N','2016-08-12'),(3519501,'SP','Ibirarema','S','N','2016-08-12'),(3519600,'SP','Ibitinga','S','N','2016-08-12'),(3519709,'SP','Ibi�na','S','N','2016-08-12'),(3519808,'SP','Ic�m','S','N','2016-08-12'),(3519907,'SP','Iep�','S','N','2016-08-12'),(3520004,'SP','Igara�u do Tiet�','S','N','2016-08-12'),(3520103,'SP','Igarapava','S','N','2016-08-12'),(3520202,'SP','Igarat�','S','N','2016-08-12'),(3520301,'SP','Iguape','S','N','2016-08-12'),(3520400,'SP','Ilhabela','S','N','2016-08-12'),(3520426,'SP','Ilha Comprida','S','N','2016-08-12'),(3520442,'SP','Ilha Solteira','S','N','2016-08-12'),(3520509,'SP','Indaiatuba','S','N','2016-08-12'),(3520608,'SP','Indiana','S','N','2016-08-12'),(3520707,'SP','Indiapor�','S','N','2016-08-12'),(3520806,'SP','In�bia Paulista','S','N','2016-08-12'),(3520905,'SP','Ipaussu','S','N','2016-08-12'),(3521002,'SP','Iper�','S','N','2016-08-12'),(3521101,'SP','Ipe�na','S','N','2016-08-12'),(3521150,'SP','Ipigu�','S','N','2016-08-12'),(3521200,'SP','Iporanga','S','N','2016-08-12'),(3521309,'SP','Ipu�','S','N','2016-08-12'),(3521408,'SP','Iracem�polis','S','N','2016-08-12'),(3521507,'SP','Irapu�','S','N','2016-08-12'),(3521606,'SP','Irapuru','S','N','2016-08-12'),(3521705,'SP','Itaber�','S','N','2016-08-12'),(3521804,'SP','Ita�','S','N','2016-08-12'),(3521903,'SP','Itajobi','S','N','2016-08-12'),(3522000,'SP','Itaju','S','N','2016-08-12'),(3522109,'SP','Itanha�m','S','N','2016-08-12'),(3522158,'SP','Ita�ca','S','N','2016-08-12'),(3522208,'SP','Itapecerica da Serra','S','N','2016-08-12'),(3522307,'SP','Itapetininga','S','N','2016-08-12'),(3522406,'SP','Itapeva','S','N','2016-08-12'),(3522505,'SP','Itapevi','S','N','2016-08-12'),(3522604,'SP','Itapira','S','N','2016-08-12'),(3522653,'SP','Itapirapu� Paulista','S','N','2016-08-12'),(3522703,'SP','It�polis','S','N','2016-08-12'),(3522802,'SP','Itaporanga','S','N','2016-08-12'),(3522901,'SP','Itapu�','S','N','2016-08-12'),(3523008,'SP','Itapura','S','N','2016-08-12'),(3523107,'SP','Itaquaquecetuba','S','N','2016-08-12'),(3523206,'SP','Itarar�','S','N','2016-08-12'),(3523305,'SP','Itariri','S','N','2016-08-12'),(3523404,'SP','Itatiba','S','N','2016-08-12'),(3523503,'SP','Itatinga','S','N','2016-08-12'),(3523602,'SP','Itirapina','S','N','2016-08-12'),(3523701,'SP','Itirapu�','S','N','2016-08-12'),(3523800,'SP','Itobi','S','N','2016-08-12'),(3523909,'SP','Itu','S','N','2016-08-12'),(3524006,'SP','Itupeva','S','N','2016-08-12'),(3524105,'SP','Ituverava','S','N','2016-08-12'),(3524204,'SP','Jaborandi','S','N','2016-08-12'),(3524303,'SP','Jaboticabal','S','N','2016-08-12'),(3524402,'SP','Jacare�','S','N','2016-08-12'),(3524501,'SP','Jaci','S','N','2016-08-12'),(3524600,'SP','Jacupiranga','S','N','2016-08-12'),(3524709,'SP','Jaguari�na','S','N','2016-08-12'),(3524808,'SP','Jales','S','N','2016-08-12'),(3524907,'SP','Jambeiro','S','N','2016-08-12'),(3525003,'SP','Jandira','S','N','2016-08-12'),(3525102,'SP','Jardin�polis','S','N','2016-08-12'),(3525201,'SP','Jarinu','S','N','2016-08-12'),(3525300,'SP','Ja�','S','N','2016-08-12'),(3525409,'SP','Jeriquara','S','N','2016-08-12'),(3525508,'SP','Joan�polis','S','N','2016-08-12'),(3525607,'SP','Jo�o Ramalho','S','N','2016-08-12'),(3525706,'SP','Jos� Bonif�cio','S','N','2016-08-12'),(3525805,'SP','J�lio Mesquita','S','N','2016-08-12'),(3525854,'SP','Jumirim','S','N','2016-08-12'),(3525904,'SP','Jundia�','S','N','2016-08-12'),(3526001,'SP','Junqueir�polis','S','N','2016-08-12'),(3526100,'SP','Juqui�','S','N','2016-08-12'),(3526209,'SP','Juquitiba','S','N','2016-08-12'),(3526308,'SP','Lagoinha','S','N','2016-08-12'),(3526407,'SP','Laranjal Paulista','S','N','2016-08-12'),(3526506,'SP','Lav�nia','S','N','2016-08-12'),(3526605,'SP','Lavrinhas','S','N','2016-08-12'),(3526704,'SP','Leme','S','N','2016-08-12'),(3526803,'SP','Len��is Paulista','S','N','2016-08-12'),(3526902,'SP','Limeira','S','N','2016-08-12'),(3527009,'SP','Lind�ia','S','N','2016-08-12'),(3527108,'SP','Lins','S','N','2016-08-12'),(3527207,'SP','Lorena','S','N','2016-08-12'),(3527256,'SP','Lourdes','S','N','2016-08-12'),(3527306,'SP','Louveira','S','N','2016-08-12'),(3527405,'SP','Luc�lia','S','N','2016-08-12'),(3527504,'SP','Lucian�polis','S','N','2016-08-12'),(3527603,'SP','Lu�s Ant�nio','S','N','2016-08-12'),(3527702,'SP','Luizi�nia','S','N','2016-08-12'),(3527801,'SP','Lup�rcio','S','N','2016-08-12'),(3527900,'SP','Lut�cia','S','N','2016-08-12'),(3528007,'SP','Macatuba','S','N','2016-08-12'),(3528106,'SP','Macaubal','S','N','2016-08-12'),(3528205,'SP','Maced�nia','S','N','2016-08-12'),(3528304,'SP','Magda','S','N','2016-08-12'),(3528403,'SP','Mairinque','S','N','2016-08-12'),(3528502,'SP','Mairipor�','S','N','2016-08-12'),(3528601,'SP','Manduri','S','N','2016-08-12'),(3528700,'SP','Marab� Paulista','S','N','2016-08-12'),(3528809,'SP','Maraca�','S','N','2016-08-12'),(3528858,'SP','Marapoama','S','N','2016-08-12'),(3528908,'SP','Mari�polis','S','N','2016-08-12'),(3529005,'SP','Mar�lia','S','N','2016-08-12'),(3529104,'SP','Marin�polis','S','N','2016-08-12'),(3529203,'SP','Martin�polis','S','N','2016-08-12'),(3529302,'SP','Mat�o','S','N','2016-08-12'),(3529401,'SP','Mau�','S','N','2016-08-12'),(3529500,'SP','Mendon�a','S','N','2016-08-12'),(3529609,'SP','Meridiano','S','N','2016-08-12'),(3529658,'SP','Mes�polis','S','N','2016-08-12'),(3529708,'SP','Miguel�polis','S','N','2016-08-12'),(3529807,'SP','Mineiros do Tiet�','S','N','2016-08-12'),(3529906,'SP','Miracatu','S','N','2016-08-12'),(3530003,'SP','Mira Estrela','S','N','2016-08-12'),(3530102,'SP','Mirand�polis','S','N','2016-08-12'),(3530201,'SP','Mirante do Paranapanema','S','N','2016-08-12'),(3530300,'SP','Mirassol','S','N','2016-08-12'),(3530409,'SP','Mirassol�ndia','S','N','2016-08-12'),(3530508,'SP','Mococa','S','N','2016-08-12'),(3530607,'SP','Mogi das Cruzes','S','N','2016-08-12'),(3530706,'SP','Mogi Gua�u','S','N','2016-08-12'),(3530805,'SP','Moji Mirim','S','N','2016-08-12'),(3530904,'SP','Mombuca','S','N','2016-08-12'),(3531001,'SP','Mon��es','S','N','2016-08-12'),(3531100,'SP','Mongagu�','S','N','2016-08-12'),(3531209,'SP','Monte Alegre do Sul','S','N','2016-08-12'),(3531308,'SP','Monte Alto','S','N','2016-08-12'),(3531407,'SP','Monte Apraz�vel','S','N','2016-08-12'),(3531506,'SP','Monte Azul Paulista','S','N','2016-08-12'),(3531605,'SP','Monte Castelo','S','N','2016-08-12'),(3531704,'SP','Monteiro Lobato','S','N','2016-08-12'),(3531803,'SP','Monte Mor','S','N','2016-08-12'),(3531902,'SP','Morro Agudo','S','N','2016-08-12'),(3532009,'SP','Morungaba','S','N','2016-08-12'),(3532058,'SP','Motuca','S','N','2016-08-12'),(3532108,'SP','Murutinga do Sul','S','N','2016-08-12'),(3532157,'SP','Nantes','S','N','2016-08-12'),(3532207,'SP','Narandiba','S','N','2016-08-12'),(3532306,'SP','Natividade da Serra','S','N','2016-08-12'),(3532405,'SP','Nazar� Paulista','S','N','2016-08-12'),(3532504,'SP','Neves Paulista','S','N','2016-08-12'),(3532603,'SP','Nhandeara','S','N','2016-08-12'),(3532702,'SP','Nipo�','S','N','2016-08-12'),(3532801,'SP','Nova Alian�a','S','N','2016-08-12'),(3532827,'SP','Nova Campina','S','N','2016-08-12'),(3532843,'SP','Nova Cana� Paulista','S','N','2016-08-12'),(3532868,'SP','Nova Castilho','S','N','2016-08-12'),(3532900,'SP','Nova Europa','S','N','2016-08-12'),(3533007,'SP','Nova Granada','S','N','2016-08-12'),(3533106,'SP','Nova Guataporanga','S','N','2016-08-12'),(3533205,'SP','Nova Independ�ncia','S','N','2016-08-12'),(3533254,'SP','Novais','S','N','2016-08-12'),(3533304,'SP','Nova Luzit�nia','S','N','2016-08-12'),(3533403,'SP','Nova Odessa','S','N','2016-08-12'),(3533502,'SP','Novo Horizonte','S','N','2016-08-12'),(3533601,'SP','Nuporanga','S','N','2016-08-12'),(3533700,'SP','Ocau�u','S','N','2016-08-12'),(3533809,'SP','�leo','S','N','2016-08-12'),(3533908,'SP','Ol�mpia','S','N','2016-08-12'),(3534005,'SP','Onda Verde','S','N','2016-08-12'),(3534104,'SP','Oriente','S','N','2016-08-12'),(3534203,'SP','Orindi�va','S','N','2016-08-12'),(3534302,'SP','Orl�ndia','S','N','2016-08-12'),(3534401,'SP','Osasco','S','N','2016-08-12'),(3534500,'SP','Oscar Bressane','S','N','2016-08-12'),(3534609,'SP','Osvaldo Cruz','S','N','2016-08-12'),(3534708,'SP','Ourinhos','S','N','2016-08-12'),(3534757,'SP','Ouroeste','S','N','2016-08-12'),(3534807,'SP','Ouro Verde','S','N','2016-08-12'),(3534906,'SP','Pacaembu','S','N','2016-08-12'),(3535002,'SP','Palestina','S','N','2016-08-12'),(3535101,'SP','Palmares Paulista','S','N','2016-08-12'),(3535200,'SP','Palmeira d�Oeste','S','N','2016-08-12'),(3535309,'SP','Palmital','S','N','2016-08-12'),(3535408,'SP','Panorama','S','N','2016-08-12'),(3535507,'SP','Paragua�u Paulista','S','N','2016-08-12'),(3535606,'SP','Paraibuna','S','N','2016-08-12'),(3535705,'SP','Para�so','S','N','2016-08-12'),(3535804,'SP','Paranapanema','S','N','2016-08-12'),(3535903,'SP','Paranapu�','S','N','2016-08-12'),(3536000,'SP','Parapu�','S','N','2016-08-12'),(3536109,'SP','Pardinho','S','N','2016-08-12'),(3536208,'SP','Pariquera-A�u','S','N','2016-08-12'),(3536257,'SP','Parisi','S','N','2016-08-12'),(3536307,'SP','Patroc�nio Paulista','S','N','2016-08-12'),(3536406,'SP','Paulic�ia','S','N','2016-08-12'),(3536505,'SP','Paul�nia','S','N','2016-08-12'),(3536570,'SP','Paulist�nia','S','N','2016-08-12'),(3536604,'SP','Paulo de Faria','S','N','2016-08-12'),(3536703,'SP','Pederneiras','S','N','2016-08-12'),(3536802,'SP','Pedra Bela','S','N','2016-08-12'),(3536901,'SP','Pedran�polis','S','N','2016-08-12'),(3537008,'SP','Pedregulho','S','N','2016-08-12'),(3537107,'SP','Pedreira','S','N','2016-08-12'),(3537156,'SP','Pedrinhas Paulista','S','N','2016-08-12'),(3537206,'SP','Pedro de Toledo','S','N','2016-08-12'),(3537305,'SP','Pen�polis','S','N','2016-08-12'),(3537404,'SP','Pereira Barreto','S','N','2016-08-12'),(3537503,'SP','Pereiras','S','N','2016-08-12'),(3537602,'SP','Peru�be','S','N','2016-08-12'),(3537701,'SP','Piacatu','S','N','2016-08-12'),(3537800,'SP','Piedade','S','N','2016-08-12'),(3537909,'SP','Pilar do Sul','S','N','2016-08-12'),(3538006,'SP','Pindamonhangaba','S','N','2016-08-12'),(3538105,'SP','Pindorama','S','N','2016-08-12'),(3538204,'SP','Pinhalzinho','S','N','2016-08-12'),(3538303,'SP','Piquerobi','S','N','2016-08-12'),(3538501,'SP','Piquete','S','N','2016-08-12'),(3538600,'SP','Piracaia','S','N','2016-08-12'),(3538709,'SP','Piracicaba','S','N','2016-08-12'),(3538808,'SP','Piraju','S','N','2016-08-12'),(3538907,'SP','Piraju�','S','N','2016-08-12'),(3539004,'SP','Pirangi','S','N','2016-08-12'),(3539103,'SP','Pirapora do Bom Jesus','S','N','2016-08-12'),(3539202,'SP','Pirapozinho','S','N','2016-08-12'),(3539301,'SP','Pirassununga','S','N','2016-08-12'),(3539400,'SP','Piratininga','S','N','2016-08-12'),(3539509,'SP','Pitangueiras','S','N','2016-08-12'),(3539608,'SP','Planalto','S','N','2016-08-12'),(3539707,'SP','Platina','S','N','2016-08-12'),(3539806,'SP','Po�','S','N','2016-08-12'),(3539905,'SP','Poloni','S','N','2016-08-12'),(3540002,'SP','Pomp�ia','S','N','2016-08-12'),(3540101,'SP','Ponga�','S','N','2016-08-12'),(3540200,'SP','Pontal','S','N','2016-08-12'),(3540259,'SP','Pontalinda','S','N','2016-08-12'),(3540309,'SP','Pontes Gestal','S','N','2016-08-12'),(3540408,'SP','Populina','S','N','2016-08-12'),(3540507,'SP','Porangaba','S','N','2016-08-12'),(3540606,'SP','Porto Feliz','S','N','2016-08-12'),(3540705,'SP','Porto Ferreira','S','N','2016-08-12'),(3540754,'SP','Potim','S','N','2016-08-12'),(3540804,'SP','Potirendaba','S','N','2016-08-12'),(3540853,'SP','Pracinha','S','N','2016-08-12'),(3540903,'SP','Prad�polis','S','N','2016-08-12'),(3541000,'SP','Praia Grande','S','N','2016-08-12'),(3541059,'SP','Prat�nia','S','N','2016-08-12'),(3541109,'SP','Presidente Alves','S','N','2016-08-12'),(3541208,'SP','Presidente Bernardes','S','N','2016-08-12'),(3541307,'SP','Presidente Epit�cio','S','N','2016-08-12'),(3541406,'SP','Presidente Prudente','S','N','2016-08-12'),(3541505,'SP','Presidente Venceslau','S','N','2016-08-12'),(3541604,'SP','Promiss�o','S','N','2016-08-12'),(3541653,'SP','Quadra','S','N','2016-08-12'),(3541703,'SP','Quat�','S','N','2016-08-12'),(3541802,'SP','Queiroz','S','N','2016-08-12'),(3541901,'SP','Queluz','S','N','2016-08-12'),(3542008,'SP','Quintana','S','N','2016-08-12'),(3542107,'SP','Rafard','S','N','2016-08-12'),(3542206,'SP','Rancharia','S','N','2016-08-12'),(3542305,'SP','Reden��o da Serra','S','N','2016-08-12'),(3542404,'SP','Regente Feij�','S','N','2016-08-12'),(3542503,'SP','Regin�polis','S','N','2016-08-12'),(3542602,'SP','Registro','S','N','2016-08-12'),(3542701,'SP','Restinga','S','N','2016-08-12'),(3542800,'SP','Ribeira','S','N','2016-08-12'),(3542909,'SP','Ribeir�o Bonito','S','N','2016-08-12'),(3543006,'SP','Ribeir�o Branco','S','N','2016-08-12'),(3543105,'SP','Ribeir�o Corrente','S','N','2016-08-12'),(3543204,'SP','Ribeir�o do Sul','S','N','2016-08-12'),(3543238,'SP','Ribeir�o dos �ndios','S','N','2016-08-12'),(3543253,'SP','Ribeir�o Grande','S','N','2016-08-12'),(3543303,'SP','Ribeir�o Pires','S','N','2016-08-12'),(3543402,'SP','Ribeir�o Preto','S','N','2016-08-12'),(3543501,'SP','Riversul','S','N','2016-08-12'),(3543600,'SP','Rifaina','S','N','2016-08-12'),(3543709,'SP','Rinc�o','S','N','2016-08-12'),(3543808,'SP','Rin�polis','S','N','2016-08-12'),(3543907,'SP','Rio Claro','S','N','2016-08-12'),(3544004,'SP','Rio das Pedras','S','N','2016-08-12'),(3544103,'SP','Rio Grande da Serra','S','N','2016-08-12'),(3544202,'SP','Riol�ndia','S','N','2016-08-12'),(3544251,'SP','Rosana','S','N','2016-08-12'),(3544301,'SP','Roseira','S','N','2016-08-12'),(3544400,'SP','Rubi�cea','S','N','2016-08-12'),(3544509,'SP','Rubin�ia','S','N','2016-08-12'),(3544608,'SP','Sabino','S','N','2016-08-12'),(3544707,'SP','Sagres','S','N','2016-08-12'),(3544806,'SP','Sales','S','N','2016-08-12'),(3544905,'SP','Sales Oliveira','S','N','2016-08-12'),(3545001,'SP','Sales�polis','S','N','2016-08-12'),(3545100,'SP','Salmour�o','S','N','2016-08-12'),(3545159,'SP','Saltinho','S','N','2016-08-12'),(3545209,'SP','Salto','S','N','2016-08-12'),(3545308,'SP','Salto de Pirapora','S','N','2016-08-12'),(3545407,'SP','Salto Grande','S','N','2016-08-12'),(3545506,'SP','Sandovalina','S','N','2016-08-12'),(3545605,'SP','Santa Ad�lia','S','N','2016-08-12'),(3545704,'SP','Santa Albertina','S','N','2016-08-12'),(3545803,'SP','Santa B�rbara d�Oeste','S','N','2016-08-12'),(3546009,'SP','Santa Branca','S','N','2016-08-12'),(3546108,'SP','Santa Clara d�Oeste','S','N','2016-08-12'),(3546207,'SP','Santa Cruz da Concei��o','S','N','2016-08-12'),(3546256,'SP','Santa Cruz da Esperan�a','S','N','2016-08-12'),(3546306,'SP','Santa Cruz das Palmeiras','S','N','2016-08-12'),(3546405,'SP','Santa Cruz do Rio Pardo','S','N','2016-08-12'),(3546504,'SP','Santa Ernestina','S','N','2016-08-12'),(3546603,'SP','Santa F� do Sul','S','N','2016-08-12'),(3546702,'SP','Santa Gertrudes','S','N','2016-08-12'),(3546801,'SP','Santa Isabel','S','N','2016-08-12'),(3546900,'SP','Santa L�cia','S','N','2016-08-12'),(3547007,'SP','Santa Maria da Serra','S','N','2016-08-12'),(3547106,'SP','Santa Mercedes','S','N','2016-08-12'),(3547205,'SP','Santana da Ponte Pensa','S','N','2016-08-12'),(3547304,'SP','Santana de Parna�ba','S','N','2016-08-12'),(3547403,'SP','Santa Rita d�Oeste','S','N','2016-08-12'),(3547502,'SP','Santa Rita do Passa Quatro','S','N','2016-08-12'),(3547601,'SP','Santa Rosa de Viterbo','S','N','2016-08-12'),(3547650,'SP','Santa Salete','S','N','2016-08-12'),(3547700,'SP','Santo Anast�cio','S','N','2016-08-12'),(3547809,'SP','Santo Andr�','S','N','2016-08-12'),(3547908,'SP','Santo Ant�nio da Alegria','S','N','2016-08-12'),(3548005,'SP','Santo Ant�nio de Posse','S','N','2016-08-12'),(3548054,'SP','Santo Ant�nio do Aracangu�','S','N','2016-08-12'),(3548104,'SP','Santo Ant�nio do Jardim','S','N','2016-08-12'),(3548203,'SP','Santo Ant�nio do Pinhal','S','N','2016-08-12'),(3548302,'SP','Santo Expedito','S','N','2016-08-12'),(3548401,'SP','Sant�polis do Aguape�','S','N','2016-08-12'),(3548500,'SP','Santos','S','N','2016-08-12'),(3548609,'SP','S�o Bento do Sapuca�','S','N','2016-08-12'),(3548708,'SP','S�o Bernardo do Campo','S','N','2016-08-12'),(3548807,'SP','S�o Caetano do Sul','S','N','2016-08-12'),(3548906,'SP','S�o Carlos','S','N','2016-08-12'),(3549003,'SP','S�o Francisco','S','N','2016-08-12'),(3549102,'SP','S�o Jo�o da Boa Vista','S','N','2016-08-12'),(3549201,'SP','S�o Jo�o das Duas Pontes','S','N','2016-08-12'),(3549250,'SP','S�o Jo�o de Iracema','S','N','2016-08-12'),(3549300,'SP','S�o Jo�o do Pau d�Alho','S','N','2016-08-12'),(3549409,'SP','S�o Joaquim da Barra','S','N','2016-08-12'),(3549508,'SP','S�o Jos� da Bela Vista','S','N','2016-08-12'),(3549607,'SP','S�o Jos� do Barreiro','S','N','2016-08-12'),(3549706,'SP','S�o Jos� do Rio Pardo','S','N','2016-08-12'),(3549805,'SP','S�o Jos� do Rio Preto','S','N','2016-08-12'),(3549904,'SP','S�o Jos� dos Campos','S','N','2016-08-12'),(3549953,'SP','S�o Louren�o da Serra','S','N','2016-08-12'),(3550001,'SP','S�o Lu�s do Paraitinga','S','N','2016-08-12'),(3550100,'SP','S�o Manuel','S','N','2016-08-12'),(3550209,'SP','S�o Miguel Arcanjo','S','N','2016-08-12'),(3550308,'SP','S�o Paulo','S','S','2016-08-12'),(3550407,'SP','S�o Pedro','S','N','2016-08-12'),(3550506,'SP','S�o Pedro do Turvo','S','N','2016-08-12'),(3550605,'SP','S�o Roque','S','N','2016-08-12'),(3550704,'SP','S�o Sebasti�o','S','N','2016-08-12'),(3550803,'SP','S�o Sebasti�o da Grama','S','N','2016-08-12'),(3550902,'SP','S�o Sim�o','S','N','2016-08-12'),(3551009,'SP','S�o Vicente','S','N','2016-08-12'),(3551108,'SP','Sarapu�','S','N','2016-08-12'),(3551207,'SP','Sarutai�','S','N','2016-08-12'),(3551306,'SP','Sebastian�polis do Sul','S','N','2016-08-12'),(3551405,'SP','Serra Azul','S','N','2016-08-12'),(3551504,'SP','Serrana','S','N','2016-08-12'),(3551603,'SP','Serra Negra','S','N','2016-08-12'),(3551702,'SP','Sert�ozinho','S','N','2016-08-12'),(3551801,'SP','Sete Barras','S','N','2016-08-12'),(3551900,'SP','Sever�nia','S','N','2016-08-12'),(3552007,'SP','Silveiras','S','N','2016-08-12'),(3552106,'SP','Socorro','S','N','2016-08-12'),(3552205,'SP','Sorocaba','S','N','2016-08-12'),(3552304,'SP','Sud Mennucci','S','N','2016-08-12'),(3552403,'SP','Sumar�','S','N','2016-08-12'),(3552502,'SP','Suzano','S','N','2016-08-12'),(3552551,'SP','Suzan�polis','S','N','2016-08-12'),(3552601,'SP','Tabapu�','S','N','2016-08-12'),(3552700,'SP','Tabatinga','S','N','2016-08-12'),(3552809,'SP','Tabo�o da Serra','S','N','2016-08-12'),(3552908,'SP','Taciba','S','N','2016-08-12'),(3553005,'SP','Tagua�','S','N','2016-08-12'),(3553104,'SP','Taia�u','S','N','2016-08-12'),(3553203,'SP','Tai�va','S','N','2016-08-12'),(3553302,'SP','Tamba�','S','N','2016-08-12'),(3553401,'SP','Tanabi','S','N','2016-08-12'),(3553500,'SP','Tapira�','S','N','2016-08-12'),(3553609,'SP','Tapiratiba','S','N','2016-08-12'),(3553658,'SP','Taquaral','S','N','2016-08-12'),(3553708,'SP','Taquaritinga','S','N','2016-08-12'),(3553807,'SP','Taquarituba','S','N','2016-08-12'),(3553856,'SP','Taquariva�','S','N','2016-08-12'),(3553906,'SP','Tarabai','S','N','2016-08-12'),(3553955,'SP','Tarum�','S','N','2016-08-12'),(3554003,'SP','Tatu�','S','N','2016-08-12'),(3554102,'SP','Taubat�','S','N','2016-08-12'),(3554201,'SP','Tejup�','S','N','2016-08-12'),(3554300,'SP','Teodoro Sampaio','S','N','2016-08-12'),(3554409,'SP','Terra Roxa','S','N','2016-08-12'),(3554508,'SP','Tiet�','S','N','2016-08-12'),(3554607,'SP','Timburi','S','N','2016-08-12'),(3554656,'SP','Torre de Pedra','S','N','2016-08-12'),(3554706,'SP','Torrinha','S','N','2016-08-12'),(3554755,'SP','Trabiju','S','N','2016-08-12'),(3554805,'SP','Trememb�','S','N','2016-08-12'),(3554904,'SP','Tr�s Fronteiras','S','N','2016-08-12'),(3554953,'SP','Tuiuti','S','N','2016-08-12'),(3555000,'SP','Tup�','S','N','2016-08-12'),(3555109,'SP','Tupi Paulista','S','N','2016-08-12'),(3555208,'SP','Turi�ba','S','N','2016-08-12'),(3555307,'SP','Turmalina','S','N','2016-08-12'),(3555356,'SP','Ubarana','S','N','2016-08-12'),(3555406,'SP','Ubatuba','S','N','2016-08-12'),(3555505,'SP','Ubirajara','S','N','2016-08-12'),(3555604,'SP','Uchoa','S','N','2016-08-12'),(3555703,'SP','Uni�o Paulista','S','N','2016-08-12'),(3555802,'SP','Ur�nia','S','N','2016-08-12'),(3555901,'SP','Uru','S','N','2016-08-12'),(3556008,'SP','Urup�s','S','N','2016-08-12'),(3556107,'SP','Valentim Gentil','S','N','2016-08-12'),(3556206,'SP','Valinhos','S','N','2016-08-12'),(3556305,'SP','Valpara�so','S','N','2016-08-12'),(3556354,'SP','Vargem','S','N','2016-08-12'),(3556404,'SP','Vargem Grande do Sul','S','N','2016-08-12'),(3556453,'SP','Vargem Grande Paulista','S','N','2016-08-12'),(3556503,'SP','V�rzea Paulista','S','N','2016-08-12'),(3556602,'SP','Vera Cruz','S','N','2016-08-12'),(3556701,'SP','Vinhedo','S','N','2016-08-12'),(3556800,'SP','Viradouro','S','N','2016-08-12'),(3556909,'SP','Vista Alegre do Alto','S','N','2016-08-12'),(3556958,'SP','Vit�ria Brasil','S','N','2016-08-12'),(3557006,'SP','Votorantim','S','N','2016-08-12'),(3557105,'SP','Votuporanga','S','N','2016-08-12'),(3557154,'SP','Zacarias','S','N','2016-08-12'),(3557204,'SP','Chavantes','S','N','2016-08-12'),(3557303,'SP','Estiva Gerbi','S','N','2016-08-12'),(4100103,'PR','Abati�','S','N','2016-08-12'),(4100202,'PR','Adrian�polis','S','N','2016-08-12'),(4100301,'PR','Agudos do Sul','S','N','2016-08-12'),(4100400,'PR','Almirante Tamandar�','S','N','2016-08-12'),(4100459,'PR','Altamira do Paran�','S','N','2016-08-12'),(4100509,'PR','Alt�nia','S','N','2016-08-12'),(4100608,'PR','Alto Paran�','S','N','2016-08-12'),(4100707,'PR','Alto Piquiri','S','N','2016-08-12'),(4100806,'PR','Alvorada do Sul','S','N','2016-08-12'),(4100905,'PR','Amapor�','S','N','2016-08-12'),(4101002,'PR','Amp�re','S','N','2016-08-12'),(4101051,'PR','Anahy','S','N','2016-08-12'),(4101101,'PR','Andir�','S','N','2016-08-12'),(4101150,'PR','�ngulo','S','N','2016-08-12'),(4101200,'PR','Antonina','S','N','2016-08-12'),(4101309,'PR','Ant�nio Olinto','S','N','2016-08-12'),(4101408,'PR','Apucarana','S','N','2016-08-12'),(4101507,'PR','Arapongas','S','N','2016-08-12'),(4101606,'PR','Arapoti','S','N','2016-08-12'),(4101655,'PR','Arapu�','S','N','2016-08-12'),(4101705,'PR','Araruna','S','N','2016-08-12'),(4101804,'PR','Arauc�ria','S','N','2016-08-12'),(4101853,'PR','Ariranha do Iva�','S','N','2016-08-12'),(4101903,'PR','Assa�','S','N','2016-08-12'),(4102000,'PR','Assis Chateaubriand','S','N','2016-08-12'),(4102109,'PR','Astorga','S','N','2016-08-12'),(4102208,'PR','Atalaia','S','N','2016-08-12'),(4102307,'PR','Balsa Nova','S','N','2016-08-12'),(4102406,'PR','Bandeirantes','S','N','2016-08-12'),(4102505,'PR','Barbosa Ferraz','S','N','2016-08-12'),(4102604,'PR','Barrac�o','S','N','2016-08-12'),(4102703,'PR','Barra do Jacar�','S','N','2016-08-12'),(4102752,'PR','Bela Vista da Caroba','S','N','2016-08-12'),(4102802,'PR','Bela Vista do Para�so','S','N','2016-08-12'),(4102901,'PR','Bituruna','S','N','2016-08-12'),(4103008,'PR','Boa Esperan�a','S','N','2016-08-12'),(4103024,'PR','Boa Esperan�a do Igua�u','S','N','2016-08-12'),(4103040,'PR','Boa Ventura de S�o Roque','S','N','2016-08-12'),(4103057,'PR','Boa Vista da Aparecida','S','N','2016-08-12'),(4103107,'PR','Bocai�va do Sul','S','N','2016-08-12'),(4103156,'PR','Bom Jesus do Sul','S','N','2016-08-12'),(4103206,'PR','Bom Sucesso','S','N','2016-08-12'),(4103222,'PR','Bom Sucesso do Sul','S','N','2016-08-12'),(4103305,'PR','Borraz�polis','S','N','2016-08-12'),(4103354,'PR','Braganey','S','N','2016-08-12'),(4103370,'PR','Brasil�ndia do Sul','S','N','2016-08-12'),(4103404,'PR','Cafeara','S','N','2016-08-12'),(4103453,'PR','Cafel�ndia','S','N','2016-08-12'),(4103479,'PR','Cafezal do Sul','S','N','2016-08-12'),(4103503,'PR','Calif�rnia','S','N','2016-08-12'),(4103602,'PR','Cambar�','S','N','2016-08-12'),(4103701,'PR','Camb�','S','N','2016-08-12'),(4103800,'PR','Cambira','S','N','2016-08-12'),(4103909,'PR','Campina da Lagoa','S','N','2016-08-12'),(4103958,'PR','Campina do Sim�o','S','N','2016-08-12'),(4104006,'PR','Campina Grande do Sul','S','N','2016-08-12'),(4104055,'PR','Campo Bonito','S','N','2016-08-12'),(4104105,'PR','Campo do Tenente','S','N','2016-08-12'),(4104204,'PR','Campo Largo','S','N','2016-08-12'),(4104253,'PR','Campo Magro','S','N','2016-08-12'),(4104303,'PR','Campo Mour�o','S','N','2016-08-12'),(4104402,'PR','C�ndido de Abreu','S','N','2016-08-12'),(4104428,'PR','Cand�i','S','N','2016-08-12'),(4104451,'PR','Cantagalo','S','N','2016-08-12'),(4104501,'PR','Capanema','S','N','2016-08-12'),(4104600,'PR','Capit�o Le�nidas Marques','S','N','2016-08-12'),(4104659,'PR','Carambe�','S','N','2016-08-12'),(4104709,'PR','Carl�polis','S','N','2016-08-12'),(4104808,'PR','Cascavel','S','N','2016-08-12'),(4104907,'PR','Castro','S','N','2016-08-12'),(4105003,'PR','Catanduvas','S','N','2016-08-12'),(4105102,'PR','Centen�rio do Sul','S','N','2016-08-12'),(4105201,'PR','Cerro Azul','S','N','2016-08-12'),(4105300,'PR','C�u Azul','S','N','2016-08-12'),(4105409,'PR','Chopinzinho','S','N','2016-08-12'),(4105508,'PR','Cianorte','S','N','2016-08-12'),(4105607,'PR','Cidade Ga�cha','S','N','2016-08-12'),(4105706,'PR','Clevel�ndia','S','N','2016-08-12'),(4105805,'PR','Colombo','S','N','2016-08-12'),(4105904,'PR','Colorado','S','N','2016-08-12'),(4106001,'PR','Congonhinhas','S','N','2016-08-12'),(4106100,'PR','Conselheiro Mairinck','S','N','2016-08-12'),(4106209,'PR','Contenda','S','N','2016-08-12'),(4106308,'PR','Corb�lia','S','N','2016-08-12'),(4106407,'PR','Corn�lio Proc�pio','S','N','2016-08-12'),(4106456,'PR','Coronel Domingos Soares','S','N','2016-08-12'),(4106506,'PR','Coronel Vivida','S','N','2016-08-12'),(4106555,'PR','Corumbata� do Sul','S','N','2016-08-12'),(4106571,'PR','Cruzeiro do Igua�u','S','N','2016-08-12'),(4106605,'PR','Cruzeiro do Oeste','S','N','2016-08-12'),(4106704,'PR','Cruzeiro do Sul','S','N','2016-08-12'),(4106803,'PR','Cruz Machado','S','N','2016-08-12'),(4106852,'PR','Cruzmaltina','S','N','2016-08-12'),(4106902,'PR','Curitiba','S','S','2016-08-12'),(4107009,'PR','Curi�va','S','N','2016-08-12'),(4107108,'PR','Diamante do Norte','S','N','2016-08-12'),(4107124,'PR','Diamante do Sul','S','N','2016-08-12'),(4107157,'PR','Diamante D�Oeste','S','N','2016-08-12'),(4107207,'PR','Dois Vizinhos','S','N','2016-08-12'),(4107256,'PR','Douradina','S','N','2016-08-12'),(4107306,'PR','Doutor Camargo','S','N','2016-08-12'),(4107405,'PR','En�as Marques','S','N','2016-08-12'),(4107504,'PR','Engenheiro Beltr�o','S','N','2016-08-12'),(4107520,'PR','Esperan�a Nova','S','N','2016-08-12'),(4107538,'PR','Entre Rios do Oeste','S','N','2016-08-12'),(4107546,'PR','Espig�o Alto do Igua�u','S','N','2016-08-12'),(4107553,'PR','Farol','S','N','2016-08-12'),(4107603,'PR','Faxinal','S','N','2016-08-12'),(4107652,'PR','Fazenda Rio Grande','S','N','2016-08-12'),(4107702,'PR','F�nix','S','N','2016-08-12'),(4107736,'PR','Fernandes Pinheiro','S','N','2016-08-12'),(4107751,'PR','Figueira','S','N','2016-08-12'),(4107801,'PR','Flora�','S','N','2016-08-12'),(4107850,'PR','Flor da Serra do Sul','S','N','2016-08-12'),(4107900,'PR','Floresta','S','N','2016-08-12'),(4108007,'PR','Florest�polis','S','N','2016-08-12'),(4108106,'PR','Fl�rida','S','N','2016-08-12'),(4108205,'PR','Formosa do Oeste','S','N','2016-08-12'),(4108304,'PR','Foz do Igua�u','S','N','2016-08-12'),(4108320,'PR','Francisco Alves','S','N','2016-08-12'),(4108403,'PR','Francisco Beltr�o','S','N','2016-08-12'),(4108452,'PR','Foz do Jord�o','S','N','2016-08-12'),(4108502,'PR','General Carneiro','S','N','2016-08-12'),(4108551,'PR','Godoy Moreira','S','N','2016-08-12'),(4108601,'PR','Goioer�','S','N','2016-08-12'),(4108650,'PR','Goioxim','S','N','2016-08-12'),(4108700,'PR','Grandes Rios','S','N','2016-08-12'),(4108809,'PR','Gua�ra','S','N','2016-08-12'),(4108908,'PR','Guaira��','S','N','2016-08-12'),(4108957,'PR','Guamiranga','S','N','2016-08-12'),(4109005,'PR','Guapirama','S','N','2016-08-12'),(4109104,'PR','Guaporema','S','N','2016-08-12'),(4109203,'PR','Guaraci','S','N','2016-08-12'),(4109302,'PR','Guarania�u','S','N','2016-08-12'),(4109401,'PR','Guarapuava','S','N','2016-08-12'),(4109500,'PR','Guaraque�aba','S','N','2016-08-12'),(4109609,'PR','Guaratuba','S','N','2016-08-12'),(4109658,'PR','Hon�rio Serpa','S','N','2016-08-12'),(4109708,'PR','Ibaiti','S','N','2016-08-12'),(4109757,'PR','Ibema','S','N','2016-08-12'),(4109807,'PR','Ibipor�','S','N','2016-08-12'),(4109906,'PR','Icara�ma','S','N','2016-08-12'),(4110003,'PR','Iguara�u','S','N','2016-08-12'),(4110052,'PR','Iguatu','S','N','2016-08-12'),(4110078,'PR','Imba�','S','N','2016-08-12'),(4110102,'PR','Imbituva','S','N','2016-08-12'),(4110201,'PR','In�cio Martins','S','N','2016-08-12'),(4110300,'PR','Inaj�','S','N','2016-08-12'),(4110409,'PR','Indian�polis','S','N','2016-08-12'),(4110508,'PR','Ipiranga','S','N','2016-08-12'),(4110607,'PR','Ipor�','S','N','2016-08-12'),(4110656,'PR','Iracema do Oeste','S','N','2016-08-12'),(4110706,'PR','Irati','S','N','2016-08-12'),(4110805,'PR','Iretama','S','N','2016-08-12'),(4110904,'PR','Itaguaj�','S','N','2016-08-12'),(4110953,'PR','Itaipul�ndia','S','N','2016-08-12'),(4111001,'PR','Itambarac�','S','N','2016-08-12'),(4111100,'PR','Itamb�','S','N','2016-08-12'),(4111209,'PR','Itapejara d�Oeste','S','N','2016-08-12'),(4111258,'PR','Itaperu�u','S','N','2016-08-12'),(4111308,'PR','Ita�na do Sul','S','N','2016-08-12'),(4111407,'PR','Iva�','S','N','2016-08-12'),(4111506,'PR','Ivaipor�','S','N','2016-08-12'),(4111555,'PR','Ivat�','S','N','2016-08-12'),(4111605,'PR','Ivatuba','S','N','2016-08-12'),(4111704,'PR','Jaboti','S','N','2016-08-12'),(4111803,'PR','Jacarezinho','S','N','2016-08-12'),(4111902,'PR','Jaguapit�','S','N','2016-08-12'),(4112009,'PR','Jaguaria�va','S','N','2016-08-12'),(4112108,'PR','Jandaia do Sul','S','N','2016-08-12'),(4112207,'PR','Jani�polis','S','N','2016-08-12'),(4112306,'PR','Japira','S','N','2016-08-12'),(4112405,'PR','Japur�','S','N','2016-08-12'),(4112504,'PR','Jardim Alegre','S','N','2016-08-12'),(4112603,'PR','Jardim Olinda','S','N','2016-08-12'),(4112702,'PR','Jataizinho','S','N','2016-08-12'),(4112751,'PR','Jesu�tas','S','N','2016-08-12'),(4112801,'PR','Joaquim T�vora','S','N','2016-08-12'),(4112900,'PR','Jundia� do Sul','S','N','2016-08-12'),(4112959,'PR','Juranda','S','N','2016-08-12'),(4113007,'PR','Jussara','S','N','2016-08-12'),(4113106,'PR','Kalor�','S','N','2016-08-12'),(4113205,'PR','Lapa','S','N','2016-08-12'),(4113254,'PR','Laranjal','S','N','2016-08-12'),(4113304,'PR','Laranjeiras do Sul','S','N','2016-08-12'),(4113403,'PR','Le�polis','S','N','2016-08-12'),(4113429,'PR','Lidian�polis','S','N','2016-08-12'),(4113452,'PR','Lindoeste','S','N','2016-08-12'),(4113502,'PR','Loanda','S','N','2016-08-12'),(4113601,'PR','Lobato','S','N','2016-08-12'),(4113700,'PR','Londrina','S','N','2016-08-12'),(4113734,'PR','Luiziana','S','N','2016-08-12'),(4113759,'PR','Lunardelli','S','N','2016-08-12'),(4113809,'PR','Lupion�polis','S','N','2016-08-12'),(4113908,'PR','Mallet','S','N','2016-08-12'),(4114005,'PR','Mambor�','S','N','2016-08-12'),(4114104,'PR','Mandagua�u','S','N','2016-08-12'),(4114203,'PR','Mandaguari','S','N','2016-08-12'),(4114302,'PR','Mandirituba','S','N','2016-08-12'),(4114351,'PR','Manfrin�polis','S','N','2016-08-12'),(4114401,'PR','Mangueirinha','S','N','2016-08-12'),(4114500,'PR','Manoel Ribas','S','N','2016-08-12'),(4114609,'PR','Marechal C�ndido Rondon','S','N','2016-08-12'),(4114708,'PR','Maria Helena','S','N','2016-08-12'),(4114807,'PR','Marialva','S','N','2016-08-12'),(4114906,'PR','Maril�ndia do Sul','S','N','2016-08-12'),(4115002,'PR','Marilena','S','N','2016-08-12'),(4115101,'PR','Mariluz','S','N','2016-08-12'),(4115200,'PR','Maring�','S','N','2016-08-12'),(4115309,'PR','Mari�polis','S','N','2016-08-12'),(4115358,'PR','Marip�','S','N','2016-08-12'),(4115408,'PR','Marmeleiro','S','N','2016-08-12'),(4115457,'PR','Marquinho','S','N','2016-08-12'),(4115507,'PR','Marumbi','S','N','2016-08-12'),(4115606,'PR','Matel�ndia','S','N','2016-08-12'),(4115705,'PR','Matinhos','S','N','2016-08-12'),(4115739,'PR','Mato Rico','S','N','2016-08-12'),(4115754,'PR','Mau� da Serra','S','N','2016-08-12'),(4115804,'PR','Medianeira','S','N','2016-08-12'),(4115853,'PR','Mercedes','S','N','2016-08-12'),(4115903,'PR','Mirador','S','N','2016-08-12'),(4116000,'PR','Miraselva','S','N','2016-08-12'),(4116059,'PR','Missal','S','N','2016-08-12'),(4116109,'PR','Moreira Sales','S','N','2016-08-12'),(4116208,'PR','Morretes','S','N','2016-08-12'),(4116307,'PR','Munhoz de Melo','S','N','2016-08-12'),(4116406,'PR','Nossa Senhora das Gra�as','S','N','2016-08-12'),(4116505,'PR','Nova Alian�a do Iva�','S','N','2016-08-12'),(4116604,'PR','Nova Am�rica da Colina','S','N','2016-08-12'),(4116703,'PR','Nova Aurora','S','N','2016-08-12'),(4116802,'PR','Nova Cantu','S','N','2016-08-12'),(4116901,'PR','Nova Esperan�a','S','N','2016-08-12'),(4116950,'PR','Nova Esperan�a do Sudoeste','S','N','2016-08-12'),(4117008,'PR','Nova F�tima','S','N','2016-08-12'),(4117057,'PR','Nova Laranjeiras','S','N','2016-08-12'),(4117107,'PR','Nova Londrina','S','N','2016-08-12'),(4117206,'PR','Nova Ol�mpia','S','N','2016-08-12'),(4117214,'PR','Nova Santa B�rbara','S','N','2016-08-12'),(4117222,'PR','Nova Santa Rosa','S','N','2016-08-12'),(4117255,'PR','Nova Prata do Igua�u','S','N','2016-08-12'),(4117271,'PR','Nova Tebas','S','N','2016-08-12'),(4117297,'PR','Novo Itacolomi','S','N','2016-08-12'),(4117305,'PR','Ortigueira','S','N','2016-08-12'),(4117404,'PR','Ourizona','S','N','2016-08-12'),(4117453,'PR','Ouro Verde do Oeste','S','N','2016-08-12'),(4117503,'PR','Pai�andu','S','N','2016-08-12'),(4117602,'PR','Palmas','S','N','2016-08-12'),(4117701,'PR','Palmeira','S','N','2016-08-12'),(4117800,'PR','Palmital','S','N','2016-08-12'),(4117909,'PR','Palotina','S','N','2016-08-12'),(4118006,'PR','Para�so do Norte','S','N','2016-08-12'),(4118105,'PR','Paranacity','S','N','2016-08-12'),(4118204,'PR','Paranagu�','S','N','2016-08-12'),(4118303,'PR','Paranapoema','S','N','2016-08-12'),(4118402,'PR','Paranava�','S','N','2016-08-12'),(4118451,'PR','Pato Bragado','S','N','2016-08-12'),(4118501,'PR','Pato Branco','S','N','2016-08-12'),(4118600,'PR','Paula Freitas','S','N','2016-08-12'),(4118709,'PR','Paulo Frontin','S','N','2016-08-12'),(4118808,'PR','Peabiru','S','N','2016-08-12'),(4118857,'PR','Perobal','S','N','2016-08-12'),(4118907,'PR','P�rola','S','N','2016-08-12'),(4119004,'PR','P�rola d�Oeste','S','N','2016-08-12'),(4119103,'PR','Pi�n','S','N','2016-08-12'),(4119152,'PR','Pinhais','S','N','2016-08-12'),(4119202,'PR','Pinhal�o','S','N','2016-08-12'),(4119251,'PR','Pinhal de S�o Bento','S','N','2016-08-12'),(4119301,'PR','Pinh�o','S','N','2016-08-12'),(4119400,'PR','Pira� do Sul','S','N','2016-08-12'),(4119509,'PR','Piraquara','S','N','2016-08-12'),(4119608,'PR','Pitanga','S','N','2016-08-12'),(4119657,'PR','Pitangueiras','S','N','2016-08-12'),(4119707,'PR','Planaltina do Paran�','S','N','2016-08-12'),(4119806,'PR','Planalto','S','N','2016-08-12'),(4119905,'PR','Ponta Grossa','S','N','2016-08-12'),(4119954,'PR','Pontal do Paran�','S','N','2016-08-12'),(4120002,'PR','Porecatu','S','N','2016-08-12'),(4120101,'PR','Porto Amazonas','S','N','2016-08-12'),(4120150,'PR','Porto Barreiro','S','N','2016-08-12'),(4120200,'PR','Porto Rico','S','N','2016-08-12'),(4120309,'PR','Porto Vit�ria','S','N','2016-08-12'),(4120333,'PR','Prado Ferreira','S','N','2016-08-12'),(4120358,'PR','Pranchita','S','N','2016-08-12'),(4120408,'PR','Presidente Castelo Branco','S','N','2016-08-12'),(4120507,'PR','Primeiro de Maio','S','N','2016-08-12'),(4120606,'PR','Prudent�polis','S','N','2016-08-12'),(4120655,'PR','Quarto Centen�rio','S','N','2016-08-12'),(4120705,'PR','Quatigu�','S','N','2016-08-12'),(4120804,'PR','Quatro Barras','S','N','2016-08-12'),(4120853,'PR','Quatro Pontes','S','N','2016-08-12'),(4120903,'PR','Quedas do Igua�u','S','N','2016-08-12'),(4121000,'PR','Quer�ncia do Norte','S','N','2016-08-12'),(4121109,'PR','Quinta do Sol','S','N','2016-08-12'),(4121208,'PR','Quitandinha','S','N','2016-08-12'),(4121257,'PR','Ramil�ndia','S','N','2016-08-12'),(4121307,'PR','Rancho Alegre','S','N','2016-08-12'),(4121356,'PR','Rancho Alegre D�Oeste','S','N','2016-08-12'),(4121406,'PR','Realeza','S','N','2016-08-12'),(4121505,'PR','Rebou�as','S','N','2016-08-12'),(4121604,'PR','Renascen�a','S','N','2016-08-12'),(4121703,'PR','Reserva','S','N','2016-08-12'),(4121752,'PR','Reserva do Igua�u','S','N','2016-08-12'),(4121802,'PR','Ribeir�o Claro','S','N','2016-08-12'),(4121901,'PR','Ribeir�o do Pinhal','S','N','2016-08-12'),(4122008,'PR','Rio Azul','S','N','2016-08-12'),(4122107,'PR','Rio Bom','S','N','2016-08-12'),(4122156,'PR','Rio Bonito do Igua�u','S','N','2016-08-12'),(4122172,'PR','Rio Branco do Iva�','S','N','2016-08-12'),(4122206,'PR','Rio Branco do Sul','S','N','2016-08-12'),(4122305,'PR','Rio Negro','S','N','2016-08-12'),(4122404,'PR','Rol�ndia','S','N','2016-08-12'),(4122503,'PR','Roncador','S','N','2016-08-12'),(4122602,'PR','Rondon','S','N','2016-08-12'),(4122651,'PR','Ros�rio do Iva�','S','N','2016-08-12'),(4122701,'PR','Sab�udia','S','N','2016-08-12'),(4122800,'PR','Salgado Filho','S','N','2016-08-12'),(4122909,'PR','Salto do Itarar�','S','N','2016-08-12'),(4123006,'PR','Salto do Lontra','S','N','2016-08-12'),(4123105,'PR','Santa Am�lia','S','N','2016-08-12'),(4123204,'PR','Santa Cec�lia do Pav�o','S','N','2016-08-12'),(4123303,'PR','Santa Cruz de Monte Castelo','S','N','2016-08-12'),(4123402,'PR','Santa F�','S','N','2016-08-12'),(4123501,'PR','Santa Helena','S','N','2016-08-12'),(4123600,'PR','Santa In�s','S','N','2016-08-12'),(4123709,'PR','Santa Isabel do Iva�','S','N','2016-08-12'),(4123808,'PR','Santa Izabel do Oeste','S','N','2016-08-12'),(4123824,'PR','Santa L�cia','S','N','2016-08-12'),(4123857,'PR','Santa Maria do Oeste','S','N','2016-08-12'),(4123907,'PR','Santa Mariana','S','N','2016-08-12'),(4123956,'PR','Santa M�nica','S','N','2016-08-12'),(4124004,'PR','Santana do Itarar�','S','N','2016-08-12'),(4124020,'PR','Santa Tereza do Oeste','S','N','2016-08-12'),(4124053,'PR','Santa Terezinha de Itaipu','S','N','2016-08-12'),(4124103,'PR','Santo Ant�nio da Platina','S','N','2016-08-12'),(4124202,'PR','Santo Ant�nio do Caiu�','S','N','2016-08-12'),(4124301,'PR','Santo Ant�nio do Para�so','S','N','2016-08-12'),(4124400,'PR','Santo Ant�nio do Sudoeste','S','N','2016-08-12'),(4124509,'PR','Santo In�cio','S','N','2016-08-12'),(4124608,'PR','S�o Carlos do Iva�','S','N','2016-08-12'),(4124707,'PR','S�o Jer�nimo da Serra','S','N','2016-08-12'),(4124806,'PR','S�o Jo�o','S','N','2016-08-12'),(4124905,'PR','S�o Jo�o do Caiu�','S','N','2016-08-12'),(4125001,'PR','S�o Jo�o do Iva�','S','N','2016-08-12'),(4125100,'PR','S�o Jo�o do Triunfo','S','N','2016-08-12'),(4125209,'PR','S�o Jorge d�Oeste','S','N','2016-08-12'),(4125308,'PR','S�o Jorge do Iva�','S','N','2016-08-12'),(4125357,'PR','S�o Jorge do Patroc�nio','S','N','2016-08-12'),(4125407,'PR','S�o Jos� da Boa Vista','S','N','2016-08-12'),(4125456,'PR','S�o Jos� das Palmeiras','S','N','2016-08-12'),(4125506,'PR','S�o Jos� dos Pinhais','S','N','2016-08-12'),(4125555,'PR','S�o Manoel do Paran�','S','N','2016-08-12'),(4125605,'PR','S�o Mateus do Sul','S','N','2016-08-12'),(4125704,'PR','S�o Miguel do Igua�u','S','N','2016-08-12'),(4125753,'PR','S�o Pedro do Igua�u','S','N','2016-08-12'),(4125803,'PR','S�o Pedro do Iva�','S','N','2016-08-12'),(4125902,'PR','S�o Pedro do Paran�','S','N','2016-08-12'),(4126009,'PR','S�o Sebasti�o da Amoreira','S','N','2016-08-12'),(4126108,'PR','S�o Tom�','S','N','2016-08-12'),(4126207,'PR','Sapopema','S','N','2016-08-12'),(4126256,'PR','Sarandi','S','N','2016-08-12'),(4126272,'PR','Saudade do Igua�u','S','N','2016-08-12'),(4126306,'PR','Seng�s','S','N','2016-08-12'),(4126355,'PR','Serran�polis do Igua�u','S','N','2016-08-12'),(4126405,'PR','Sertaneja','S','N','2016-08-12'),(4126504,'PR','Sertan�polis','S','N','2016-08-12'),(4126603,'PR','Siqueira Campos','S','N','2016-08-12'),(4126652,'PR','Sulina','S','N','2016-08-12'),(4126678,'PR','Tamarana','S','N','2016-08-12'),(4126702,'PR','Tamboara','S','N','2016-08-12'),(4126801,'PR','Tapejara','S','N','2016-08-12'),(4126900,'PR','Tapira','S','N','2016-08-12'),(4127007,'PR','Teixeira Soares','S','N','2016-08-12'),(4127106,'PR','Tel�maco Borba','S','N','2016-08-12'),(4127205,'PR','Terra Boa','S','N','2016-08-12'),(4127304,'PR','Terra Rica','S','N','2016-08-12'),(4127403,'PR','Terra Roxa','S','N','2016-08-12'),(4127502,'PR','Tibagi','S','N','2016-08-12'),(4127601,'PR','Tijucas do Sul','S','N','2016-08-12'),(4127700,'PR','Toledo','S','N','2016-08-12'),(4127809,'PR','Tomazina','S','N','2016-08-12'),(4127858,'PR','Tr�s Barras do Paran�','S','N','2016-08-12'),(4127882,'PR','Tunas do Paran�','S','N','2016-08-12'),(4127908,'PR','Tuneiras do Oeste','S','N','2016-08-12'),(4127957,'PR','Tup�ssi','S','N','2016-08-12'),(4127965,'PR','Turvo','S','N','2016-08-12'),(4128005,'PR','Ubirat�','S','N','2016-08-12'),(4128104,'PR','Umuarama','S','N','2016-08-12'),(4128203,'PR','Uni�o da Vit�ria','S','N','2016-08-12'),(4128302,'PR','Uniflor','S','N','2016-08-12'),(4128401,'PR','Ura�','S','N','2016-08-12'),(4128500,'PR','Wenceslau Braz','S','N','2016-08-12'),(4128534,'PR','Ventania','S','N','2016-08-12'),(4128559,'PR','Vera Cruz do Oeste','S','N','2016-08-12'),(4128609,'PR','Ver�','S','N','2016-08-12'),(4128625,'PR','Alto Para�so','S','N','2016-08-12'),(4128633,'PR','Doutor Ulysses','S','N','2016-08-12'),(4128658,'PR','Virmond','S','N','2016-08-12'),(4128708,'PR','Vitorino','S','N','2016-08-12'),(4128807,'PR','Xambr�','S','N','2016-08-12'),(4200051,'SC','Abdon Batista','S','N','2016-08-12'),(4200101,'SC','Abelardo Luz','S','N','2016-08-12'),(4200200,'SC','Agrol�ndia','S','N','2016-08-12'),(4200309,'SC','Agron�mica','S','N','2016-08-12'),(4200408,'SC','�gua Doce','S','N','2016-08-12'),(4200507,'SC','�guas de Chapec�','S','N','2016-08-12'),(4200556,'SC','�guas Frias','S','N','2016-08-12'),(4200606,'SC','�guas Mornas','S','N','2016-08-12'),(4200705,'SC','Alfredo Wagner','S','N','2016-08-12'),(4200754,'SC','Alto Bela Vista','S','N','2016-08-12'),(4200804,'SC','Anchieta','S','N','2016-08-12'),(4200903,'SC','Angelina','S','N','2016-08-12'),(4201000,'SC','Anita Garibaldi','S','N','2016-08-12'),(4201109,'SC','Anit�polis','S','N','2016-08-12'),(4201208,'SC','Ant�nio Carlos','S','N','2016-08-12'),(4201257,'SC','Api�na','S','N','2016-08-12'),(4201273,'SC','Arabut�','S','N','2016-08-12'),(4201307,'SC','Araquari','S','N','2016-08-12'),(4201406,'SC','Ararangu�','S','N','2016-08-12'),(4201505,'SC','Armaz�m','S','N','2016-08-12'),(4201604,'SC','Arroio Trinta','S','N','2016-08-12'),(4201653,'SC','Arvoredo','S','N','2016-08-12'),(4201703,'SC','Ascurra','S','N','2016-08-12'),(4201802,'SC','Atalanta','S','N','2016-08-12'),(4201901,'SC','Aurora','S','N','2016-08-12'),(4201950,'SC','Balne�rio Arroio do Silva','S','N','2016-08-12'),(4202008,'SC','Balne�rio Cambori�','S','N','2016-08-12'),(4202057,'SC','Balne�rio Barra do Sul','S','N','2016-08-12'),(4202073,'SC','Balne�rio Gaivota','S','N','2016-08-12'),(4202081,'SC','Bandeirante','S','N','2016-08-12'),(4202099,'SC','Barra Bonita','S','N','2016-08-12'),(4202107,'SC','Barra Velha','S','N','2016-08-12'),(4202131,'SC','Bela Vista do Toldo','S','N','2016-08-12'),(4202156,'SC','Belmonte','S','N','2016-08-12'),(4202206,'SC','Benedito Novo','S','N','2016-08-12'),(4202305,'SC','Bigua�u','S','N','2016-08-12'),(4202404,'SC','Blumenau','S','N','2016-08-12'),(4202438,'SC','Bocaina do Sul','S','N','2016-08-12'),(4202453,'SC','Bombinhas','S','N','2016-08-12'),(4202503,'SC','Bom Jardim da Serra','S','N','2016-08-12'),(4202537,'SC','Bom Jesus','S','N','2016-08-12'),(4202578,'SC','Bom Jesus do Oeste','S','N','2016-08-12'),(4202602,'SC','Bom Retiro','S','N','2016-08-12'),(4202701,'SC','Botuver�','S','N','2016-08-12'),(4202800,'SC','Bra�o do Norte','S','N','2016-08-12'),(4202859,'SC','Bra�o do Trombudo','S','N','2016-08-12'),(4202875,'SC','Brun�polis','S','N','2016-08-12'),(4202909,'SC','Brusque','S','N','2016-08-12'),(4203006,'SC','Ca�ador','S','N','2016-08-12'),(4203105,'SC','Caibi','S','N','2016-08-12'),(4203154,'SC','Calmon','S','N','2016-08-12'),(4203204,'SC','Cambori�','S','N','2016-08-12'),(4203253,'SC','Cap�o Alto','S','N','2016-08-12'),(4203303,'SC','Campo Alegre','S','N','2016-08-12'),(4203402,'SC','Campo Belo do Sul','S','N','2016-08-12'),(4203501,'SC','Campo Er�','S','N','2016-08-12'),(4203600,'SC','Campos Novos','S','N','2016-08-12'),(4203709,'SC','Canelinha','S','N','2016-08-12'),(4203808,'SC','Canoinhas','S','N','2016-08-12'),(4203907,'SC','Capinzal','S','N','2016-08-12'),(4203956,'SC','Capivari de Baixo','S','N','2016-08-12'),(4204004,'SC','Catanduvas','S','N','2016-08-12'),(4204103,'SC','Caxambu do Sul','S','N','2016-08-12'),(4204152,'SC','Celso Ramos','S','N','2016-08-12'),(4204178,'SC','Cerro Negro','S','N','2016-08-12'),(4204194,'SC','Chapad�o do Lageado','S','N','2016-08-12'),(4204202,'SC','Chapec�','S','N','2016-08-12'),(4204251,'SC','Cocal do Sul','S','N','2016-08-12'),(4204301,'SC','Conc�rdia','S','N','2016-08-12'),(4204350,'SC','Cordilheira Alta','S','N','2016-08-12'),(4204400,'SC','Coronel Freitas','S','N','2016-08-12'),(4204459,'SC','Coronel Martins','S','N','2016-08-12'),(4204509,'SC','Corup�','S','N','2016-08-12'),(4204558,'SC','Correia Pinto','S','N','2016-08-12'),(4204608,'SC','Crici�ma','S','N','2016-08-12'),(4204707,'SC','Cunha Por�','S','N','2016-08-12'),(4204756,'SC','Cunhata�','S','N','2016-08-12'),(4204806,'SC','Curitibanos','S','N','2016-08-12'),(4204905,'SC','Descanso','S','N','2016-08-12'),(4205001,'SC','Dion�sio Cerqueira','S','N','2016-08-12'),(4205100,'SC','Dona Emma','S','N','2016-08-12'),(4205159,'SC','Doutor Pedrinho','S','N','2016-08-12'),(4205175,'SC','Entre Rios','S','N','2016-08-12'),(4205191,'SC','Ermo','S','N','2016-08-12'),(4205209,'SC','Erval Velho','S','N','2016-08-12'),(4205308,'SC','Faxinal dos Guedes','S','N','2016-08-12'),(4205357,'SC','Flor do Sert�o','S','N','2016-08-12'),(4205407,'SC','Florian�polis','S','S','2016-08-12'),(4205431,'SC','Formosa do Sul','S','N','2016-08-12'),(4205456,'SC','Forquilhinha','S','N','2016-08-12'),(4205506,'SC','Fraiburgo','S','N','2016-08-12'),(4205555,'SC','Frei Rog�rio','S','N','2016-08-12'),(4205605,'SC','Galv�o','S','N','2016-08-12'),(4205704,'SC','Garopaba','S','N','2016-08-12'),(4205803,'SC','Garuva','S','N','2016-08-12'),(4205902,'SC','Gaspar','S','N','2016-08-12'),(4206009,'SC','Governador Celso Ramos','S','N','2016-08-12'),(4206108,'SC','Gr�o Par�','S','N','2016-08-12'),(4206207,'SC','Gravatal','S','N','2016-08-12'),(4206306,'SC','Guabiruba','S','N','2016-08-12'),(4206405,'SC','Guaraciaba','S','N','2016-08-12'),(4206504,'SC','Guaramirim','S','N','2016-08-12'),(4206603,'SC','Guaruj� do Sul','S','N','2016-08-12'),(4206652,'SC','Guatamb�','S','N','2016-08-12'),(4206702,'SC','Herval d�Oeste','S','N','2016-08-12'),(4206751,'SC','Ibiam','S','N','2016-08-12'),(4206801,'SC','Ibicar�','S','N','2016-08-12'),(4206900,'SC','Ibirama','S','N','2016-08-12'),(4207007,'SC','I�ara','S','N','2016-08-12'),(4207106,'SC','Ilhota','S','N','2016-08-12'),(4207205,'SC','Imaru�','S','N','2016-08-12'),(4207304,'SC','Imbituba','S','N','2016-08-12'),(4207403,'SC','Imbuia','S','N','2016-08-12'),(4207502,'SC','Indaial','S','N','2016-08-12'),(4207577,'SC','Iomer�','S','N','2016-08-12'),(4207601,'SC','Ipira','S','N','2016-08-12'),(4207650,'SC','Ipor� do Oeste','S','N','2016-08-12'),(4207684,'SC','Ipua�u','S','N','2016-08-12'),(4207700,'SC','Ipumirim','S','N','2016-08-12'),(4207759,'SC','Iraceminha','S','N','2016-08-12'),(4207809,'SC','Irani','S','N','2016-08-12'),(4207858,'SC','Irati','S','N','2016-08-12'),(4207908,'SC','Irine�polis','S','N','2016-08-12'),(4208005,'SC','It�','S','N','2016-08-12'),(4208104,'SC','Itai�polis','S','N','2016-08-12'),(4208203,'SC','Itaja�','S','N','2016-08-12'),(4208302,'SC','Itapema','S','N','2016-08-12'),(4208401,'SC','Itapiranga','S','N','2016-08-12'),(4208450,'SC','Itapo�','S','N','2016-08-12'),(4208500,'SC','Ituporanga','S','N','2016-08-12'),(4208609,'SC','Jabor�','S','N','2016-08-12'),(4208708,'SC','Jacinto Machado','S','N','2016-08-12'),(4208807,'SC','Jaguaruna','S','N','2016-08-12'),(4208906,'SC','Jaragu� do Sul','S','N','2016-08-12'),(4208955,'SC','Jardin�polis','S','N','2016-08-12'),(4209003,'SC','Joa�aba','S','N','2016-08-12'),(4209102,'SC','Joinville','S','N','2016-08-12'),(4209151,'SC','Jos� Boiteux','S','N','2016-08-12'),(4209177,'SC','Jupi�','S','N','2016-08-12'),(4209201,'SC','Lacerd�polis','S','N','2016-08-12'),(4209300,'SC','Lages','S','N','2016-08-12'),(4209409,'SC','Laguna','S','N','2016-08-12'),(4209458,'SC','Lajeado Grande','S','N','2016-08-12'),(4209508,'SC','Laurentino','S','N','2016-08-12'),(4209607,'SC','Lauro Muller','S','N','2016-08-12'),(4209706,'SC','Lebon R�gis','S','N','2016-08-12'),(4209805,'SC','Leoberto Leal','S','N','2016-08-12'),(4209854,'SC','Lind�ia do Sul','S','N','2016-08-12'),(4209904,'SC','Lontras','S','N','2016-08-12'),(4210001,'SC','Luiz Alves','S','N','2016-08-12'),(4210035,'SC','Luzerna','S','N','2016-08-12'),(4210050,'SC','Macieira','S','N','2016-08-12'),(4210100,'SC','Mafra','S','N','2016-08-12'),(4210209,'SC','Major Gercino','S','N','2016-08-12'),(4210308,'SC','Major Vieira','S','N','2016-08-12'),(4210407,'SC','Maracaj�','S','N','2016-08-12'),(4210506,'SC','Maravilha','S','N','2016-08-12'),(4210555,'SC','Marema','S','N','2016-08-12'),(4210605,'SC','Massaranduba','S','N','2016-08-12'),(4210704,'SC','Matos Costa','S','N','2016-08-12'),(4210803,'SC','Meleiro','S','N','2016-08-12'),(4210852,'SC','Mirim Doce','S','N','2016-08-12'),(4210902,'SC','Modelo','S','N','2016-08-12'),(4211009,'SC','Monda�','S','N','2016-08-12'),(4211058,'SC','Monte Carlo','S','N','2016-08-12'),(4211108,'SC','Monte Castelo','S','N','2016-08-12'),(4211207,'SC','Morro da Fuma�a','S','N','2016-08-12'),(4211256,'SC','Morro Grande','S','N','2016-08-12'),(4211306,'SC','Navegantes','S','N','2016-08-12'),(4211405,'SC','Nova Erechim','S','N','2016-08-12'),(4211454,'SC','Nova Itaberaba','S','N','2016-08-12'),(4211504,'SC','Nova Trento','S','N','2016-08-12'),(4211603,'SC','Nova Veneza','S','N','2016-08-12'),(4211652,'SC','Novo Horizonte','S','N','2016-08-12'),(4211702,'SC','Orleans','S','N','2016-08-12'),(4211751,'SC','Otac�lio Costa','S','N','2016-08-12'),(4211801,'SC','Ouro','S','N','2016-08-12'),(4211850,'SC','Ouro Verde','S','N','2016-08-12'),(4211876,'SC','Paial','S','N','2016-08-12'),(4211892,'SC','Painel','S','N','2016-08-12'),(4211900,'SC','Palho�a','S','N','2016-08-12'),(4212007,'SC','Palma Sola','S','N','2016-08-12'),(4212056,'SC','Palmeira','S','N','2016-08-12'),(4212106,'SC','Palmitos','S','N','2016-08-12'),(4212205,'SC','Papanduva','S','N','2016-08-12'),(4212239,'SC','Para�so','S','N','2016-08-12'),(4212254,'SC','Passo de Torres','S','N','2016-08-12'),(4212270,'SC','Passos Maia','S','N','2016-08-12'),(4212304,'SC','Paulo Lopes','S','N','2016-08-12'),(4212403,'SC','Pedras Grandes','S','N','2016-08-12'),(4212502,'SC','Penha','S','N','2016-08-12'),(4212601,'SC','Peritiba','S','N','2016-08-12'),(4212700,'SC','Petrol�ndia','S','N','2016-08-12'),(4212809,'SC','Balne�rio Pi�arras','S','N','2016-08-12'),(4212908,'SC','Pinhalzinho','S','N','2016-08-12'),(4213005,'SC','Pinheiro Preto','S','N','2016-08-12'),(4213104,'SC','Piratuba','S','N','2016-08-12'),(4213153,'SC','Planalto Alegre','S','N','2016-08-12'),(4213203,'SC','Pomerode','S','N','2016-08-12'),(4213302,'SC','Ponte Alta','S','N','2016-08-12'),(4213351,'SC','Ponte Alta do Norte','S','N','2016-08-12'),(4213401,'SC','Ponte Serrada','S','N','2016-08-12'),(4213500,'SC','Porto Belo','S','N','2016-08-12'),(4213609,'SC','Porto Uni�o','S','N','2016-08-12'),(4213708,'SC','Pouso Redondo','S','N','2016-08-12'),(4213807,'SC','Praia Grande','S','N','2016-08-12'),(4213906,'SC','Presidente Castello Branco','S','N','2016-08-12'),(4214003,'SC','Presidente Get�lio','S','N','2016-08-12'),(4214102,'SC','Presidente Nereu','S','N','2016-08-12'),(4214151,'SC','Princesa','S','N','2016-08-12'),(4214201,'SC','Quilombo','S','N','2016-08-12'),(4214300,'SC','Rancho Queimado','S','N','2016-08-12'),(4214409,'SC','Rio das Antas','S','N','2016-08-12'),(4214508,'SC','Rio do Campo','S','N','2016-08-12'),(4214607,'SC','Rio do Oeste','S','N','2016-08-12'),(4214706,'SC','Rio dos Cedros','S','N','2016-08-12'),(4214805,'SC','Rio do Sul','S','N','2016-08-12'),(4214904,'SC','Rio Fortuna','S','N','2016-08-12'),(4215000,'SC','Rio Negrinho','S','N','2016-08-12'),(4215059,'SC','Rio Rufino','S','N','2016-08-12'),(4215075,'SC','Riqueza','S','N','2016-08-12'),(4215109,'SC','Rodeio','S','N','2016-08-12'),(4215208,'SC','Romel�ndia','S','N','2016-08-12'),(4215307,'SC','Salete','S','N','2016-08-12'),(4215356,'SC','Saltinho','S','N','2016-08-12'),(4215406,'SC','Salto Veloso','S','N','2016-08-12'),(4215455,'SC','Sang�o','S','N','2016-08-12'),(4215505,'SC','Santa Cec�lia','S','N','2016-08-12'),(4215554,'SC','Santa Helena','S','N','2016-08-12'),(4215604,'SC','Santa Rosa de Lima','S','N','2016-08-12'),(4215653,'SC','Santa Rosa do Sul','S','N','2016-08-12'),(4215679,'SC','Santa Terezinha','S','N','2016-08-12'),(4215687,'SC','Santa Terezinha do Progresso','S','N','2016-08-12'),(4215695,'SC','Santiago do Sul','S','N','2016-08-12'),(4215703,'SC','Santo Amaro da Imperatriz','S','N','2016-08-12'),(4215752,'SC','S�o Bernardino','S','N','2016-08-12'),(4215802,'SC','S�o Bento do Sul','S','N','2016-08-12'),(4215901,'SC','S�o Bonif�cio','S','N','2016-08-12'),(4216008,'SC','S�o Carlos','S','N','2016-08-12'),(4216057,'SC','S�o Cristov�o do Sul','S','N','2016-08-12'),(4216107,'SC','S�o Domingos','S','N','2016-08-12'),(4216206,'SC','S�o Francisco do Sul','S','N','2016-08-12'),(4216255,'SC','S�o Jo�o do Oeste','S','N','2016-08-12'),(4216305,'SC','S�o Jo�o Batista','S','N','2016-08-12'),(4216354,'SC','S�o Jo�o do Itaperi�','S','N','2016-08-12'),(4216404,'SC','S�o Jo�o do Sul','S','N','2016-08-12'),(4216503,'SC','S�o Joaquim','S','N','2016-08-12'),(4216602,'SC','S�o Jos�','S','N','2016-08-12'),(4216701,'SC','S�o Jos� do Cedro','S','N','2016-08-12'),(4216800,'SC','S�o Jos� do Cerrito','S','N','2016-08-12'),(4216909,'SC','S�o Louren�o do Oeste','S','N','2016-08-12'),(4217006,'SC','S�o Ludgero','S','N','2016-08-12'),(4217105,'SC','S�o Martinho','S','N','2016-08-12'),(4217154,'SC','S�o Miguel da Boa Vista','S','N','2016-08-12'),(4217204,'SC','S�o Miguel do Oeste','S','N','2016-08-12'),(4217253,'SC','S�o Pedro de Alc�ntara','S','N','2016-08-12'),(4217303,'SC','Saudades','S','N','2016-08-12'),(4217402,'SC','Schroeder','S','N','2016-08-12'),(4217501,'SC','Seara','S','N','2016-08-12'),(4217550,'SC','Serra Alta','S','N','2016-08-12'),(4217600,'SC','Sider�polis','S','N','2016-08-12'),(4217709,'SC','Sombrio','S','N','2016-08-12'),(4217758,'SC','Sul Brasil','S','N','2016-08-12'),(4217808,'SC','Tai�','S','N','2016-08-12'),(4217907,'SC','Tangar�','S','N','2016-08-12'),(4217956,'SC','Tigrinhos','S','N','2016-08-12'),(4218004,'SC','Tijucas','S','N','2016-08-12'),(4218103,'SC','Timb� do Sul','S','N','2016-08-12'),(4218202,'SC','Timb�','S','N','2016-08-12'),(4218251,'SC','Timb� Grande','S','N','2016-08-12'),(4218301,'SC','Tr�s Barras','S','N','2016-08-12'),(4218350,'SC','Treviso','S','N','2016-08-12'),(4218400,'SC','Treze de Maio','S','N','2016-08-12'),(4218509,'SC','Treze T�lias','S','N','2016-08-12'),(4218608,'SC','Trombudo Central','S','N','2016-08-12'),(4218707,'SC','Tubar�o','S','N','2016-08-12'),(4218756,'SC','Tun�polis','S','N','2016-08-12'),(4218806,'SC','Turvo','S','N','2016-08-12'),(4218855,'SC','Uni�o do Oeste','S','N','2016-08-12'),(4218905,'SC','Urubici','S','N','2016-08-12'),(4218954,'SC','Urupema','S','N','2016-08-12'),(4219002,'SC','Urussanga','S','N','2016-08-12'),(4219101,'SC','Varge�o','S','N','2016-08-12'),(4219150,'SC','Vargem','S','N','2016-08-12'),(4219176,'SC','Vargem Bonita','S','N','2016-08-12'),(4219200,'SC','Vidal Ramos','S','N','2016-08-12'),(4219309,'SC','Videira','S','N','2016-08-12'),(4219358,'SC','Vitor Meireles','S','N','2016-08-12'),(4219408,'SC','Witmarsum','S','N','2016-08-12'),(4219507,'SC','Xanxer�','S','N','2016-08-12'),(4219606,'SC','Xavantina','S','N','2016-08-12'),(4219705,'SC','Xaxim','S','N','2016-08-12'),(4219853,'SC','Zort�a','S','N','2016-08-12'),(4300034,'RS','Acegu�','S','N','2016-08-12'),(4300059,'RS','�gua Santa','S','N','2016-08-12'),(4300109,'RS','Agudo','S','N','2016-08-12'),(4300208,'RS','Ajuricaba','S','N','2016-08-12'),(4300307,'RS','Alecrim','S','N','2016-08-12'),(4300406,'RS','Alegrete','S','N','2016-08-12'),(4300455,'RS','Alegria','S','N','2016-08-12'),(4300471,'RS','Almirante Tamandar� do Sul','S','N','2016-08-12'),(4300505,'RS','Alpestre','S','N','2016-08-12'),(4300554,'RS','Alto Alegre','S','N','2016-08-12'),(4300570,'RS','Alto Feliz','S','N','2016-08-12'),(4300604,'RS','Alvorada','S','N','2016-08-12'),(4300638,'RS','Amaral Ferrador','S','N','2016-08-12'),(4300646,'RS','Ametista do Sul','S','N','2016-08-12'),(4300661,'RS','Andr� da Rocha','S','N','2016-08-12'),(4300703,'RS','Anta Gorda','S','N','2016-08-12'),(4300802,'RS','Ant�nio Prado','S','N','2016-08-12'),(4300851,'RS','Arambar�','S','N','2016-08-12'),(4300877,'RS','Araric�','S','N','2016-08-12'),(4300901,'RS','Aratiba','S','N','2016-08-12'),(4301008,'RS','Arroio do Meio','S','N','2016-08-12'),(4301057,'RS','Arroio do Sal','S','N','2016-08-12'),(4301073,'RS','Arroio do Padre','S','N','2016-08-12'),(4301107,'RS','Arroio dos Ratos','S','N','2016-08-12'),(4301206,'RS','Arroio do Tigre','S','N','2016-08-12'),(4301305,'RS','Arroio Grande','S','N','2016-08-12'),(4301404,'RS','Arvorezinha','S','N','2016-08-12'),(4301503,'RS','Augusto Pestana','S','N','2016-08-12'),(4301552,'RS','�urea','S','N','2016-08-12'),(4301602,'RS','Bag�','S','N','2016-08-12'),(4301636,'RS','Balne�rio Pinhal','S','N','2016-08-12'),(4301651,'RS','Bar�o','S','N','2016-08-12'),(4301701,'RS','Bar�o de Cotegipe','S','N','2016-08-12'),(4301750,'RS','Bar�o do Triunfo','S','N','2016-08-12'),(4301800,'RS','Barrac�o','S','N','2016-08-12'),(4301859,'RS','Barra do Guarita','S','N','2016-08-12'),(4301875,'RS','Barra do Quara�','S','N','2016-08-12'),(4301909,'RS','Barra do Ribeiro','S','N','2016-08-12'),(4301925,'RS','Barra do Rio Azul','S','N','2016-08-12'),(4301958,'RS','Barra Funda','S','N','2016-08-12'),(4302006,'RS','Barros Cassal','S','N','2016-08-12'),(4302055,'RS','Benjamin Constant do Sul','S','N','2016-08-12'),(4302105,'RS','Bento Gon�alves','S','N','2016-08-12'),(4302154,'RS','Boa Vista das Miss�es','S','N','2016-08-12'),(4302204,'RS','Boa Vista do Buric�','S','N','2016-08-12'),(4302220,'RS','Boa Vista do Cadeado','S','N','2016-08-12'),(4302238,'RS','Boa Vista do Incra','S','N','2016-08-12'),(4302253,'RS','Boa Vista do Sul','S','N','2016-08-12'),(4302303,'RS','Bom Jesus','S','N','2016-08-12'),(4302352,'RS','Bom Princ�pio','S','N','2016-08-12'),(4302378,'RS','Bom Progresso','S','N','2016-08-12'),(4302402,'RS','Bom Retiro do Sul','S','N','2016-08-12'),(4302451,'RS','Boqueir�o do Le�o','S','N','2016-08-12'),(4302501,'RS','Bossoroca','S','N','2016-08-12'),(4302584,'RS','Bozano','S','N','2016-08-12'),(4302600,'RS','Braga','S','N','2016-08-12'),(4302659,'RS','Brochier','S','N','2016-08-12'),(4302709,'RS','Buti�','S','N','2016-08-12'),(4302808,'RS','Ca�apava do Sul','S','N','2016-08-12'),(4302907,'RS','Cacequi','S','N','2016-08-12'),(4303004,'RS','Cachoeira do Sul','S','N','2016-08-12'),(4303103,'RS','Cachoeirinha','S','N','2016-08-12'),(4303202,'RS','Cacique Doble','S','N','2016-08-12'),(4303301,'RS','Caibat�','S','N','2016-08-12'),(4303400,'RS','Cai�ara','S','N','2016-08-12'),(4303509,'RS','Camaqu�','S','N','2016-08-12'),(4303558,'RS','Camargo','S','N','2016-08-12'),(4303608,'RS','Cambar� do Sul','S','N','2016-08-12'),(4303673,'RS','Campestre da Serra','S','N','2016-08-12'),(4303707,'RS','Campina das Miss�es','S','N','2016-08-12'),(4303806,'RS','Campinas do Sul','S','N','2016-08-12'),(4303905,'RS','Campo Bom','S','N','2016-08-12'),(4304002,'RS','Campo Novo','S','N','2016-08-12'),(4304101,'RS','Campos Borges','S','N','2016-08-12'),(4304200,'RS','Candel�ria','S','N','2016-08-12'),(4304309,'RS','C�ndido God�i','S','N','2016-08-12'),(4304358,'RS','Candiota','S','N','2016-08-12'),(4304408,'RS','Canela','S','N','2016-08-12'),(4304507,'RS','Cangu�u','S','N','2016-08-12'),(4304606,'RS','Canoas','S','N','2016-08-12'),(4304614,'RS','Canudos do Vale','S','N','2016-08-12'),(4304622,'RS','Cap�o Bonito do Sul','S','N','2016-08-12'),(4304630,'RS','Cap�o da Canoa','S','N','2016-08-12'),(4304655,'RS','Cap�o do Cip�','S','N','2016-08-12'),(4304663,'RS','Cap�o do Le�o','S','N','2016-08-12'),(4304671,'RS','Capivari do Sul','S','N','2016-08-12'),(4304689,'RS','Capela de Santana','S','N','2016-08-12'),(4304697,'RS','Capit�o','S','N','2016-08-12'),(4304705,'RS','Carazinho','S','N','2016-08-12'),(4304713,'RS','Cara�','S','N','2016-08-12'),(4304804,'RS','Carlos Barbosa','S','N','2016-08-12'),(4304853,'RS','Carlos Gomes','S','N','2016-08-12'),(4304903,'RS','Casca','S','N','2016-08-12'),(4304952,'RS','Caseiros','S','N','2016-08-12'),(4305009,'RS','Catu�pe','S','N','2016-08-12'),(4305108,'RS','Caxias do Sul','S','N','2016-08-12'),(4305116,'RS','Centen�rio','S','N','2016-08-12'),(4305124,'RS','Cerrito','S','N','2016-08-12'),(4305132,'RS','Cerro Branco','S','N','2016-08-12'),(4305157,'RS','Cerro Grande','S','N','2016-08-12'),(4305173,'RS','Cerro Grande do Sul','S','N','2016-08-12'),(4305207,'RS','Cerro Largo','S','N','2016-08-12'),(4305306,'RS','Chapada','S','N','2016-08-12'),(4305355,'RS','Charqueadas','S','N','2016-08-12'),(4305371,'RS','Charrua','S','N','2016-08-12'),(4305405,'RS','Chiapetta','S','N','2016-08-12'),(4305439,'RS','Chu�','S','N','2016-08-12'),(4305447,'RS','Chuvisca','S','N','2016-08-12'),(4305454,'RS','Cidreira','S','N','2016-08-12'),(4305504,'RS','Cir�aco','S','N','2016-08-12'),(4305587,'RS','Colinas','S','N','2016-08-12'),(4305603,'RS','Colorado','S','N','2016-08-12'),(4305702,'RS','Condor','S','N','2016-08-12'),(4305801,'RS','Constantina','S','N','2016-08-12'),(4305835,'RS','Coqueiro Baixo','S','N','2016-08-12'),(4305850,'RS','Coqueiros do Sul','S','N','2016-08-12'),(4305871,'RS','Coronel Barros','S','N','2016-08-12'),(4305900,'RS','Coronel Bicaco','S','N','2016-08-12'),(4305934,'RS','Coronel Pilar','S','N','2016-08-12'),(4305959,'RS','Cotipor�','S','N','2016-08-12'),(4305975,'RS','Coxilha','S','N','2016-08-12'),(4306007,'RS','Crissiumal','S','N','2016-08-12'),(4306056,'RS','Cristal','S','N','2016-08-12'),(4306072,'RS','Cristal do Sul','S','N','2016-08-12'),(4306106,'RS','Cruz Alta','S','N','2016-08-12'),(4306130,'RS','Cruzaltense','S','N','2016-08-12'),(4306205,'RS','Cruzeiro do Sul','S','N','2016-08-12'),(4306304,'RS','David Canabarro','S','N','2016-08-12'),(4306320,'RS','Derrubadas','S','N','2016-08-12'),(4306353,'RS','Dezesseis de Novembro','S','N','2016-08-12'),(4306379,'RS','Dilermando de Aguiar','S','N','2016-08-12'),(4306403,'RS','Dois Irm�os','S','N','2016-08-12'),(4306429,'RS','Dois Irm�os das Miss�es','S','N','2016-08-12'),(4306452,'RS','Dois Lajeados','S','N','2016-08-12'),(4306502,'RS','Dom Feliciano','S','N','2016-08-12'),(4306551,'RS','Dom Pedro de Alc�ntara','S','N','2016-08-12'),(4306601,'RS','Dom Pedrito','S','N','2016-08-12'),(4306700,'RS','Dona Francisca','S','N','2016-08-12'),(4306734,'RS','Doutor Maur�cio Cardoso','S','N','2016-08-12'),(4306759,'RS','Doutor Ricardo','S','N','2016-08-12'),(4306767,'RS','Eldorado do Sul','S','N','2016-08-12'),(4306809,'RS','Encantado','S','N','2016-08-12'),(4306908,'RS','Encruzilhada do Sul','S','N','2016-08-12'),(4306924,'RS','Engenho Velho','S','N','2016-08-12'),(4306932,'RS','Entre-Iju�s','S','N','2016-08-12'),(4306957,'RS','Entre Rios do Sul','S','N','2016-08-12'),(4306973,'RS','Erebango','S','N','2016-08-12'),(4307005,'RS','Erechim','S','N','2016-08-12'),(4307054,'RS','Ernestina','S','N','2016-08-12'),(4307104,'RS','Herval','S','N','2016-08-12'),(4307203,'RS','Erval Grande','S','N','2016-08-12'),(4307302,'RS','Erval Seco','S','N','2016-08-12'),(4307401,'RS','Esmeralda','S','N','2016-08-12'),(4307450,'RS','Esperan�a do Sul','S','N','2016-08-12'),(4307500,'RS','Espumoso','S','N','2016-08-12'),(4307559,'RS','Esta��o','S','N','2016-08-12'),(4307609,'RS','Est�ncia Velha','S','N','2016-08-12'),(4307708,'RS','Esteio','S','N','2016-08-12'),(4307807,'RS','Estrela','S','N','2016-08-12'),(4307815,'RS','Estrela Velha','S','N','2016-08-12'),(4307831,'RS','Eug�nio de Castro','S','N','2016-08-12'),(4307864,'RS','Fagundes Varela','S','N','2016-08-12'),(4307906,'RS','Farroupilha','S','N','2016-08-12'),(4308003,'RS','Faxinal do Soturno','S','N','2016-08-12'),(4308052,'RS','Faxinalzinho','S','N','2016-08-12'),(4308078,'RS','Fazenda Vilanova','S','N','2016-08-12'),(4308102,'RS','Feliz','S','N','2016-08-12'),(4308201,'RS','Flores da Cunha','S','N','2016-08-12'),(4308250,'RS','Floriano Peixoto','S','N','2016-08-12'),(4308300,'RS','Fontoura Xavier','S','N','2016-08-12'),(4308409,'RS','Formigueiro','S','N','2016-08-12'),(4308433,'RS','Forquetinha','S','N','2016-08-12'),(4308458,'RS','Fortaleza dos Valos','S','N','2016-08-12'),(4308508,'RS','Frederico Westphalen','S','N','2016-08-12'),(4308607,'RS','Garibaldi','S','N','2016-08-12'),(4308656,'RS','Garruchos','S','N','2016-08-12'),(4308706,'RS','Gaurama','S','N','2016-08-12'),(4308805,'RS','General C�mara','S','N','2016-08-12'),(4308854,'RS','Gentil','S','N','2016-08-12'),(4308904,'RS','Get�lio Vargas','S','N','2016-08-12'),(4309001,'RS','Giru�','S','N','2016-08-12'),(4309050,'RS','Glorinha','S','N','2016-08-12'),(4309100,'RS','Gramado','S','N','2016-08-12'),(4309126,'RS','Gramado dos Loureiros','S','N','2016-08-12'),(4309159,'RS','Gramado Xavier','S','N','2016-08-12'),(4309209,'RS','Gravata�','S','N','2016-08-12'),(4309258,'RS','Guabiju','S','N','2016-08-12'),(4309308,'RS','Gua�ba','S','N','2016-08-12'),(4309407,'RS','Guapor�','S','N','2016-08-12'),(4309506,'RS','Guarani das Miss�es','S','N','2016-08-12'),(4309555,'RS','Harmonia','S','N','2016-08-12'),(4309571,'RS','Herveiras','S','N','2016-08-12'),(4309605,'RS','Horizontina','S','N','2016-08-12'),(4309654,'RS','Hulha Negra','S','N','2016-08-12'),(4309704,'RS','Humait�','S','N','2016-08-12'),(4309753,'RS','Ibarama','S','N','2016-08-12'),(4309803,'RS','Ibia��','S','N','2016-08-12'),(4309902,'RS','Ibiraiaras','S','N','2016-08-12'),(4309951,'RS','Ibirapuit�','S','N','2016-08-12'),(4310009,'RS','Ibirub�','S','N','2016-08-12'),(4310108,'RS','Igrejinha','S','N','2016-08-12'),(4310207,'RS','Iju�','S','N','2016-08-12'),(4310306,'RS','Il�polis','S','N','2016-08-12'),(4310330,'RS','Imb�','S','N','2016-08-12'),(4310363,'RS','Imigrante','S','N','2016-08-12'),(4310405,'RS','Independ�ncia','S','N','2016-08-12'),(4310413,'RS','Inhacor�','S','N','2016-08-12'),(4310439,'RS','Ip�','S','N','2016-08-12'),(4310462,'RS','Ipiranga do Sul','S','N','2016-08-12'),(4310504,'RS','Ira�','S','N','2016-08-12'),(4310538,'RS','Itaara','S','N','2016-08-12'),(4310553,'RS','Itacurubi','S','N','2016-08-12'),(4310579,'RS','Itapuca','S','N','2016-08-12'),(4310603,'RS','Itaqui','S','N','2016-08-12'),(4310652,'RS','Itati','S','N','2016-08-12'),(4310702,'RS','Itatiba do Sul','S','N','2016-08-12'),(4310751,'RS','Ivor�','S','N','2016-08-12'),(4310801,'RS','Ivoti','S','N','2016-08-12'),(4310850,'RS','Jaboticaba','S','N','2016-08-12'),(4310876,'RS','Jacuizinho','S','N','2016-08-12'),(4310900,'RS','Jacutinga','S','N','2016-08-12'),(4311007,'RS','Jaguar�o','S','N','2016-08-12'),(4311106,'RS','Jaguari','S','N','2016-08-12'),(4311122,'RS','Jaquirana','S','N','2016-08-12'),(4311130,'RS','Jari','S','N','2016-08-12'),(4311155,'RS','J�ia','S','N','2016-08-12'),(4311205,'RS','J�lio de Castilhos','S','N','2016-08-12'),(4311239,'RS','Lagoa Bonita do Sul','S','N','2016-08-12'),(4311254,'RS','Lago�o','S','N','2016-08-12'),(4311270,'RS','Lagoa dos Tr�s Cantos','S','N','2016-08-12'),(4311304,'RS','Lagoa Vermelha','S','N','2016-08-12'),(4311403,'RS','Lajeado','S','N','2016-08-12'),(4311429,'RS','Lajeado do Bugre','S','N','2016-08-12'),(4311502,'RS','Lavras do Sul','S','N','2016-08-12'),(4311601,'RS','Liberato Salzano','S','N','2016-08-12'),(4311627,'RS','Lindolfo Collor','S','N','2016-08-12'),(4311643,'RS','Linha Nova','S','N','2016-08-12'),(4311700,'RS','Machadinho','S','N','2016-08-12'),(4311718,'RS','Ma�ambara','S','N','2016-08-12'),(4311734,'RS','Mampituba','S','N','2016-08-12'),(4311759,'RS','Manoel Viana','S','N','2016-08-12'),(4311775,'RS','Maquin�','S','N','2016-08-12'),(4311791,'RS','Marat�','S','N','2016-08-12'),(4311809,'RS','Marau','S','N','2016-08-12'),(4311908,'RS','Marcelino Ramos','S','N','2016-08-12'),(4311981,'RS','Mariana Pimentel','S','N','2016-08-12'),(4312005,'RS','Mariano Moro','S','N','2016-08-12'),(4312054,'RS','Marques de Souza','S','N','2016-08-12'),(4312104,'RS','Mata','S','N','2016-08-12'),(4312138,'RS','Mato Castelhano','S','N','2016-08-12'),(4312153,'RS','Mato Leit�o','S','N','2016-08-12'),(4312179,'RS','Mato Queimado','S','N','2016-08-12'),(4312203,'RS','Maximiliano de Almeida','S','N','2016-08-12'),(4312252,'RS','Minas do Le�o','S','N','2016-08-12'),(4312302,'RS','Miragua�','S','N','2016-08-12'),(4312351,'RS','Montauri','S','N','2016-08-12'),(4312377,'RS','Monte Alegre dos Campos','S','N','2016-08-12'),(4312385,'RS','Monte Belo do Sul','S','N','2016-08-12'),(4312401,'RS','Montenegro','S','N','2016-08-12'),(4312427,'RS','Morma�o','S','N','2016-08-12'),(4312443,'RS','Morrinhos do Sul','S','N','2016-08-12'),(4312450,'RS','Morro Redondo','S','N','2016-08-12'),(4312476,'RS','Morro Reuter','S','N','2016-08-12'),(4312500,'RS','Mostardas','S','N','2016-08-12'),(4312609,'RS','Mu�um','S','N','2016-08-12'),(4312617,'RS','Muitos Cap�es','S','N','2016-08-12'),(4312625,'RS','Muliterno','S','N','2016-08-12'),(4312658,'RS','N�o-Me-Toque','S','N','2016-08-12'),(4312674,'RS','Nicolau Vergueiro','S','N','2016-08-12'),(4312708,'RS','Nonoai','S','N','2016-08-12'),(4312757,'RS','Nova Alvorada','S','N','2016-08-12'),(4312807,'RS','Nova Ara��','S','N','2016-08-12'),(4312906,'RS','Nova Bassano','S','N','2016-08-12'),(4312955,'RS','Nova Boa Vista','S','N','2016-08-12'),(4313003,'RS','Nova Br�scia','S','N','2016-08-12'),(4313011,'RS','Nova Candel�ria','S','N','2016-08-12'),(4313037,'RS','Nova Esperan�a do Sul','S','N','2016-08-12'),(4313060,'RS','Nova Hartz','S','N','2016-08-12'),(4313086,'RS','Nova P�dua','S','N','2016-08-12'),(4313102,'RS','Nova Palma','S','N','2016-08-12'),(4313201,'RS','Nova Petr�polis','S','N','2016-08-12'),(4313300,'RS','Nova Prata','S','N','2016-08-12'),(4313334,'RS','Nova Ramada','S','N','2016-08-12'),(4313359,'RS','Nova Roma do Sul','S','N','2016-08-12'),(4313375,'RS','Nova Santa Rita','S','N','2016-08-12'),(4313391,'RS','Novo Cabrais','S','N','2016-08-12'),(4313409,'RS','Novo Hamburgo','S','N','2016-08-12'),(4313425,'RS','Novo Machado','S','N','2016-08-12'),(4313441,'RS','Novo Tiradentes','S','N','2016-08-12'),(4313466,'RS','Novo Xingu','S','N','2016-08-12'),(4313490,'RS','Novo Barreiro','S','N','2016-08-12'),(4313508,'RS','Os�rio','S','N','2016-08-12'),(4313607,'RS','Paim Filho','S','N','2016-08-12'),(4313656,'RS','Palmares do Sul','S','N','2016-08-12'),(4313706,'RS','Palmeira das Miss�es','S','N','2016-08-12'),(4313805,'RS','Palmitinho','S','N','2016-08-12'),(4313904,'RS','Panambi','S','N','2016-08-12'),(4313953,'RS','Pantano Grande','S','N','2016-08-12'),(4314001,'RS','Para�','S','N','2016-08-12'),(4314027,'RS','Para�so do Sul','S','N','2016-08-12'),(4314035,'RS','Pareci Novo','S','N','2016-08-12'),(4314050,'RS','Parob�','S','N','2016-08-12'),(4314068,'RS','Passa Sete','S','N','2016-08-12'),(4314076,'RS','Passo do Sobrado','S','N','2016-08-12'),(4314100,'RS','Passo Fundo','S','N','2016-08-12'),(4314134,'RS','Paulo Bento','S','N','2016-08-12'),(4314159,'RS','Paverama','S','N','2016-08-12'),(4314175,'RS','Pedras Altas','S','N','2016-08-12'),(4314209,'RS','Pedro Os�rio','S','N','2016-08-12'),(4314308,'RS','Peju�ara','S','N','2016-08-12'),(4314407,'RS','Pelotas','S','N','2016-08-12'),(4314423,'RS','Picada Caf�','S','N','2016-08-12'),(4314456,'RS','Pinhal','S','N','2016-08-12'),(4314464,'RS','Pinhal da Serra','S','N','2016-08-12'),(4314472,'RS','Pinhal Grande','S','N','2016-08-12'),(4314498,'RS','Pinheirinho do Vale','S','N','2016-08-12'),(4314506,'RS','Pinheiro Machado','S','N','2016-08-12'),(4314555,'RS','Pirap�','S','N','2016-08-12'),(4314605,'RS','Piratini','S','N','2016-08-12'),(4314704,'RS','Planalto','S','N','2016-08-12'),(4314753,'RS','Po�o das Antas','S','N','2016-08-12'),(4314779,'RS','Pont�o','S','N','2016-08-12'),(4314787,'RS','Ponte Preta','S','N','2016-08-12'),(4314803,'RS','Port�o','S','N','2016-08-12'),(4314902,'RS','Porto Alegre','S','S','2016-08-12'),(4315008,'RS','Porto Lucena','S','N','2016-08-12'),(4315057,'RS','Porto Mau�','S','N','2016-08-12'),(4315073,'RS','Porto Vera Cruz','S','N','2016-08-12'),(4315107,'RS','Porto Xavier','S','N','2016-08-12'),(4315131,'RS','Pouso Novo','S','N','2016-08-12'),(4315149,'RS','Presidente Lucena','S','N','2016-08-12'),(4315156,'RS','Progresso','S','N','2016-08-12'),(4315172,'RS','Prot�sio Alves','S','N','2016-08-12'),(4315206,'RS','Putinga','S','N','2016-08-12'),(4315305,'RS','Quara�','S','N','2016-08-12'),(4315313,'RS','Quatro Irm�os','S','N','2016-08-12'),(4315321,'RS','Quevedos','S','N','2016-08-12'),(4315354,'RS','Quinze de Novembro','S','N','2016-08-12'),(4315404,'RS','Redentora','S','N','2016-08-12'),(4315453,'RS','Relvado','S','N','2016-08-12'),(4315503,'RS','Restinga Seca','S','N','2016-08-12'),(4315552,'RS','Rio dos �ndios','S','N','2016-08-12'),(4315602,'RS','Rio Grande','S','N','2016-08-12'),(4315701,'RS','Rio Pardo','S','N','2016-08-12'),(4315750,'RS','Riozinho','S','N','2016-08-12'),(4315800,'RS','Roca Sales','S','N','2016-08-12'),(4315909,'RS','Rodeio Bonito','S','N','2016-08-12'),(4315958,'RS','Rolador','S','N','2016-08-12'),(4316006,'RS','Rolante','S','N','2016-08-12'),(4316105,'RS','Ronda Alta','S','N','2016-08-12'),(4316204,'RS','Rondinha','S','N','2016-08-12'),(4316303,'RS','Roque Gonzales','S','N','2016-08-12'),(4316402,'RS','Ros�rio do Sul','S','N','2016-08-12'),(4316428,'RS','Sagrada Fam�lia','S','N','2016-08-12'),(4316436,'RS','Saldanha Marinho','S','N','2016-08-12'),(4316451,'RS','Salto do Jacu�','S','N','2016-08-12'),(4316477,'RS','Salvador das Miss�es','S','N','2016-08-12'),(4316501,'RS','Salvador do Sul','S','N','2016-08-12'),(4316600,'RS','Sananduva','S','N','2016-08-12'),(4316709,'RS','Santa B�rbara do Sul','S','N','2016-08-12'),(4316733,'RS','Santa Cec�lia do Sul','S','N','2016-08-12'),(4316758,'RS','Santa Clara do Sul','S','N','2016-08-12'),(4316808,'RS','Santa Cruz do Sul','S','N','2016-08-12'),(4316907,'RS','Santa Maria','S','N','2016-08-12'),(4316956,'RS','Santa Maria do Herval','S','N','2016-08-12'),(4316972,'RS','Santa Margarida do Sul','S','N','2016-08-12'),(4317004,'RS','Santana da Boa Vista','S','N','2016-08-12'),(4317103,'RS','Santana do Livramento','S','N','2016-08-12'),(4317202,'RS','Santa Rosa','S','N','2016-08-12'),(4317251,'RS','Santa Tereza','S','N','2016-08-12'),(4317301,'RS','Santa Vit�ria do Palmar','S','N','2016-08-12'),(4317400,'RS','Santiago','S','N','2016-08-12'),(4317509,'RS','Santo �ngelo','S','N','2016-08-12'),(4317558,'RS','Santo Ant�nio do Palma','S','N','2016-08-12'),(4317608,'RS','Santo Ant�nio da Patrulha','S','N','2016-08-12'),(4317707,'RS','Santo Ant�nio das Miss�es','S','N','2016-08-12'),(4317756,'RS','Santo Ant�nio do Planalto','S','N','2016-08-12'),(4317806,'RS','Santo Augusto','S','N','2016-08-12'),(4317905,'RS','Santo Cristo','S','N','2016-08-12'),(4317954,'RS','Santo Expedito do Sul','S','N','2016-08-12'),(4318002,'RS','S�o Borja','S','N','2016-08-12'),(4318051,'RS','S�o Domingos do Sul','S','N','2016-08-12'),(4318101,'RS','S�o Francisco de Assis','S','N','2016-08-12'),(4318200,'RS','S�o Francisco de Paula','S','N','2016-08-12'),(4318309,'RS','S�o Gabriel','S','N','2016-08-12'),(4318408,'RS','S�o Jer�nimo','S','N','2016-08-12'),(4318424,'RS','S�o Jo�o da Urtiga','S','N','2016-08-12'),(4318432,'RS','S�o Jo�o do Pol�sine','S','N','2016-08-12'),(4318440,'RS','S�o Jorge','S','N','2016-08-12'),(4318457,'RS','S�o Jos� das Miss�es','S','N','2016-08-12'),(4318465,'RS','S�o Jos� do Herval','S','N','2016-08-12'),(4318481,'RS','S�o Jos� do Hort�ncio','S','N','2016-08-12'),(4318499,'RS','S�o Jos� do Inhacor�','S','N','2016-08-12'),(4318507,'RS','S�o Jos� do Norte','S','N','2016-08-12'),(4318606,'RS','S�o Jos� do Ouro','S','N','2016-08-12'),(4318614,'RS','S�o Jos� do Sul','S','N','2016-08-12'),(4318622,'RS','S�o Jos� dos Ausentes','S','N','2016-08-12'),(4318705,'RS','S�o Leopoldo','S','N','2016-08-12'),(4318804,'RS','S�o Louren�o do Sul','S','N','2016-08-12'),(4318903,'RS','S�o Luiz Gonzaga','S','N','2016-08-12'),(4319000,'RS','S�o Marcos','S','N','2016-08-12'),(4319109,'RS','S�o Martinho','S','N','2016-08-12'),(4319125,'RS','S�o Martinho da Serra','S','N','2016-08-12'),(4319158,'RS','S�o Miguel das Miss�es','S','N','2016-08-12'),(4319208,'RS','S�o Nicolau','S','N','2016-08-12'),(4319307,'RS','S�o Paulo das Miss�es','S','N','2016-08-12'),(4319356,'RS','S�o Pedro da Serra','S','N','2016-08-12'),(4319364,'RS','S�o Pedro das Miss�es','S','N','2016-08-12'),(4319372,'RS','S�o Pedro do Buti�','S','N','2016-08-12'),(4319406,'RS','S�o Pedro do Sul','S','N','2016-08-12'),(4319505,'RS','S�o Sebasti�o do Ca�','S','N','2016-08-12'),(4319604,'RS','S�o Sep�','S','N','2016-08-12'),(4319703,'RS','S�o Valentim','S','N','2016-08-12'),(4319711,'RS','S�o Valentim do Sul','S','N','2016-08-12'),(4319737,'RS','S�o Val�rio do Sul','S','N','2016-08-12'),(4319752,'RS','S�o Vendelino','S','N','2016-08-12'),(4319802,'RS','S�o Vicente do Sul','S','N','2016-08-12'),(4319901,'RS','Sapiranga','S','N','2016-08-12'),(4320008,'RS','Sapucaia do Sul','S','N','2016-08-12'),(4320107,'RS','Sarandi','S','N','2016-08-12'),(4320206,'RS','Seberi','S','N','2016-08-12'),(4320230,'RS','Sede Nova','S','N','2016-08-12'),(4320263,'RS','Segredo','S','N','2016-08-12'),(4320305,'RS','Selbach','S','N','2016-08-12'),(4320321,'RS','Senador Salgado Filho','S','N','2016-08-12'),(4320354,'RS','Sentinela do Sul','S','N','2016-08-12'),(4320404,'RS','Serafina Corr�a','S','N','2016-08-12'),(4320453,'RS','S�rio','S','N','2016-08-12'),(4320503,'RS','Sert�o','S','N','2016-08-12'),(4320552,'RS','Sert�o Santana','S','N','2016-08-12'),(4320578,'RS','Sete de Setembro','S','N','2016-08-12'),(4320602,'RS','Severiano de Almeida','S','N','2016-08-12'),(4320651,'RS','Silveira Martins','S','N','2016-08-12'),(4320677,'RS','Sinimbu','S','N','2016-08-12'),(4320701,'RS','Sobradinho','S','N','2016-08-12'),(4320800,'RS','Soledade','S','N','2016-08-12'),(4320859,'RS','Taba�','S','N','2016-08-12'),(4320909,'RS','Tapejara','S','N','2016-08-12'),(4321006,'RS','Tapera','S','N','2016-08-12'),(4321105,'RS','Tapes','S','N','2016-08-12'),(4321204,'RS','Taquara','S','N','2016-08-12'),(4321303,'RS','Taquari','S','N','2016-08-12'),(4321329,'RS','Taquaru�u do Sul','S','N','2016-08-12'),(4321352,'RS','Tavares','S','N','2016-08-12'),(4321402,'RS','Tenente Portela','S','N','2016-08-12'),(4321436,'RS','Terra de Areia','S','N','2016-08-12'),(4321451,'RS','Teut�nia','S','N','2016-08-12'),(4321469,'RS','Tio Hugo','S','N','2016-08-12'),(4321477,'RS','Tiradentes do Sul','S','N','2016-08-12'),(4321493,'RS','Toropi','S','N','2016-08-12'),(4321501,'RS','Torres','S','N','2016-08-12'),(4321600,'RS','Tramanda�','S','N','2016-08-12'),(4321626,'RS','Travesseiro','S','N','2016-08-12'),(4321634,'RS','Tr�s Arroios','S','N','2016-08-12'),(4321667,'RS','Tr�s Cachoeiras','S','N','2016-08-12'),(4321709,'RS','Tr�s Coroas','S','N','2016-08-12'),(4321808,'RS','Tr�s de Maio','S','N','2016-08-12'),(4321832,'RS','Tr�s Forquilhas','S','N','2016-08-12'),(4321857,'RS','Tr�s Palmeiras','S','N','2016-08-12'),(4321907,'RS','Tr�s Passos','S','N','2016-08-12'),(4321956,'RS','Trindade do Sul','S','N','2016-08-12'),(4322004,'RS','Triunfo','S','N','2016-08-12'),(4322103,'RS','Tucunduva','S','N','2016-08-12'),(4322152,'RS','Tunas','S','N','2016-08-12'),(4322186,'RS','Tupanci do Sul','S','N','2016-08-12'),(4322202,'RS','Tupanciret�','S','N','2016-08-12'),(4322251,'RS','Tupandi','S','N','2016-08-12'),(4322301,'RS','Tuparendi','S','N','2016-08-12'),(4322327,'RS','Turu�u','S','N','2016-08-12'),(4322343,'RS','Ubiretama','S','N','2016-08-12'),(4322350,'RS','Uni�o da Serra','S','N','2016-08-12'),(4322376,'RS','Unistalda','S','N','2016-08-12'),(4322400,'RS','Uruguaiana','S','N','2016-08-12'),(4322509,'RS','Vacaria','S','N','2016-08-12'),(4322525,'RS','Vale Verde','S','N','2016-08-12'),(4322533,'RS','Vale do Sol','S','N','2016-08-12'),(4322541,'RS','Vale Real','S','N','2016-08-12'),(4322558,'RS','Vanini','S','N','2016-08-12'),(4322608,'RS','Ven�ncio Aires','S','N','2016-08-12'),(4322707,'RS','Vera Cruz','S','N','2016-08-12'),(4322806,'RS','Veran�polis','S','N','2016-08-12'),(4322855,'RS','Vespasiano Correa','S','N','2016-08-12'),(4322905,'RS','Viadutos','S','N','2016-08-12'),(4323002,'RS','Viam�o','S','N','2016-08-12'),(4323101,'RS','Vicente Dutra','S','N','2016-08-12'),(4323200,'RS','Victor Graeff','S','N','2016-08-12'),(4323309,'RS','Vila Flores','S','N','2016-08-12'),(4323358,'RS','Vila L�ngaro','S','N','2016-08-12'),(4323408,'RS','Vila Maria','S','N','2016-08-12'),(4323457,'RS','Vila Nova do Sul','S','N','2016-08-12'),(4323507,'RS','Vista Alegre','S','N','2016-08-12'),(4323606,'RS','Vista Alegre do Prata','S','N','2016-08-12'),(4323705,'RS','Vista Ga�cha','S','N','2016-08-12'),(4323754,'RS','Vit�ria das Miss�es','S','N','2016-08-12'),(4323770,'RS','Westfalia','S','N','2016-08-12'),(4323804,'RS','Xangri-l�','S','N','2016-08-12'),(5000203,'MS','�gua Clara','S','N','2016-08-12'),(5000252,'MS','Alcin�polis','S','N','2016-08-12'),(5000609,'MS','Amamba�','S','N','2016-08-12'),(5000708,'MS','Anast�cio','S','N','2016-08-12'),(5000807,'MS','Anauril�ndia','S','N','2016-08-12'),(5000856,'MS','Ang�lica','S','N','2016-08-12'),(5000906,'MS','Ant�nio Jo�o','S','N','2016-08-12'),(5001003,'MS','Aparecida do Taboado','S','N','2016-08-12'),(5001102,'MS','Aquidauana','S','N','2016-08-12'),(5001243,'MS','Aral Moreira','S','N','2016-08-12'),(5001508,'MS','Bandeirantes','S','N','2016-08-12'),(5001904,'MS','Bataguassu','S','N','2016-08-12'),(5002001,'MS','Bataypor�','S','N','2016-08-12'),(5002100,'MS','Bela Vista','S','N','2016-08-12'),(5002159,'MS','Bodoquena','S','N','2016-08-12'),(5002209,'MS','Bonito','S','N','2016-08-12'),(5002308,'MS','Brasil�ndia','S','N','2016-08-12'),(5002407,'MS','Caarap�','S','N','2016-08-12'),(5002605,'MS','Camapu�','S','N','2016-08-12'),(5002704,'MS','Campo Grande','S','S','2016-08-12'),(5002803,'MS','Caracol','S','N','2016-08-12'),(5002902,'MS','Cassil�ndia','S','N','2016-08-12'),(5002951,'MS','Chapad�o do Sul','S','N','2016-08-12'),(5003108,'MS','Corguinho','S','N','2016-08-12'),(5003157,'MS','Coronel Sapucaia','S','N','2016-08-12'),(5003207,'MS','Corumb�','S','N','2016-08-12'),(5003256,'MS','Costa Rica','S','N','2016-08-12'),(5003306,'MS','Coxim','S','N','2016-08-12'),(5003454,'MS','Deod�polis','S','N','2016-08-12'),(5003488,'MS','Dois Irm�os do Buriti','S','N','2016-08-12'),(5003504,'MS','Douradina','S','N','2016-08-12'),(5003702,'MS','Dourados','S','N','2016-08-12'),(5003751,'MS','Eldorado','S','N','2016-08-12'),(5003801,'MS','F�tima do Sul','S','N','2016-08-12'),(5003900,'MS','Figueir�o','S','N','2016-08-12'),(5004007,'MS','Gl�ria de Dourados','S','N','2016-08-12'),(5004106,'MS','Guia Lopes da Laguna','S','N','2016-08-12'),(5004304,'MS','Iguatemi','S','N','2016-08-12'),(5004403,'MS','Inoc�ncia','S','N','2016-08-12'),(5004502,'MS','Itapor�','S','N','2016-08-12'),(5004601,'MS','Itaquira�','S','N','2016-08-12'),(5004700,'MS','Ivinhema','S','N','2016-08-12'),(5004809,'MS','Japor�','S','N','2016-08-12'),(5004908,'MS','Jaraguari','S','N','2016-08-12'),(5005004,'MS','Jardim','S','N','2016-08-12'),(5005103,'MS','Jate�','S','N','2016-08-12'),(5005152,'MS','Juti','S','N','2016-08-12'),(5005202,'MS','Lad�rio','S','N','2016-08-12'),(5005251,'MS','Laguna Carap�','S','N','2016-08-12'),(5005400,'MS','Maracaju','S','N','2016-08-12'),(5005608,'MS','Miranda','S','N','2016-08-12'),(5005681,'MS','Mundo Novo','S','N','2016-08-12'),(5005707,'MS','Navira�','S','N','2016-08-12'),(5005806,'MS','Nioaque','S','N','2016-08-12'),(5006002,'MS','Nova Alvorada do Sul','S','N','2016-08-12'),(5006200,'MS','Nova Andradina','S','N','2016-08-12'),(5006259,'MS','Novo Horizonte do Sul','S','N','2016-08-12'),(5006309,'MS','Parana�ba','S','N','2016-08-12'),(5006358,'MS','Paranhos','S','N','2016-08-12'),(5006408,'MS','Pedro Gomes','S','N','2016-08-12'),(5006606,'MS','Ponta Por�','S','N','2016-08-12'),(5006903,'MS','Porto Murtinho','S','N','2016-08-12'),(5007109,'MS','Ribas do Rio Pardo','S','N','2016-08-12'),(5007208,'MS','Rio Brilhante','S','N','2016-08-12'),(5007307,'MS','Rio Negro','S','N','2016-08-12'),(5007406,'MS','Rio Verde de Mato Grosso','S','N','2016-08-12'),(5007505,'MS','Rochedo','S','N','2016-08-12'),(5007554,'MS','Santa Rita do Pardo','S','N','2016-08-12'),(5007695,'MS','S�o Gabriel do Oeste','S','N','2016-08-12'),(5007703,'MS','Sete Quedas','S','N','2016-08-12'),(5007802,'MS','Selv�ria','S','N','2016-08-12'),(5007901,'MS','Sidrol�ndia','S','N','2016-08-12'),(5007935,'MS','Sonora','S','N','2016-08-12'),(5007950,'MS','Tacuru','S','N','2016-08-12'),(5007976,'MS','Taquarussu','S','N','2016-08-12'),(5008008,'MS','Terenos','S','N','2016-08-12'),(5008305,'MS','Tr�s Lagoas','S','N','2016-08-12'),(5008404,'MS','Vicentina','S','N','2016-08-12'),(5100102,'MT','Acorizal','S','N','2016-08-12'),(5100201,'MT','�gua Boa','S','N','2016-08-12'),(5100250,'MT','Alta Floresta','S','N','2016-08-12'),(5100300,'MT','Alto Araguaia','S','N','2016-08-12'),(5100359,'MT','Alto Boa Vista','S','N','2016-08-12'),(5100409,'MT','Alto Gar�as','S','N','2016-08-12'),(5100508,'MT','Alto Paraguai','S','N','2016-08-12'),(5100607,'MT','Alto Taquari','S','N','2016-08-12'),(5100805,'MT','Apiac�s','S','N','2016-08-12'),(5101001,'MT','Araguaiana','S','N','2016-08-12'),(5101209,'MT','Araguainha','S','N','2016-08-12'),(5101258,'MT','Araputanga','S','N','2016-08-12'),(5101308,'MT','Aren�polis','S','N','2016-08-12'),(5101407,'MT','Aripuan�','S','N','2016-08-12'),(5101605,'MT','Bar�o de Melga�o','S','N','2016-08-12'),(5101704,'MT','Barra do Bugres','S','N','2016-08-12'),(5101803,'MT','Barra do Gar�as','S','N','2016-08-12'),(5101852,'MT','Bom Jesus do Araguaia','S','N','2016-08-12'),(5101902,'MT','Brasnorte','S','N','2016-08-12'),(5102504,'MT','C�ceres','S','N','2016-08-12'),(5102603,'MT','Campin�polis','S','N','2016-08-12'),(5102637,'MT','Campo Novo do Parecis','S','N','2016-08-12'),(5102678,'MT','Campo Verde','S','N','2016-08-12'),(5102686,'MT','Campos de J�lio','S','N','2016-08-12'),(5102694,'MT','Canabrava do Norte','S','N','2016-08-12'),(5102702,'MT','Canarana','S','N','2016-08-12'),(5102793,'MT','Carlinda','S','N','2016-08-12'),(5102850,'MT','Castanheira','S','N','2016-08-12'),(5103007,'MT','Chapada dos Guimar�es','S','N','2016-08-12'),(5103056,'MT','Cl�udia','S','N','2016-08-12'),(5103106,'MT','Cocalinho','S','N','2016-08-12'),(5103205,'MT','Col�der','S','N','2016-08-12'),(5103254,'MT','Colniza','S','N','2016-08-12'),(5103304,'MT','Comodoro','S','N','2016-08-12'),(5103353,'MT','Confresa','S','N','2016-08-12'),(5103361,'MT','Conquista D�Oeste','S','N','2016-08-12'),(5103379,'MT','Cotrigua�u','S','N','2016-08-12'),(5103403,'MT','Cuiab�','S','S','2016-08-12'),(5103437,'MT','Curvel�ndia','S','N','2016-08-12'),(5103452,'MT','Denise','S','N','2016-08-12'),(5103502,'MT','Diamantino','S','N','2016-08-12'),(5103601,'MT','Dom Aquino','S','N','2016-08-12'),(5103700,'MT','Feliz Natal','S','N','2016-08-12'),(5103809,'MT','Figueir�polis D�Oeste','S','N','2016-08-12'),(5103858,'MT','Ga�cha do Norte','S','N','2016-08-12'),(5103908,'MT','General Carneiro','S','N','2016-08-12'),(5103957,'MT','Gl�ria D�Oeste','S','N','2016-08-12'),(5104104,'MT','Guarant� do Norte','S','N','2016-08-12'),(5104203,'MT','Guiratinga','S','N','2016-08-12'),(5104500,'MT','Indiava�','S','N','2016-08-12'),(5104526,'MT','Ipiranga do Norte','S','N','2016-08-12'),(5104542,'MT','Itanhang�','S','N','2016-08-12'),(5104559,'MT','Ita�ba','S','N','2016-08-12'),(5104609,'MT','Itiquira','S','N','2016-08-12'),(5104807,'MT','Jaciara','S','N','2016-08-12'),(5104906,'MT','Jangada','S','N','2016-08-12'),(5105002,'MT','Jauru','S','N','2016-08-12'),(5105101,'MT','Juara','S','N','2016-08-12'),(5105150,'MT','Ju�na','S','N','2016-08-12'),(5105176,'MT','Juruena','S','N','2016-08-12'),(5105200,'MT','Juscimeira','S','N','2016-08-12'),(5105234,'MT','Lambari D�Oeste','S','N','2016-08-12'),(5105259,'MT','Lucas do Rio Verde','S','N','2016-08-12'),(5105309,'MT','Luci�ra','S','N','2016-08-12'),(5105507,'MT','Vila Bela da Sant�ssima Trindade','S','N','2016-08-12'),(5105580,'MT','Marcel�ndia','S','N','2016-08-12'),(5105606,'MT','Matup�','S','N','2016-08-12'),(5105622,'MT','Mirassol d�Oeste','S','N','2016-08-12'),(5105903,'MT','Nobres','S','N','2016-08-12'),(5106000,'MT','Nortel�ndia','S','N','2016-08-12'),(5106109,'MT','Nossa Senhora do Livramento','S','N','2016-08-12'),(5106158,'MT','Nova Bandeirantes','S','N','2016-08-12'),(5106174,'MT','Nova Nazar�','S','N','2016-08-12'),(5106182,'MT','Nova Lacerda','S','N','2016-08-12'),(5106190,'MT','Nova Santa Helena','S','N','2016-08-12'),(5106208,'MT','Nova Brasil�ndia','S','N','2016-08-12'),(5106216,'MT','Nova Cana� do Norte','S','N','2016-08-12'),(5106224,'MT','Nova Mutum','S','N','2016-08-12'),(5106232,'MT','Nova Ol�mpia','S','N','2016-08-12'),(5106240,'MT','Nova Ubirat�','S','N','2016-08-12'),(5106257,'MT','Nova Xavantina','S','N','2016-08-12'),(5106265,'MT','Novo Mundo','S','N','2016-08-12'),(5106273,'MT','Novo Horizonte do Norte','S','N','2016-08-12'),(5106281,'MT','Novo S�o Joaquim','S','N','2016-08-12'),(5106299,'MT','Parana�ta','S','N','2016-08-12'),(5106307,'MT','Paranatinga','S','N','2016-08-12'),(5106315,'MT','Novo Santo Ant�nio','S','N','2016-08-12'),(5106372,'MT','Pedra Preta','S','N','2016-08-12'),(5106422,'MT','Peixoto de Azevedo','S','N','2016-08-12'),(5106455,'MT','Planalto da Serra','S','N','2016-08-12'),(5106505,'MT','Pocon�','S','N','2016-08-12'),(5106653,'MT','Pontal do Araguaia','S','N','2016-08-12'),(5106703,'MT','Ponte Branca','S','N','2016-08-12'),(5106752,'MT','Pontes e Lacerda','S','N','2016-08-12'),(5106778,'MT','Porto Alegre do Norte','S','N','2016-08-12'),(5106802,'MT','Porto dos Ga�chos','S','N','2016-08-12'),(5106828,'MT','Porto Esperidi�o','S','N','2016-08-12'),(5106851,'MT','Porto Estrela','S','N','2016-08-12'),(5107008,'MT','Poxor�o','S','N','2016-08-12'),(5107040,'MT','Primavera do Leste','S','N','2016-08-12'),(5107065,'MT','Quer�ncia','S','N','2016-08-12'),(5107107,'MT','S�o Jos� dos Quatro Marcos','S','N','2016-08-12'),(5107156,'MT','Reserva do Caba�al','S','N','2016-08-12'),(5107180,'MT','Ribeir�o Cascalheira','S','N','2016-08-12'),(5107198,'MT','Ribeir�ozinho','S','N','2016-08-12'),(5107206,'MT','Rio Branco','S','N','2016-08-12'),(5107248,'MT','Santa Carmem','S','N','2016-08-12'),(5107263,'MT','Santo Afonso','S','N','2016-08-12'),(5107297,'MT','S�o Jos� do Povo','S','N','2016-08-12'),(5107305,'MT','S�o Jos� do Rio Claro','S','N','2016-08-12'),(5107354,'MT','S�o Jos� do Xingu','S','N','2016-08-12'),(5107404,'MT','S�o Pedro da Cipa','S','N','2016-08-12'),(5107578,'MT','Rondol�ndia','S','N','2016-08-12'),(5107602,'MT','Rondon�polis','S','N','2016-08-12'),(5107701,'MT','Ros�rio Oeste','S','N','2016-08-12'),(5107743,'MT','Santa Cruz do Xingu','S','N','2016-08-12'),(5107750,'MT','Salto do C�u','S','N','2016-08-12'),(5107768,'MT','Santa Rita do Trivelato','S','N','2016-08-12'),(5107776,'MT','Santa Terezinha','S','N','2016-08-12'),(5107792,'MT','Santo Ant�nio do Leste','S','N','2016-08-12'),(5107800,'MT','Santo Ant�nio do Leverger','S','N','2016-08-12'),(5107859,'MT','S�o F�lix do Araguaia','S','N','2016-08-12'),(5107875,'MT','Sapezal','S','N','2016-08-12'),(5107883,'MT','Serra Nova Dourada','S','N','2016-08-12'),(5107909,'MT','Sinop','S','N','2016-08-12'),(5107925,'MT','Sorriso','S','N','2016-08-12'),(5107941,'MT','Tabapor�','S','N','2016-08-12'),(5107958,'MT','Tangar� da Serra','S','N','2016-08-12'),(5108006,'MT','Tapurah','S','N','2016-08-12'),(5108055,'MT','Terra Nova do Norte','S','N','2016-08-12'),(5108105,'MT','Tesouro','S','N','2016-08-12'),(5108204,'MT','Torixor�u','S','N','2016-08-12'),(5108303,'MT','Uni�o do Sul','S','N','2016-08-12'),(5108352,'MT','Vale de S�o Domingos','S','N','2016-08-12'),(5108402,'MT','V�rzea Grande','S','N','2016-08-12'),(5108501,'MT','Vera','S','N','2016-08-12'),(5108600,'MT','Vila Rica','S','N','2016-08-12'),(5108808,'MT','Nova Guarita','S','N','2016-08-12'),(5108857,'MT','Nova Maril�ndia','S','N','2016-08-12'),(5108907,'MT','Nova Maring�','S','N','2016-08-12'),(5108956,'MT','Nova Monte Verde','S','N','2016-08-12'),(5200050,'GO','Abadia de Goi�s','S','N','2016-08-12'),(5200100,'GO','Abadi�nia','S','N','2016-08-12'),(5200134,'GO','Acre�na','S','N','2016-08-12'),(5200159,'GO','Adel�ndia','S','N','2016-08-12'),(5200175,'GO','�gua Fria de Goi�s','S','N','2016-08-12'),(5200209,'GO','�gua Limpa','S','N','2016-08-12'),(5200258,'GO','�guas Lindas de Goi�s','S','N','2016-08-12'),(5200308,'GO','Alex�nia','S','N','2016-08-12'),(5200506,'GO','Alo�ndia','S','N','2016-08-12'),(5200555,'GO','Alto Horizonte','S','N','2016-08-12'),(5200605,'GO','Alto Para�so de Goi�s','S','N','2016-08-12'),(5200803,'GO','Alvorada do Norte','S','N','2016-08-12'),(5200829,'GO','Amaralina','S','N','2016-08-12'),(5200852,'GO','Americano do Brasil','S','N','2016-08-12'),(5200902,'GO','Amorin�polis','S','N','2016-08-12'),(5201108,'GO','An�polis','S','N','2016-08-12'),(5201207,'GO','Anhanguera','S','N','2016-08-12'),(5201306,'GO','Anicuns','S','N','2016-08-12'),(5201405,'GO','Aparecida de Goi�nia','S','N','2016-08-12'),(5201454,'GO','Aparecida do Rio Doce','S','N','2016-08-12'),(5201504,'GO','Apor�','S','N','2016-08-12'),(5201603,'GO','Ara�u','S','N','2016-08-12'),(5201702,'GO','Aragar�as','S','N','2016-08-12'),(5201801,'GO','Aragoi�nia','S','N','2016-08-12'),(5202155,'GO','Araguapaz','S','N','2016-08-12'),(5202353,'GO','Aren�polis','S','N','2016-08-12'),(5202502,'GO','Aruan�','S','N','2016-08-12'),(5202601,'GO','Auril�ndia','S','N','2016-08-12'),(5202809,'GO','Avelin�polis','S','N','2016-08-12'),(5203104,'GO','Baliza','S','N','2016-08-12'),(5203203,'GO','Barro Alto','S','N','2016-08-12'),(5203302,'GO','Bela Vista de Goi�s','S','N','2016-08-12'),(5203401,'GO','Bom Jardim de Goi�s','S','N','2016-08-12'),(5203500,'GO','Bom Jesus de Goi�s','S','N','2016-08-12'),(5203559,'GO','Bonfin�polis','S','N','2016-08-12'),(5203575,'GO','Bon�polis','S','N','2016-08-12'),(5203609,'GO','Brazabrantes','S','N','2016-08-12'),(5203807,'GO','Brit�nia','S','N','2016-08-12'),(5203906,'GO','Buriti Alegre','S','N','2016-08-12'),(5203939,'GO','Buriti de Goi�s','S','N','2016-08-12'),(5203962,'GO','Buritin�polis','S','N','2016-08-12'),(5204003,'GO','Cabeceiras','S','N','2016-08-12'),(5204102,'GO','Cachoeira Alta','S','N','2016-08-12'),(5204201,'GO','Cachoeira de Goi�s','S','N','2016-08-12'),(5204250,'GO','Cachoeira Dourada','S','N','2016-08-12'),(5204300,'GO','Ca�u','S','N','2016-08-12'),(5204409,'GO','Caiap�nia','S','N','2016-08-12'),(5204508,'GO','Caldas Novas','S','N','2016-08-12'),(5204557,'GO','Caldazinha','S','N','2016-08-12'),(5204607,'GO','Campestre de Goi�s','S','N','2016-08-12'),(5204656,'GO','Campina�u','S','N','2016-08-12'),(5204706,'GO','Campinorte','S','N','2016-08-12'),(5204805,'GO','Campo Alegre de Goi�s','S','N','2016-08-12'),(5204854,'GO','Campo Limpo de Goi�s','S','N','2016-08-12'),(5204904,'GO','Campos Belos','S','N','2016-08-12'),(5204953,'GO','Campos Verdes','S','N','2016-08-12'),(5205000,'GO','Carmo do Rio Verde','S','N','2016-08-12'),(5205059,'GO','Castel�ndia','S','N','2016-08-12'),(5205109,'GO','Catal�o','S','N','2016-08-12'),(5205208,'GO','Catura�','S','N','2016-08-12'),(5205307,'GO','Cavalcante','S','N','2016-08-12'),(5205406,'GO','Ceres','S','N','2016-08-12'),(5205455,'GO','Cezarina','S','N','2016-08-12'),(5205471,'GO','Chapad�o do C�u','S','N','2016-08-12'),(5205497,'GO','Cidade Ocidental','S','N','2016-08-12'),(5205513,'GO','Cocalzinho de Goi�s','S','N','2016-08-12'),(5205521,'GO','Colinas do Sul','S','N','2016-08-12'),(5205703,'GO','C�rrego do Ouro','S','N','2016-08-12'),(5205802,'GO','Corumb� de Goi�s','S','N','2016-08-12'),(5205901,'GO','Corumba�ba','S','N','2016-08-12'),(5206206,'GO','Cristalina','S','N','2016-08-12'),(5206305,'GO','Cristian�polis','S','N','2016-08-12'),(5206404,'GO','Crix�s','S','N','2016-08-12'),(5206503,'GO','Crom�nia','S','N','2016-08-12'),(5206602,'GO','Cumari','S','N','2016-08-12'),(5206701,'GO','Damian�polis','S','N','2016-08-12'),(5206800,'GO','Damol�ndia','S','N','2016-08-12'),(5206909,'GO','Davin�polis','S','N','2016-08-12'),(5207105,'GO','Diorama','S','N','2016-08-12'),(5207253,'GO','Doverl�ndia','S','N','2016-08-12'),(5207352,'GO','Edealina','S','N','2016-08-12'),(5207402,'GO','Ed�ia','S','N','2016-08-12'),(5207501,'GO','Estrela do Norte','S','N','2016-08-12'),(5207535,'GO','Faina','S','N','2016-08-12'),(5207600,'GO','Fazenda Nova','S','N','2016-08-12'),(5207808,'GO','Firmin�polis','S','N','2016-08-12'),(5207907,'GO','Flores de Goi�s','S','N','2016-08-12'),(5208004,'GO','Formosa','S','N','2016-08-12'),(5208103,'GO','Formoso','S','N','2016-08-12'),(5208152,'GO','Gameleira de Goi�s','S','N','2016-08-12'),(5208301,'GO','Divin�polis de Goi�s','S','N','2016-08-12'),(5208400,'GO','Goian�polis','S','N','2016-08-12'),(5208509,'GO','Goiandira','S','N','2016-08-12'),(5208608,'GO','Goian�sia','S','N','2016-08-12'),(5208707,'GO','Goi�nia','S','S','2016-08-12'),(5208806,'GO','Goianira','S','N','2016-08-12'),(5208905,'GO','Goi�s','S','N','2016-08-12'),(5209101,'GO','Goiatuba','S','N','2016-08-12'),(5209150,'GO','Gouvel�ndia','S','N','2016-08-12'),(5209200,'GO','Guap�','S','N','2016-08-12'),(5209291,'GO','Guara�ta','S','N','2016-08-12'),(5209408,'GO','Guarani de Goi�s','S','N','2016-08-12'),(5209457,'GO','Guarinos','S','N','2016-08-12'),(5209606,'GO','Heitora�','S','N','2016-08-12'),(5209705,'GO','Hidrol�ndia','S','N','2016-08-12'),(5209804,'GO','Hidrolina','S','N','2016-08-12'),(5209903,'GO','Iaciara','S','N','2016-08-12'),(5209937,'GO','Inaciol�ndia','S','N','2016-08-12'),(5209952,'GO','Indiara','S','N','2016-08-12'),(5210000,'GO','Inhumas','S','N','2016-08-12'),(5210109,'GO','Ipameri','S','N','2016-08-12'),(5210158,'GO','Ipiranga de Goi�s','S','N','2016-08-12'),(5210208,'GO','Ipor�','S','N','2016-08-12'),(5210307,'GO','Israel�ndia','S','N','2016-08-12'),(5210406,'GO','Itabera�','S','N','2016-08-12'),(5210562,'GO','Itaguari','S','N','2016-08-12'),(5210604,'GO','Itaguaru','S','N','2016-08-12'),(5210802,'GO','Itaj�','S','N','2016-08-12'),(5210901,'GO','Itapaci','S','N','2016-08-12'),(5211008,'GO','Itapirapu�','S','N','2016-08-12'),(5211206,'GO','Itapuranga','S','N','2016-08-12'),(5211305,'GO','Itarum�','S','N','2016-08-12'),(5211404,'GO','Itau�u','S','N','2016-08-12'),(5211503,'GO','Itumbiara','S','N','2016-08-12'),(5211602,'GO','Ivol�ndia','S','N','2016-08-12'),(5211701,'GO','Jandaia','S','N','2016-08-12'),(5211800,'GO','Jaragu�','S','N','2016-08-12'),(5211909,'GO','Jata�','S','N','2016-08-12'),(5212006,'GO','Jaupaci','S','N','2016-08-12'),(5212055,'GO','Jes�polis','S','N','2016-08-12'),(5212105,'GO','Jovi�nia','S','N','2016-08-12'),(5212204,'GO','Jussara','S','N','2016-08-12'),(5212253,'GO','Lagoa Santa','S','N','2016-08-12'),(5212303,'GO','Leopoldo de Bulh�es','S','N','2016-08-12'),(5212501,'GO','Luzi�nia','S','N','2016-08-12'),(5212600,'GO','Mairipotaba','S','N','2016-08-12'),(5212709,'GO','Mamba�','S','N','2016-08-12'),(5212808,'GO','Mara Rosa','S','N','2016-08-12'),(5212907,'GO','Marzag�o','S','N','2016-08-12'),(5212956,'GO','Matrinch�','S','N','2016-08-12'),(5213004,'GO','Mauril�ndia','S','N','2016-08-12'),(5213053,'GO','Mimoso de Goi�s','S','N','2016-08-12'),(5213087,'GO','Mina�u','S','N','2016-08-12'),(5213103,'GO','Mineiros','S','N','2016-08-12'),(5213400,'GO','Moipor�','S','N','2016-08-12'),(5213509,'GO','Monte Alegre de Goi�s','S','N','2016-08-12'),(5213707,'GO','Montes Claros de Goi�s','S','N','2016-08-12'),(5213756,'GO','Montividiu','S','N','2016-08-12'),(5213772,'GO','Montividiu do Norte','S','N','2016-08-12'),(5213806,'GO','Morrinhos','S','N','2016-08-12'),(5213855,'GO','Morro Agudo de Goi�s','S','N','2016-08-12'),(5213905,'GO','Moss�medes','S','N','2016-08-12'),(5214002,'GO','Mozarl�ndia','S','N','2016-08-12'),(5214051,'GO','Mundo Novo','S','N','2016-08-12'),(5214101,'GO','Mutun�polis','S','N','2016-08-12'),(5214408,'GO','Naz�rio','S','N','2016-08-12'),(5214507,'GO','Ner�polis','S','N','2016-08-12'),(5214606,'GO','Niquel�ndia','S','N','2016-08-12'),(5214705,'GO','Nova Am�rica','S','N','2016-08-12'),(5214804,'GO','Nova Aurora','S','N','2016-08-12'),(5214838,'GO','Nova Crix�s','S','N','2016-08-12'),(5214861,'GO','Nova Gl�ria','S','N','2016-08-12'),(5214879,'GO','Nova Igua�u de Goi�s','S','N','2016-08-12'),(5214903,'GO','Nova Roma','S','N','2016-08-12'),(5215009,'GO','Nova Veneza','S','N','2016-08-12'),(5215207,'GO','Novo Brasil','S','N','2016-08-12'),(5215231,'GO','Novo Gama','S','N','2016-08-12'),(5215256,'GO','Novo Planalto','S','N','2016-08-12'),(5215306,'GO','Orizona','S','N','2016-08-12'),(5215405,'GO','Ouro Verde de Goi�s','S','N','2016-08-12'),(5215504,'GO','Ouvidor','S','N','2016-08-12'),(5215603,'GO','Padre Bernardo','S','N','2016-08-12'),(5215652,'GO','Palestina de Goi�s','S','N','2016-08-12'),(5215702,'GO','Palmeiras de Goi�s','S','N','2016-08-12'),(5215801,'GO','Palmelo','S','N','2016-08-12'),(5215900,'GO','Palmin�polis','S','N','2016-08-12'),(5216007,'GO','Panam�','S','N','2016-08-12'),(5216304,'GO','Paranaiguara','S','N','2016-08-12'),(5216403,'GO','Para�na','S','N','2016-08-12'),(5216452,'GO','Perol�ndia','S','N','2016-08-12'),(5216809,'GO','Petrolina de Goi�s','S','N','2016-08-12'),(5216908,'GO','Pilar de Goi�s','S','N','2016-08-12'),(5217104,'GO','Piracanjuba','S','N','2016-08-12'),(5217203,'GO','Piranhas','S','N','2016-08-12'),(5217302,'GO','Piren�polis','S','N','2016-08-12'),(5217401,'GO','Pires do Rio','S','N','2016-08-12'),(5217609,'GO','Planaltina','S','N','2016-08-12'),(5217708,'GO','Pontalina','S','N','2016-08-12'),(5218003,'GO','Porangatu','S','N','2016-08-12'),(5218052,'GO','Porteir�o','S','N','2016-08-12'),(5218102,'GO','Portel�ndia','S','N','2016-08-12'),(5218300,'GO','Posse','S','N','2016-08-12'),(5218391,'GO','Professor Jamil','S','N','2016-08-12'),(5218508,'GO','Quirin�polis','S','N','2016-08-12'),(5218607,'GO','Rialma','S','N','2016-08-12'),(5218706,'GO','Rian�polis','S','N','2016-08-12'),(5218789,'GO','Rio Quente','S','N','2016-08-12'),(5218805,'GO','Rio Verde','S','N','2016-08-12'),(5218904,'GO','Rubiataba','S','N','2016-08-12'),(5219001,'GO','Sanclerl�ndia','S','N','2016-08-12'),(5219100,'GO','Santa B�rbara de Goi�s','S','N','2016-08-12'),(5219209,'GO','Santa Cruz de Goi�s','S','N','2016-08-12'),(5219258,'GO','Santa F� de Goi�s','S','N','2016-08-12'),(5219308,'GO','Santa Helena de Goi�s','S','N','2016-08-12'),(5219357,'GO','Santa Isabel','S','N','2016-08-12'),(5219407,'GO','Santa Rita do Araguaia','S','N','2016-08-12'),(5219456,'GO','Santa Rita do Novo Destino','S','N','2016-08-12'),(5219506,'GO','Santa Rosa de Goi�s','S','N','2016-08-12'),(5219605,'GO','Santa Tereza de Goi�s','S','N','2016-08-12'),(5219704,'GO','Santa Terezinha de Goi�s','S','N','2016-08-12'),(5219712,'GO','Santo Ant�nio da Barra','S','N','2016-08-12'),(5219738,'GO','Santo Ant�nio de Goi�s','S','N','2016-08-12'),(5219753,'GO','Santo Ant�nio do Descoberto','S','N','2016-08-12'),(5219803,'GO','S�o Domingos','S','N','2016-08-12'),(5219902,'GO','S�o Francisco de Goi�s','S','N','2016-08-12'),(5220009,'GO','S�o Jo�o d�Alian�a','S','N','2016-08-12'),(5220058,'GO','S�o Jo�o da Para�na','S','N','2016-08-12'),(5220108,'GO','S�o Lu�s de Montes Belos','S','N','2016-08-12'),(5220157,'GO','S�o Lu�z do Norte','S','N','2016-08-12'),(5220207,'GO','S�o Miguel do Araguaia','S','N','2016-08-12'),(5220264,'GO','S�o Miguel do Passa Quatro','S','N','2016-08-12'),(5220280,'GO','S�o Patr�cio','S','N','2016-08-12'),(5220405,'GO','S�o Sim�o','S','N','2016-08-12'),(5220454,'GO','Senador Canedo','S','N','2016-08-12'),(5220504,'GO','Serran�polis','S','N','2016-08-12'),(5220603,'GO','Silv�nia','S','N','2016-08-12'),(5220686,'GO','Simol�ndia','S','N','2016-08-12'),(5220702,'GO','S�tio d�Abadia','S','N','2016-08-12'),(5221007,'GO','Taquaral de Goi�s','S','N','2016-08-12'),(5221080,'GO','Teresina de Goi�s','S','N','2016-08-12'),(5221197,'GO','Terez�polis de Goi�s','S','N','2016-08-12'),(5221304,'GO','Tr�s Ranchos','S','N','2016-08-12'),(5221403,'GO','Trindade','S','N','2016-08-12'),(5221452,'GO','Trombas','S','N','2016-08-12'),(5221502,'GO','Turv�nia','S','N','2016-08-12'),(5221551,'GO','Turvel�ndia','S','N','2016-08-12'),(5221577,'GO','Uirapuru','S','N','2016-08-12'),(5221601,'GO','Urua�u','S','N','2016-08-12'),(5221700,'GO','Uruana','S','N','2016-08-12'),(5221809,'GO','Uruta�','S','N','2016-08-12'),(5221858,'GO','Valpara�so de Goi�s','S','N','2016-08-12'),(5221908,'GO','Varj�o','S','N','2016-08-12'),(5222005,'GO','Vian�polis','S','N','2016-08-12'),(5222054,'GO','Vicentin�polis','S','N','2016-08-12'),(5222203,'GO','Vila Boa','S','N','2016-08-12'),(5222302,'GO','Vila Prop�cio','S','N','2016-08-12'),(5300108,'DF','Bras�lia','S','S','2016-08-12');
/*!40000 ALTER TABLE `tb_aesbe_municipio` ENABLE KEYS */;
UNLOCK TABLES;

--
-- Table structure for table `tb_aesbe_perfil`
--

DROP TABLE IF EXISTS `tb_aesbe_perfil`;
/*!40101 SET @saved_cs_client     = @@character_set_client */;
/*!40101 SET character_set_client = utf8 */;
CREATE TABLE `tb_aesbe_perfil` (
  `co_perfil` int(11) NOT NULL AUTO_INCREMENT,
  `no_perfil` varchar(45) NOT NULL,
  `sg_perfil` varchar(45) NOT NULL,
  PRIMARY KEY (`co_perfil`)
) ENGINE=InnoDB AUTO_INCREMENT=3 DEFAULT CHARSET=utf8;
/*!40101 SET character_set_client = @saved_cs_client */;

--
-- Dumping data for table `tb_aesbe_perfil`
--

LOCK TABLES `tb_aesbe_perfil` WRITE;
/*!40000 ALTER TABLE `tb_aesbe_perfil` DISABLE KEYS */;
INSERT INTO `tb_aesbe_perfil` VALUES (1,'Associada','ASSO'),(2,'Administrador','Admin');
/*!40000 ALTER TABLE `tb_aesbe_perfil` ENABLE KEYS */;
UNLOCK TABLES;

--
-- Table structure for table `tb_aesbe_perfil_funcionalidade`
--

DROP TABLE IF EXISTS `tb_aesbe_perfil_funcionalidade`;
/*!40101 SET @saved_cs_client     = @@character_set_client */;
/*!40101 SET character_set_client = utf8 */;
CREATE TABLE `tb_aesbe_perfil_funcionalidade` (
  `co_perfil` int(11) NOT NULL,
  `co_funcionalidade` int(11) NOT NULL,
  PRIMARY KEY (`co_perfil`,`co_funcionalidade`),
  KEY `fk_tb_aesbe_perfil_has_tb_aesbe_funcionalidade_tb_aesbe_fun_idx` (`co_funcionalidade`),
  KEY `fk_tb_aesbe_perfil_has_tb_aesbe_funcionalidade_tb_aesbe_per_idx` (`co_perfil`),
  CONSTRAINT `fk_tb_aesbe_perfil_has_tb_aesbe_funcionalidade_tb_aesbe_funci1` FOREIGN KEY (`co_funcionalidade`) REFERENCES `tb_aesbe_funcionalidade` (`co_funcionalidade`) ON DELETE NO ACTION ON UPDATE NO ACTION,
  CONSTRAINT `fk_tb_aesbe_perfil_has_tb_aesbe_funcionalidade_tb_aesbe_perfil1` FOREIGN KEY (`co_perfil`) REFERENCES `tb_aesbe_perfil` (`co_perfil`) ON DELETE NO ACTION ON UPDATE NO ACTION
) ENGINE=InnoDB DEFAULT CHARSET=utf8;
/*!40101 SET character_set_client = @saved_cs_client */;

--
-- Dumping data for table `tb_aesbe_perfil_funcionalidade`
--

LOCK TABLES `tb_aesbe_perfil_funcionalidade` WRITE;
/*!40000 ALTER TABLE `tb_aesbe_perfil_funcionalidade` DISABLE KEYS */;
INSERT INTO `tb_aesbe_perfil_funcionalidade` VALUES (1,1),(1,2),(1,3),(1,4),(1,5);
/*!40000 ALTER TABLE `tb_aesbe_perfil_funcionalidade` ENABLE KEYS */;
UNLOCK TABLES;

--
-- Table structure for table `tb_aesbe_perfil_oauth_users`
--

DROP TABLE IF EXISTS `tb_aesbe_perfil_oauth_users`;
/*!40101 SET @saved_cs_client     = @@character_set_client */;
/*!40101 SET character_set_client = utf8 */;
CREATE TABLE `tb_aesbe_perfil_oauth_users` (
  `co_perfil` int(11) NOT NULL,
  `co_usuario` int(11) NOT NULL,
  PRIMARY KEY (`co_perfil`,`co_usuario`),
  KEY `fk_tb_aesbe_perfil_has_oauth_users_oauth_users1_idx` (`co_usuario`),
  KEY `fk_tb_aesbe_perfil_has_oauth_users_tb_aesbe_perfil1_idx` (`co_perfil`),
  CONSTRAINT `fk_tb_aesbe_perfil_has_oauth_users_oauth_users1` FOREIGN KEY (`co_usuario`) REFERENCES `oauth_users` (`co_usuario`) ON DELETE NO ACTION ON UPDATE NO ACTION,
  CONSTRAINT `fk_tb_aesbe_perfil_has_oauth_users_tb_aesbe_perfil1` FOREIGN KEY (`co_perfil`) REFERENCES `tb_aesbe_perfil` (`co_perfil`) ON DELETE NO ACTION ON UPDATE NO ACTION
) ENGINE=InnoDB DEFAULT CHARSET=utf8;
/*!40101 SET character_set_client = @saved_cs_client */;

--
-- Dumping data for table `tb_aesbe_perfil_oauth_users`
--

LOCK TABLES `tb_aesbe_perfil_oauth_users` WRITE;
/*!40000 ALTER TABLE `tb_aesbe_perfil_oauth_users` DISABLE KEYS */;
INSERT INTO `tb_aesbe_perfil_oauth_users` VALUES (1,1),(1,2),(1,3),(1,4),(1,5);
/*!40000 ALTER TABLE `tb_aesbe_perfil_oauth_users` ENABLE KEYS */;
UNLOCK TABLES;

--
-- Table structure for table `tb_aesbe_pessoa_fisica`
--

DROP TABLE IF EXISTS `tb_aesbe_pessoa_fisica`;
/*!40101 SET @saved_cs_client     = @@character_set_client */;
/*!40101 SET character_set_client = utf8 */;
CREATE TABLE `tb_aesbe_pessoa_fisica` (
  `co_pessoa` int(11) NOT NULL AUTO_INCREMENT,
  `no_pessoa` varchar(100) NOT NULL,
  `ds_email` varchar(100) NOT NULL,
  `ds_email_secundario` varchar(100) DEFAULT NULL,
  `nu_tel_residencial` varchar(10) DEFAULT NULL,
  `nu_tel_comercial` varchar(10) DEFAULT NULL,
  `nu_celular` varchar(10) DEFAULT NULL,
  `st_presidente` tinyint(1) NOT NULL DEFAULT '0',
  `nu_cep` varchar(10) DEFAULT NULL,
  `ds_logradouro` varchar(100) DEFAULT NULL,
  `no_bairro` varchar(100) DEFAULT NULL,
  `nu_logradouro` varchar(10) DEFAULT NULL,
  `ds_complemento` varchar(30) DEFAULT NULL,
  `st_ativo` tinyint(1) NOT NULL,
  `co_uf` int(11) DEFAULT NULL,
  `co_empresa` int(11) NOT NULL,
  `no_cidade` varchar(45) DEFAULT NULL,
  `co_municipio` int(11) DEFAULT NULL,
  PRIMARY KEY (`co_pessoa`),
  KEY `fk_tb_pessoa_fisica_tb_aesbe_uf1_idx` (`co_uf`),
  KEY `fk_tb_aesbe_pessoa_fisica_tb_aesbe_empresa1_idx` (`co_empresa`),
  KEY `fk_tb_aesbe_pessoa_fisica_tb_aesbe_municipio1_idx` (`co_municipio`),
  CONSTRAINT `fk_tb_aesbe_pessoa_fisica_tb_aesbe_empresa1` FOREIGN KEY (`co_empresa`) REFERENCES `tb_aesbe_empresa` (`co_empresa`) ON DELETE NO ACTION ON UPDATE NO ACTION,
  CONSTRAINT `fk_tb_aesbe_pessoa_fisica_tb_aesbe_municipio1` FOREIGN KEY (`co_municipio`) REFERENCES `tb_aesbe_municipio` (`co_municipio`) ON DELETE NO ACTION ON UPDATE NO ACTION,
  CONSTRAINT `fk_tb_pessoa_fisica_tb_aesbe_uf1` FOREIGN KEY (`co_uf`) REFERENCES `tb_aesbe_uf` (`co_uf`) ON DELETE NO ACTION ON UPDATE NO ACTION
) ENGINE=InnoDB AUTO_INCREMENT=16 DEFAULT CHARSET=utf8;
/*!40101 SET character_set_client = @saved_cs_client */;

--
-- Dumping data for table `tb_aesbe_pessoa_fisica`
--

LOCK TABLES `tb_aesbe_pessoa_fisica` WRITE;
/*!40000 ALTER TABLE `tb_aesbe_pessoa_fisica` DISABLE KEYS */;
INSERT INTO `tb_aesbe_pessoa_fisica` VALUES (13,'teste','teste@gmail.com',NULL,NULL,NULL,NULL,0,NULL,NULL,NULL,NULL,NULL,1,NULL,20,NULL,NULL),(14,'luzia','luzia@gmail.com',NULL,NULL,NULL,NULL,0,NULL,NULL,NULL,NULL,NULL,1,NULL,22,NULL,NULL),(15,'maria','maria@gmail.com',NULL,NULL,NULL,NULL,0,NULL,NULL,NULL,NULL,NULL,1,NULL,6,NULL,NULL);
/*!40000 ALTER TABLE `tb_aesbe_pessoa_fisica` ENABLE KEYS */;
UNLOCK TABLES;

--
-- Table structure for table `tb_aesbe_proposta`
--

DROP TABLE IF EXISTS `tb_aesbe_proposta`;
/*!40101 SET @saved_cs_client     = @@character_set_client */;
/*!40101 SET character_set_client = utf8 */;
CREATE TABLE `tb_aesbe_proposta` (
  `co_proposta` int(11) NOT NULL AUTO_INCREMENT,
  `dt_proposta` datetime NOT NULL,
  `co_empresa` int(11) NOT NULL,
  PRIMARY KEY (`co_proposta`),
  KEY `fk_tb_aesbe_proposta_tb_aesbe_empresa1_idx` (`co_empresa`),
  CONSTRAINT `fk_tb_aesbe_proposta_tb_aesbe_empresa1` FOREIGN KEY (`co_empresa`) REFERENCES `tb_aesbe_empresa` (`co_empresa`) ON DELETE NO ACTION ON UPDATE NO ACTION
) ENGINE=InnoDB AUTO_INCREMENT=16 DEFAULT CHARSET=utf8;
/*!40101 SET character_set_client = @saved_cs_client */;

--
-- Dumping data for table `tb_aesbe_proposta`
--

LOCK TABLES `tb_aesbe_proposta` WRITE;
/*!40000 ALTER TABLE `tb_aesbe_proposta` DISABLE KEYS */;
INSERT INTO `tb_aesbe_proposta` VALUES (6,'2016-07-16 23:04:34',12),(7,'2016-07-26 00:52:00',13),(8,'2016-07-29 01:11:49',15),(9,'2016-08-08 04:17:08',7),(11,'2016-08-08 19:46:52',17),(13,'2016-08-08 20:04:38',10),(14,'2016-08-08 20:12:12',22),(15,'2016-08-08 22:06:29',6);
/*!40000 ALTER TABLE `tb_aesbe_proposta` ENABLE KEYS */;
UNLOCK TABLES;

--
-- Table structure for table `tb_aesbe_proposta_dados`
--

DROP TABLE IF EXISTS `tb_aesbe_proposta_dados`;
/*!40101 SET @saved_cs_client     = @@character_set_client */;
/*!40101 SET character_set_client = utf8 */;
CREATE TABLE `tb_aesbe_proposta_dados` (
  `co_proposta_dados` int(11) NOT NULL AUTO_INCREMENT,
  `dt_informacao` date NOT NULL,
  `vl_icms` double NOT NULL,
  `vl_ipi` double NOT NULL,
  `st_fob_cif` varchar(10) NOT NULL,
  `st_condicao_fornecimento` varchar(45) NOT NULL,
  `dt_proposta` date NOT NULL,
  `dt_contratacao` date NOT NULL,
  `qt_produto` int(11) NOT NULL,
  `dt_vigencia_contrato` date NOT NULL,
  `st_proposta` varchar(45) NOT NULL COMMENT '[original;nova]\n',
  `vl_com_imposto` double NOT NULL,
  `nu_contrato` int(11) NOT NULL,
  `nu_ata` double NOT NULL,
  `qt_dias_pagamento` int(11) NOT NULL,
  `tp_inspecao` varchar(45) NOT NULL,
  `st_nivel_atendimento` varchar(45) NOT NULL,
  `co_proposta` int(11) NOT NULL,
  `co_modalidade` int(11) NOT NULL,
  `co_material` int(11) NOT NULL,
  `st_especificacao_padrao` char(1) NOT NULL,
  `co_fornecedor` int(11) NOT NULL,
  `ds_observacao` varchar(100) DEFAULT NULL,
  `vl_iss` double DEFAULT NULL,
  PRIMARY KEY (`co_proposta_dados`),
  KEY `fk_tb_aesbe_proposta_dados_tb_aesbe_proposta1_idx` (`co_proposta`),
  KEY `fk_tb_aesbe_proposta_dados_tb_aesbe_modalidade_licitacao1_idx` (`co_modalidade`),
  KEY `fk_tb_aesbe_proposta_dados_tb_aesbe_material1_idx` (`co_material`),
  KEY `fk_tb_aesbe_proposta_dados_tb_aesbe_fornecedor1_idx` (`co_fornecedor`),
  CONSTRAINT `fk_tb_aesbe_proposta_dados_tb_aesbe_fornecedor1` FOREIGN KEY (`co_fornecedor`) REFERENCES `tb_aesbe_fornecedor` (`co_fornecedor`) ON DELETE NO ACTION ON UPDATE NO ACTION,
  CONSTRAINT `fk_tb_aesbe_proposta_dados_tb_aesbe_material1` FOREIGN KEY (`co_material`) REFERENCES `tb_aesbe_material` (`co_material`) ON DELETE NO ACTION ON UPDATE NO ACTION,
  CONSTRAINT `fk_tb_aesbe_proposta_dados_tb_aesbe_modalidade_licitacao1` FOREIGN KEY (`co_modalidade`) REFERENCES `tb_aesbe_modalidade_licitacao` (`co_modalidade`) ON DELETE NO ACTION ON UPDATE NO ACTION,
  CONSTRAINT `fk_tb_aesbe_proposta_dados_tb_aesbe_proposta1` FOREIGN KEY (`co_proposta`) REFERENCES `tb_aesbe_proposta` (`co_proposta`) ON DELETE NO ACTION ON UPDATE NO ACTION
) ENGINE=InnoDB AUTO_INCREMENT=628 DEFAULT CHARSET=utf8;
/*!40101 SET character_set_client = @saved_cs_client */;

--
-- Dumping data for table `tb_aesbe_proposta_dados`
--

LOCK TABLES `tb_aesbe_proposta_dados` WRITE;
/*!40000 ALTER TABLE `tb_aesbe_proposta_dados` DISABLE KEYS */;
INSERT INTO `tb_aesbe_proposta_dados` VALUES (1,'2016-07-25',15,5,'FOB','PARCELADO','2015-05-26','2015-06-30',2356,'2019-09-01','NOVA',223.56,123,123,30,'RECEBIMENTO','VERDE',6,1,44,'S',5,'',10),(2,'2016-07-25',16,6,'FOB','PARCELADO','2015-05-27','2015-07-01',2357,'2019-09-02','NOVA',224.56,124,124,31,'RECEBIMENTO','VERDE',6,1,45,'S',5,'',11),(3,'2016-07-25',17,7,'FOB','PARCELADO','2015-05-28','2015-07-02',2358,'2019-09-03','NOVA',225.56,125,125,32,'RECEBIMENTO','VERDE',6,1,46,'S',5,'',12),(4,'2016-07-25',18,8,'FOB','PARCELADO','2015-05-29','2015-07-03',2359,'2019-09-04','NOVA',226.56,126,126,33,'RECEBIMENTO','VERDE',6,1,48,'S',5,'',13),(5,'2016-07-25',19,9,'FOB','PARCELADO','2015-05-30','2015-07-04',2360,'2019-09-05','NOVA',227.56,127,127,34,'RECEBIMENTO','VERDE',6,1,49,'S',5,'',14),(6,'2016-07-25',20,10,'FOB','PARCELADO','2015-05-31','2015-07-05',2361,'2019-09-06','NOVA',228.56,128,128,35,'RECEBIMENTO','VERDE',6,1,50,'S',5,'',15),(7,'2016-07-25',21,11,'FOB','PARCELADO','2015-06-01','2015-07-06',2362,'2019-09-07','NOVA',229.56,129,129,36,'RECEBIMENTO','VERDE',6,1,51,'S',5,'',16),(8,'2016-07-25',22,12,'FOB','PARCELADO','2015-06-02','2015-07-07',2363,'2019-09-08','NOVA',230.56,130,130,37,'RECEBIMENTO','VERDE',6,1,52,'S',5,'',17),(9,'2016-07-25',23,13,'FOB','PARCELADO','2015-06-03','2015-07-08',2364,'2019-09-09','NOVA',231.56,131,131,38,'RECEBIMENTO','VERDE',6,1,53,'S',5,'',18),(10,'2016-07-25',24,14,'FOB','PARCELADO','2015-06-04','2015-07-09',2365,'2019-09-10','NOVA',232.56,132,132,39,'RECEBIMENTO','VERDE',6,1,54,'S',5,'',19),(11,'2016-07-25',25,15,'FOB','PARCELADO','2015-06-05','2015-07-10',2366,'2019-09-11','NOVA',233.56,133,133,40,'RECEBIMENTO','VERDE',6,1,55,'S',5,'',20),(12,'2016-07-25',26,16,'FOB','PARCELADO','2015-06-06','2015-07-11',2367,'2019-09-12','NOVA',234.56,134,134,41,'RECEBIMENTO','VERDE',6,1,56,'S',5,'',21),(13,'2016-07-25',27,17,'FOB','PARCELADO','2015-06-07','2015-07-12',2368,'2019-09-13','NOVA',235.56,135,135,42,'RECEBIMENTO','VERDE',6,1,58,'S',5,'',22),(14,'2016-07-25',28,18,'FOB','PARCELADO','2015-06-08','2015-07-13',2369,'2019-09-14','NOVA',236.56,136,136,43,'RECEBIMENTO','VERDE',6,1,59,'S',5,'',23),(15,'2016-07-25',29,19,'FOB','PARCELADO','2015-06-09','2015-07-14',2370,'2019-09-15','NOVA',237.56,137,137,44,'RECEBIMENTO','VERDE',6,1,60,'S',5,'',24),(16,'2016-07-25',30,20,'FOB','PARCELADO','2015-06-10','2015-07-15',2371,'2019-09-16','NOVA',238.56,138,138,45,'RECEBIMENTO','VERDE',6,1,61,'S',5,'',25),(17,'2016-07-25',31,21,'FOB','PARCELADO','2015-06-11','2015-07-16',2372,'2019-09-17','NOVA',239.56,139,139,46,'RECEBIMENTO','VERDE',6,1,62,'S',5,'',26),(18,'2016-07-25',32,22,'FOB','PARCELADO','2015-06-12','2015-07-17',2373,'2019-09-18','NOVA',240.56,140,140,47,'RECEBIMENTO','VERDE',6,1,63,'S',5,'',27),(19,'2016-07-25',33,23,'FOB','PARCELADO','2015-06-13','2015-07-18',2374,'2019-09-19','NOVA',241.56,141,141,48,'RECEBIMENTO','VERDE',6,1,64,'S',5,'',28),(20,'2016-07-25',34,24,'FOB','PARCELADO','2015-06-14','2015-07-19',2375,'2019-09-20','NOVA',242.56,142,142,49,'RECEBIMENTO','VERDE',6,1,65,'S',5,'',29),(21,'2016-07-25',35,25,'FOB','PARCELADO','2015-06-15','2015-07-20',2376,'2019-09-21','NOVA',243.56,143,143,50,'RECEBIMENTO','VERDE',6,1,66,'S',5,'',30),(22,'2016-07-25',36,26,'FOB','PARCELADO','2015-06-16','2015-07-21',2377,'2019-09-22','NOVA',244.56,144,144,51,'RECEBIMENTO','VERDE',6,1,67,'S',5,'',31),(23,'2016-07-25',37,27,'FOB','PARCELADO','2015-06-17','2015-07-22',2378,'2019-09-23','NOVA',245.56,145,145,52,'RECEBIMENTO','VERDE',6,1,68,'S',5,'',32),(24,'2016-07-25',38,28,'FOB','PARCELADO','2015-06-18','2015-07-23',2379,'2019-09-24','NOVA',246.56,146,146,53,'RECEBIMENTO','VERDE',6,1,69,'S',5,'',33),(25,'2016-07-25',39,29,'FOB','PARCELADO','2015-06-19','2015-07-24',2380,'2019-09-25','NOVA',247.56,147,147,54,'RECEBIMENTO','VERDE',6,1,70,'S',5,'',34),(26,'2016-07-25',40,30,'FOB','PARCELADO','2015-06-20','2015-07-25',2381,'2019-09-26','NOVA',248.56,148,148,55,'RECEBIMENTO','VERDE',6,1,71,'S',5,'',35),(27,'2016-07-25',41,31,'FOB','PARCELADO','2015-06-21','2015-07-26',2382,'2019-09-27','NOVA',249.56,149,149,56,'RECEBIMENTO','VERDE',6,1,72,'S',5,'',36),(28,'2016-07-25',42,32,'FOB','PARCELADO','2015-06-22','2015-07-27',2383,'2019-09-28','NOVA',250.56,150,150,57,'RECEBIMENTO','VERDE',6,1,73,'S',5,'',37),(29,'2016-07-25',43,33,'FOB','PARCELADO','2015-06-23','2015-07-28',2384,'2019-09-29','NOVA',251.56,151,151,58,'RECEBIMENTO','VERDE',6,1,74,'S',5,'',38),(30,'2016-07-25',44,34,'FOB','PARCELADO','2015-06-24','2015-07-29',2385,'2019-09-30','NOVA',252.56,152,152,59,'RECEBIMENTO','VERDE',6,1,75,'S',5,'',39),(31,'2016-07-25',45,35,'FOB','PARCELADO','2015-06-25','2015-07-30',2386,'2019-10-01','NOVA',253.56,153,153,60,'RECEBIMENTO','VERDE',6,1,21,'S',5,'',40),(32,'2016-07-25',46,36,'FOB','PARCELADO','2015-06-26','2015-07-31',2387,'2019-10-02','NOVA',254.56,154,154,61,'RECEBIMENTO','VERDE',6,1,22,'S',5,'',41),(33,'2016-07-25',47,37,'FOB','PARCELADO','2015-06-27','2015-08-01',2388,'2019-10-03','NOVA',255.56,155,155,62,'RECEBIMENTO','VERDE',6,1,23,'S',5,'',42),(34,'2016-07-25',48,38,'FOB','PARCELADO','2015-06-28','2015-08-02',2389,'2019-10-04','NOVA',256.56,156,156,63,'RECEBIMENTO','VERDE',6,1,24,'S',5,'',43),(35,'2016-07-25',49,39,'FOB','PARCELADO','2015-06-29','2015-08-03',2390,'2019-10-05','NOVA',257.56,157,157,64,'RECEBIMENTO','VERDE',6,1,25,'S',5,'',44),(36,'2016-07-25',50,40,'FOB','PARCELADO','2015-06-30','2015-08-04',2391,'2019-10-06','NOVA',258.56,158,158,65,'RECEBIMENTO','VERDE',6,1,26,'S',5,'',45),(37,'2016-07-25',51,41,'FOB','PARCELADO','2015-07-01','2015-08-05',2392,'2019-10-07','NOVA',259.56,159,159,66,'RECEBIMENTO','VERDE',6,1,27,'S',5,'',46),(38,'2016-07-25',52,42,'FOB','PARCELADO','2015-07-02','2015-08-06',2393,'2019-10-08','NOVA',260.56,160,160,67,'RECEBIMENTO','VERDE',6,1,28,'S',5,'',47),(39,'2016-07-25',53,43,'FOB','PARCELADO','2015-07-03','2015-08-07',2394,'2019-10-09','NOVA',261.56,161,161,68,'RECEBIMENTO','VERDE',6,1,29,'S',5,'',48),(40,'2016-07-25',54,44,'FOB','PARCELADO','2015-07-04','2015-08-08',2395,'2019-10-10','NOVA',262.56,162,162,69,'RECEBIMENTO','VERDE',6,1,30,'S',5,'',49),(41,'2016-07-25',55,45,'FOB','PARCELADO','2015-07-05','2015-08-09',2396,'2019-10-11','NOVA',263.56,163,163,70,'RECEBIMENTO','VERDE',6,1,31,'S',5,'',50),(42,'2016-07-25',56,46,'FOB','PARCELADO','2015-07-06','2015-08-10',2397,'2019-10-12','NOVA',264.56,164,164,71,'RECEBIMENTO','VERDE',6,1,32,'S',5,'',51),(43,'2016-07-25',57,47,'FOB','PARCELADO','2015-07-07','2015-08-11',2398,'2019-10-13','NOVA',265.56,165,165,72,'RECEBIMENTO','VERDE',6,1,33,'S',5,'',52),(44,'2016-07-25',58,48,'FOB','PARCELADO','2015-07-08','2015-08-12',2399,'2019-10-14','NOVA',266.56,166,166,73,'RECEBIMENTO','VERDE',6,1,34,'S',5,'',53),(45,'2016-07-25',59,49,'FOB','PARCELADO','2015-07-09','2015-08-13',2400,'2019-10-15','NOVA',267.56,167,167,74,'RECEBIMENTO','VERDE',6,1,35,'S',5,'',54),(46,'2016-07-25',60,50,'FOB','PARCELADO','2015-07-10','2015-08-14',2401,'2019-10-16','NOVA',268.56,168,168,75,'RECEBIMENTO','VERDE',6,1,36,'S',5,'',55),(47,'2016-07-25',61,51,'FOB','PARCELADO','2015-07-11','2015-08-15',2402,'2019-10-17','NOVA',269.56,169,169,76,'RECEBIMENTO','VERDE',6,1,37,'S',5,'',56),(48,'2016-07-25',62,52,'FOB','PARCELADO','2015-07-12','2015-08-16',2403,'2019-10-18','NOVA',270.56,170,170,77,'RECEBIMENTO','VERDE',6,1,38,'S',5,'',57),(49,'2016-07-25',63,53,'FOB','PARCELADO','2015-07-13','2015-08-17',2404,'2019-10-19','NOVA',271.56,171,171,78,'RECEBIMENTO','VERDE',6,1,39,'S',5,'',58),(50,'2016-07-25',64,54,'FOB','PARCELADO','2015-07-14','2015-08-18',2405,'2019-10-20','NOVA',272.56,172,172,79,'RECEBIMENTO','VERDE',6,1,40,'S',5,'',59),(51,'2016-07-25',65,55,'FOB','PARCELADO','2015-07-15','2015-08-19',2406,'2019-10-21','NOVA',273.56,173,173,80,'RECEBIMENTO','VERDE',6,1,41,'S',5,'',60),(52,'2016-07-25',66,56,'FOB','PARCELADO','2015-07-16','2015-08-20',2407,'2019-10-22','NOVA',274.56,174,174,81,'RECEBIMENTO','VERDE',6,1,42,'S',5,'',61),(53,'2016-07-25',67,57,'FOB','PARCELADO','2015-07-17','2015-08-21',2408,'2019-10-23','NOVA',275.56,175,175,82,'RECEBIMENTO','VERDE',6,1,43,'S',5,'',62),(54,'2016-07-25',68,58,'FOB','PARCELADO','2015-07-18','2015-08-22',2409,'2019-10-24','NOVA',276.56,176,176,83,'RECEBIMENTO','VERDE',6,1,57,'S',5,'',63),(55,'2016-07-25',69,59,'FOB','PARCELADO','2015-07-19','2015-08-23',2410,'2019-10-25','NOVA',277.56,177,177,84,'RECEBIMENTO','VERDE',6,1,78,'S',5,'',64),(56,'2016-07-25',70,60,'FOB','PARCELADO','2015-07-20','2015-08-24',2411,'2019-10-26','NOVA',278.56,178,178,85,'RECEBIMENTO','VERDE',6,1,110,'S',5,'',65),(57,'2016-07-25',71,61,'FOB','PARCELADO','2015-07-21','2015-08-25',2412,'2019-10-27','NOVA',279.56,179,179,86,'RECEBIMENTO','VERDE',6,1,103,'S',5,'',66),(58,'2016-07-25',72,62,'FOB','PARCELADO','2015-07-22','2015-08-26',2413,'2019-10-28','NOVA',280.56,180,180,87,'RECEBIMENTO','VERDE',6,1,79,'S',5,'',67),(59,'2016-07-25',73,63,'FOB','PARCELADO','2015-07-23','2015-08-27',2414,'2019-10-29','NOVA',281.56,181,181,88,'RECEBIMENTO','VERDE',6,1,81,'S',5,'',68),(60,'2016-07-25',74,64,'FOB','PARCELADO','2015-07-24','2015-08-28',2415,'2019-10-30','NOVA',282.56,182,182,89,'RECEBIMENTO','VERDE',6,1,82,'S',5,'',69),(61,'2016-07-25',75,65,'FOB','PARCELADO','2015-07-25','2015-08-29',2416,'2019-10-31','NOVA',283.56,183,183,90,'RECEBIMENTO','VERDE',6,1,83,'S',5,'',70),(62,'2016-07-25',76,66,'FOB','PARCELADO','2015-07-26','2015-08-30',2417,'2019-11-01','NOVA',284.56,184,184,91,'RECEBIMENTO','VERDE',6,1,84,'S',5,'',71),(63,'2016-07-25',77,67,'FOB','PARCELADO','2015-07-27','2015-08-31',2418,'2019-11-02','NOVA',285.56,185,185,92,'RECEBIMENTO','VERDE',6,1,85,'S',5,'',72),(64,'2016-07-25',78,68,'FOB','PARCELADO','2015-07-28','2015-09-01',2419,'2019-11-03','NOVA',286.56,186,186,93,'RECEBIMENTO','VERDE',6,1,86,'S',5,'',73),(65,'2016-07-25',79,69,'FOB','PARCELADO','2015-07-29','2015-09-02',2420,'2019-11-04','NOVA',287.56,187,187,94,'RECEBIMENTO','VERDE',6,1,87,'S',5,'',74),(66,'2016-07-25',80,70,'FOB','PARCELADO','2015-07-30','2015-09-03',2421,'2019-11-05','NOVA',288.56,188,188,95,'RECEBIMENTO','VERDE',6,1,89,'S',5,'',75),(67,'2016-07-25',81,71,'FOB','PARCELADO','2015-07-31','2015-09-04',2422,'2019-11-06','NOVA',289.56,189,189,96,'RECEBIMENTO','VERDE',6,1,91,'S',5,'',76),(68,'2016-07-25',82,72,'FOB','PARCELADO','2015-08-01','2015-09-05',2423,'2019-11-07','NOVA',290.56,190,190,97,'RECEBIMENTO','VERDE',6,1,93,'S',5,'',77),(69,'2016-07-25',83,73,'FOB','PARCELADO','2015-08-02','2015-09-06',2424,'2019-11-08','NOVA',291.56,191,191,98,'RECEBIMENTO','VERDE',6,1,94,'S',5,'',78),(70,'2016-07-25',84,74,'FOB','PARCELADO','2015-08-03','2015-09-07',2425,'2019-11-09','NOVA',292.56,192,192,99,'RECEBIMENTO','VERDE',6,1,95,'S',5,'',79),(71,'2016-07-25',85,75,'FOB','PARCELADO','2015-08-04','2015-09-08',2426,'2019-11-10','NOVA',293.56,193,193,100,'RECEBIMENTO','VERDE',6,1,96,'S',5,'',80),(72,'2016-07-25',86,76,'FOB','PARCELADO','2015-08-05','2015-09-09',2427,'2019-11-11','NOVA',294.56,194,194,101,'RECEBIMENTO','VERDE',6,1,97,'S',5,'',81),(73,'2016-07-25',87,77,'FOB','PARCELADO','2015-08-06','2015-09-10',2428,'2019-11-12','NOVA',295.56,195,195,102,'RECEBIMENTO','VERDE',6,1,98,'S',5,'',82),(74,'2016-07-25',88,78,'FOB','PARCELADO','2015-08-07','2015-09-11',2429,'2019-11-13','NOVA',296.56,196,196,103,'RECEBIMENTO','VERDE',6,1,99,'S',5,'',83),(75,'2016-07-25',89,79,'FOB','PARCELADO','2015-08-08','2015-09-12',2430,'2019-11-14','NOVA',297.56,197,197,104,'RECEBIMENTO','VERDE',6,1,100,'S',5,'',84),(76,'2016-07-25',90,80,'FOB','PARCELADO','2015-08-09','2015-09-13',2431,'2019-11-15','NOVA',298.56,198,198,105,'RECEBIMENTO','VERDE',6,1,101,'S',5,'',85),(77,'2016-07-25',91,81,'FOB','PARCELADO','2015-08-10','2015-09-14',2432,'2019-11-16','NOVA',299.56,199,199,106,'RECEBIMENTO','VERDE',6,1,102,'S',5,'',86),(78,'2016-07-25',92,82,'FOB','PARCELADO','2015-08-11','2015-09-15',2433,'2019-11-17','NOVA',300.56,200,200,107,'RECEBIMENTO','VERDE',6,1,104,'S',5,'',87),(79,'2016-07-25',93,83,'FOB','PARCELADO','2015-08-12','2015-09-16',2434,'2019-11-18','NOVA',301.56,201,201,108,'RECEBIMENTO','VERDE',6,1,105,'S',5,'',88),(80,'2016-07-25',94,84,'FOB','PARCELADO','2015-08-13','2015-09-17',2435,'2019-11-19','NOVA',302.56,202,202,109,'RECEBIMENTO','VERDE',6,1,106,'S',5,'',89),(81,'2016-07-25',95,85,'FOB','PARCELADO','2015-08-14','2015-09-18',2436,'2019-11-20','NOVA',303.56,203,203,110,'RECEBIMENTO','VERDE',6,1,107,'S',5,'',90),(82,'2016-07-25',96,86,'FOB','PARCELADO','2015-08-15','2015-09-19',2437,'2019-11-21','NOVA',304.56,204,204,111,'RECEBIMENTO','VERDE',6,1,108,'S',5,'',91),(83,'2016-07-25',97,87,'FOB','PARCELADO','2015-08-16','2015-09-20',2438,'2019-11-22','NOVA',305.56,205,205,112,'RECEBIMENTO','VERDE',6,1,125,'S',5,'',92),(87,'2016-07-25',101,91,'FOB','PARCELADO','2015-08-20','2015-09-24',2442,'2019-11-26','NOVA',309.56,209,209,116,'RECEBIMENTO','VERDE',6,1,4,'S',5,'',96),(88,'2016-07-25',102,92,'FOB','PARCELADO','2015-08-21','2015-09-25',2443,'2019-11-27','NOVA',310.56,210,210,117,'RECEBIMENTO','VERDE',6,1,5,'S',5,'',97),(89,'2016-07-25',103,93,'FOB','PARCELADO','2015-08-22','2015-09-26',2444,'2019-11-28','NOVA',311.56,211,211,118,'RECEBIMENTO','VERDE',6,1,6,'S',5,'',98),(90,'2016-07-25',104,94,'FOB','PARCELADO','2015-08-23','2015-09-27',2445,'2019-11-29','NOVA',312.56,212,212,119,'RECEBIMENTO','VERDE',6,1,7,'S',5,'',99),(91,'2016-07-25',105,95,'FOB','PARCELADO','2015-08-24','2015-09-28',2446,'2019-11-30','NOVA',313.56,213,213,120,'RECEBIMENTO','VERDE',6,1,8,'S',5,'',100),(92,'2016-07-25',106,96,'FOB','PARCELADO','2015-08-25','2015-09-29',2447,'2019-12-01','NOVA',314.56,214,214,121,'RECEBIMENTO','VERDE',6,1,9,'S',5,'',101),(93,'2016-07-25',107,97,'FOB','PARCELADO','2015-08-26','2015-09-30',2448,'2019-12-02','NOVA',315.56,215,215,122,'RECEBIMENTO','VERDE',6,1,10,'S',5,'',102),(94,'2016-07-25',108,98,'FOB','PARCELADO','2015-08-27','2015-10-01',2449,'2019-12-03','NOVA',316.56,216,216,123,'RECEBIMENTO','VERDE',6,1,11,'S',5,'',103),(95,'2016-07-25',109,99,'FOB','PARCELADO','2015-08-28','2015-10-02',2450,'2019-12-04','NOVA',317.56,217,217,124,'RECEBIMENTO','VERDE',6,1,12,'S',5,'',104),(96,'2016-07-25',110,100,'FOB','PARCELADO','2015-08-29','2015-10-03',2451,'2019-12-05','NOVA',318.56,218,218,125,'RECEBIMENTO','VERDE',6,1,13,'S',5,'',105),(97,'2016-07-25',111,101,'FOB','PARCELADO','2015-08-30','2015-10-04',2452,'2019-12-06','NOVA',319.56,219,219,126,'RECEBIMENTO','VERDE',6,1,14,'S',5,'',106),(98,'2016-07-25',112,102,'FOB','PARCELADO','2015-08-31','2015-10-05',2453,'2019-12-07','NOVA',320.56,220,220,127,'RECEBIMENTO','VERDE',6,1,15,'S',5,'',107),(99,'2016-07-25',113,103,'FOB','PARCELADO','2015-09-01','2015-10-06',2454,'2019-12-08','NOVA',321.56,221,221,128,'RECEBIMENTO','VERDE',6,1,16,'S',5,'',108),(100,'2016-07-25',114,104,'FOB','PARCELADO','2015-09-02','2015-10-07',2455,'2019-12-09','NOVA',322.56,222,222,129,'RECEBIMENTO','VERDE',6,1,17,'S',5,'',109),(101,'2016-07-25',115,105,'FOB','PARCELADO','2015-09-03','2015-10-08',2456,'2019-12-10','NOVA',323.56,223,223,130,'RECEBIMENTO','VERDE',6,1,18,'S',5,'',110),(102,'2016-07-25',116,106,'FOB','PARCELADO','2015-09-04','2015-10-09',2457,'2019-12-11','NOVA',324.56,224,224,131,'RECEBIMENTO','VERDE',6,1,19,'S',5,'',111),(103,'2016-07-25',117,107,'FOB','PARCELADO','2015-09-05','2015-10-10',2458,'2019-12-12','NOVA',325.56,225,225,132,'RECEBIMENTO','VERDE',6,1,20,'S',5,'',112),(104,'2016-07-25',118,108,'FOB','PARCELADO','2015-09-06','2015-10-11',2459,'2019-12-13','NOVA',326.56,226,226,133,'RECEBIMENTO','VERDE',6,1,76,'S',5,'',113),(105,'2016-07-25',119,109,'FOB','PARCELADO','2015-09-07','2015-10-12',2460,'2019-12-14','NOVA',327.56,227,227,134,'RECEBIMENTO','VERDE',6,1,77,'S',5,'',114),(106,'2016-07-25',120,110,'FOB','PARCELADO','2015-09-08','2015-10-13',2461,'2019-12-15','NOVA',328.56,228,228,135,'RECEBIMENTO','VERDE',6,1,80,'S',5,'',115),(107,'2016-07-25',121,111,'FOB','PARCELADO','2015-09-09','2015-10-14',2462,'2019-12-16','NOVA',329.56,229,229,136,'RECEBIMENTO','VERDE',6,1,88,'S',5,'',116),(108,'2016-07-25',122,112,'FOB','PARCELADO','2015-09-10','2015-10-15',2463,'2019-12-17','NOVA',330.56,230,230,137,'RECEBIMENTO','VERDE',6,1,90,'S',5,'',117),(109,'2016-07-25',123,113,'FOB','PARCELADO','2015-09-11','2015-10-16',2464,'2019-12-18','NOVA',331.56,231,231,138,'RECEBIMENTO','VERDE',6,1,92,'S',5,'',118),(110,'2016-07-25',124,114,'FOB','PARCELADO','2015-09-12','2015-10-17',2465,'2019-12-19','NOVA',332.56,232,232,139,'RECEBIMENTO','VERDE',6,1,109,'S',5,'',119),(111,'2016-07-25',125,115,'FOB','PARCELADO','2015-09-13','2015-10-18',2466,'2019-12-20','NOVA',333.56,233,233,140,'RECEBIMENTO','VERDE',6,1,111,'S',5,'',120),(112,'2016-07-25',126,116,'FOB','PARCELADO','2015-09-14','2015-10-19',2467,'2019-12-21','NOVA',334.56,234,234,141,'RECEBIMENTO','VERDE',6,1,112,'S',5,'',121),(113,'2016-07-25',127,117,'FOB','PARCELADO','2015-09-15','2015-10-20',2468,'2019-12-22','NOVA',335.56,235,235,142,'RECEBIMENTO','VERDE',6,1,113,'S',5,'',122),(114,'2016-07-25',128,118,'FOB','PARCELADO','2015-09-16','2015-10-21',2469,'2019-12-23','NOVA',336.56,236,236,143,'RECEBIMENTO','VERDE',6,1,114,'S',5,'',123),(115,'2016-07-25',129,119,'FOB','PARCELADO','2015-09-17','2015-10-22',2470,'2019-12-24','NOVA',337.56,237,237,144,'RECEBIMENTO','VERDE',6,1,115,'S',5,'',124),(116,'2016-07-25',130,120,'FOB','PARCELADO','2015-09-18','2015-10-23',2471,'2019-12-25','NOVA',338.56,238,238,145,'RECEBIMENTO','VERDE',6,1,116,'S',5,'',125),(117,'2016-07-25',131,121,'FOB','PARCELADO','2015-09-19','2015-10-24',2472,'2019-12-26','NOVA',339.56,239,239,146,'RECEBIMENTO','VERDE',6,1,117,'S',5,'',126),(118,'2016-07-25',132,122,'FOB','PARCELADO','2015-09-20','2015-10-25',2473,'2019-12-27','NOVA',340.56,240,240,147,'RECEBIMENTO','VERDE',6,1,118,'S',5,'',127),(119,'2016-07-25',133,123,'FOB','PARCELADO','2015-09-21','2015-10-26',2474,'2019-12-28','NOVA',341.56,241,241,148,'RECEBIMENTO','VERDE',6,1,119,'S',5,'',128),(120,'2016-07-25',134,124,'FOB','PARCELADO','2015-09-22','2015-10-27',2475,'2019-12-29','NOVA',342.56,242,242,149,'RECEBIMENTO','VERDE',6,1,120,'S',5,'',129),(121,'2016-07-25',135,125,'FOB','PARCELADO','2015-09-23','2015-10-28',2476,'2019-12-30','NOVA',343.56,243,243,150,'RECEBIMENTO','VERDE',6,1,121,'S',5,'',130),(122,'2016-07-25',136,126,'FOB','PARCELADO','2015-09-24','2015-10-29',2477,'2019-12-31','NOVA',344.56,244,244,151,'RECEBIMENTO','VERDE',6,1,122,'S',5,'',131),(123,'2016-07-25',137,127,'FOB','PARCELADO','2015-09-25','2015-10-30',2478,'2020-01-01','NOVA',345.56,245,245,152,'RECEBIMENTO','VERDE',6,1,123,'S',5,'',132),(124,'2016-07-25',138,128,'FOB','PARCELADO','2015-09-26','2015-10-31',2479,'2020-01-02','NOVA',346.56,246,246,153,'RECEBIMENTO','VERDE',6,1,124,'S',5,'',133),(125,'2016-07-25',98,88,'FOB','PARCELADO','2015-08-17','2015-09-21',2439,'2019-11-23','NOVA',306.56,206,206,113,'RECEBIMENTO','VERDE',6,1,1,'S',5,'',93),(126,'2016-07-25',99,89,'FOB','PARCELADO','2015-08-18','2015-09-22',2440,'2019-11-24','NOVA',307.56,207,207,114,'RECEBIMENTO','VERDE',6,1,2,'S',5,'',94),(127,'2016-07-25',100,90,'FOB','PARCELADO','2015-08-19','2015-09-23',2441,'2019-11-25','NOVA',308.56,208,208,115,'RECEBIMENTO','VERDE',6,1,3,'S',5,'',95),(128,'2016-07-25',29,19,'FOB','PARCELADO','2015-06-09','2015-07-14',2370,'2019-09-15','NOVA',237.56,137,137,44,'RECEBIMENTO','VERDE',9,1,60,'S',5,'',24),(129,'2016-07-25',30,20,'FOB','PARCELADO','2015-06-10','2015-07-15',2371,'2019-09-16','NOVA',238.56,138,138,45,'RECEBIMENTO','VERDE',9,1,61,'S',5,'',25),(130,'2016-07-25',31,21,'FOB','PARCELADO','2015-06-11','2015-07-16',2372,'2019-09-17','NOVA',239.56,139,139,46,'RECEBIMENTO','VERDE',9,1,62,'S',5,'',26),(131,'2016-07-25',32,22,'FOB','PARCELADO','2015-06-12','2015-07-17',2373,'2019-09-18','NOVA',240.56,140,140,47,'RECEBIMENTO','VERDE',9,1,63,'S',5,'',27),(132,'2016-07-25',33,23,'FOB','PARCELADO','2015-06-13','2015-07-18',2374,'2019-09-19','NOVA',241.56,141,141,48,'RECEBIMENTO','VERDE',9,1,64,'S',5,'',28),(133,'2016-07-25',34,24,'FOB','PARCELADO','2015-06-14','2015-07-19',2375,'2019-09-20','NOVA',242.56,142,142,49,'RECEBIMENTO','VERDE',9,1,65,'S',5,'',29),(134,'2016-07-25',35,25,'FOB','PARCELADO','2015-06-15','2015-07-20',2376,'2019-09-21','NOVA',243.56,143,143,50,'RECEBIMENTO','VERDE',9,1,66,'S',5,'',30),(135,'2016-07-25',36,26,'FOB','PARCELADO','2015-06-16','2015-07-21',2377,'2019-09-22','NOVA',244.56,144,144,51,'RECEBIMENTO','VERDE',9,1,67,'S',5,'',31),(136,'2016-07-25',37,27,'FOB','PARCELADO','2015-06-17','2015-07-22',2378,'2019-09-23','NOVA',245.56,145,145,52,'RECEBIMENTO','VERDE',9,1,68,'S',5,'',32),(137,'2016-07-25',38,28,'FOB','PARCELADO','2015-06-18','2015-07-23',2379,'2019-09-24','NOVA',246.56,146,146,53,'RECEBIMENTO','VERDE',9,1,69,'S',5,'',33),(138,'2016-07-25',39,29,'FOB','PARCELADO','2015-06-19','2015-07-24',2380,'2019-09-25','NOVA',247.56,147,147,54,'RECEBIMENTO','VERDE',9,1,70,'S',5,'',34),(139,'2016-07-25',40,30,'FOB','PARCELADO','2015-06-20','2015-07-25',2381,'2019-09-26','NOVA',248.56,148,148,55,'RECEBIMENTO','VERDE',9,1,71,'S',5,'',35),(140,'2016-07-25',41,31,'FOB','PARCELADO','2015-06-21','2015-07-26',2382,'2019-09-27','NOVA',249.56,149,149,56,'RECEBIMENTO','VERDE',9,1,72,'S',5,'',36),(141,'2016-07-25',42,32,'FOB','PARCELADO','2015-06-22','2015-07-27',2383,'2019-09-28','NOVA',250.56,150,150,57,'RECEBIMENTO','VERDE',9,1,73,'S',5,'',37),(142,'2016-07-25',43,33,'FOB','PARCELADO','2015-06-23','2015-07-28',2384,'2019-09-29','NOVA',251.56,151,151,58,'RECEBIMENTO','VERDE',9,1,74,'S',5,'',38),(143,'2016-07-25',44,34,'FOB','PARCELADO','2015-06-24','2015-07-29',2385,'2019-09-30','NOVA',252.56,152,152,59,'RECEBIMENTO','VERDE',9,1,75,'S',5,'',39),(144,'2016-07-25',45,35,'FOB','PARCELADO','2015-06-25','2015-07-30',2386,'2019-10-01','NOVA',253.56,153,153,60,'RECEBIMENTO','VERDE',9,1,21,'S',5,'',40),(145,'2016-07-25',46,36,'FOB','PARCELADO','2015-06-26','2015-07-31',2387,'2019-10-02','NOVA',254.56,154,154,61,'RECEBIMENTO','VERDE',9,1,22,'S',5,'',41),(146,'2016-07-25',47,37,'FOB','PARCELADO','2015-06-27','2015-08-01',2388,'2019-10-03','NOVA',255.56,155,155,62,'RECEBIMENTO','VERDE',9,1,23,'S',5,'',42),(147,'2016-07-25',48,38,'FOB','PARCELADO','2015-06-28','2015-08-02',2389,'2019-10-04','NOVA',256.56,156,156,63,'RECEBIMENTO','VERDE',9,1,24,'S',5,'',43),(148,'2016-07-25',49,39,'FOB','PARCELADO','2015-06-29','2015-08-03',2390,'2019-10-05','NOVA',257.56,157,157,64,'RECEBIMENTO','VERDE',9,1,25,'S',5,'',44),(149,'2016-07-25',50,40,'FOB','PARCELADO','2015-06-30','2015-08-04',2391,'2019-10-06','NOVA',258.56,158,158,65,'RECEBIMENTO','VERDE',9,1,26,'S',5,'',45),(150,'2016-07-25',51,41,'FOB','PARCELADO','2015-07-01','2015-08-05',2392,'2019-10-07','NOVA',259.56,159,159,66,'RECEBIMENTO','VERDE',9,1,27,'S',5,'',46),(151,'2016-07-25',52,42,'FOB','PARCELADO','2015-07-02','2015-08-06',2393,'2019-10-08','NOVA',260.56,160,160,67,'RECEBIMENTO','VERDE',9,1,28,'S',5,'',47),(152,'2016-07-25',53,43,'FOB','PARCELADO','2015-07-03','2015-08-07',2394,'2019-10-09','NOVA',261.56,161,161,68,'RECEBIMENTO','VERDE',9,1,29,'S',5,'',48),(153,'2016-07-25',54,44,'FOB','PARCELADO','2015-07-04','2015-08-08',2395,'2019-10-10','NOVA',262.56,162,162,69,'RECEBIMENTO','VERDE',9,1,30,'S',5,'',49),(154,'2016-07-25',55,45,'FOB','PARCELADO','2015-07-05','2015-08-09',2396,'2019-10-11','NOVA',263.56,163,163,70,'RECEBIMENTO','VERDE',9,1,31,'S',5,'',50),(155,'2016-07-25',56,46,'FOB','PARCELADO','2015-07-06','2015-08-10',2397,'2019-10-12','NOVA',264.56,164,164,71,'RECEBIMENTO','VERDE',9,1,32,'S',5,'',51),(156,'2016-07-25',57,47,'FOB','PARCELADO','2015-07-07','2015-08-11',2398,'2019-10-13','NOVA',265.56,165,165,72,'RECEBIMENTO','VERDE',9,1,33,'S',5,'',52),(157,'2016-07-25',58,48,'FOB','PARCELADO','2015-07-08','2015-08-12',2399,'2019-10-14','NOVA',266.56,166,166,73,'RECEBIMENTO','VERDE',9,1,34,'S',5,'',53),(158,'2016-07-25',59,49,'FOB','PARCELADO','2015-07-09','2015-08-13',2400,'2019-10-15','NOVA',267.56,167,167,74,'RECEBIMENTO','VERDE',9,1,35,'S',5,'',54),(159,'2016-07-25',60,50,'FOB','PARCELADO','2015-07-10','2015-08-14',2401,'2019-10-16','NOVA',268.56,168,168,75,'RECEBIMENTO','VERDE',9,1,36,'S',5,'',55),(160,'2016-07-25',61,51,'FOB','PARCELADO','2015-07-11','2015-08-15',2402,'2019-10-17','NOVA',269.56,169,169,76,'RECEBIMENTO','VERDE',9,1,37,'S',5,'',56),(161,'2016-07-25',62,52,'FOB','PARCELADO','2015-07-12','2015-08-16',2403,'2019-10-18','NOVA',270.56,170,170,77,'RECEBIMENTO','VERDE',9,1,38,'S',5,'',57),(162,'2016-07-25',63,53,'FOB','PARCELADO','2015-07-13','2015-08-17',2404,'2019-10-19','NOVA',271.56,171,171,78,'RECEBIMENTO','VERDE',9,1,39,'S',5,'',58),(163,'2016-07-25',64,54,'FOB','PARCELADO','2015-07-14','2015-08-18',2405,'2019-10-20','NOVA',272.56,172,172,79,'RECEBIMENTO','VERDE',9,1,40,'S',5,'',59),(164,'2016-07-25',65,55,'FOB','PARCELADO','2015-07-15','2015-08-19',2406,'2019-10-21','NOVA',273.56,173,173,80,'RECEBIMENTO','VERDE',9,1,41,'S',5,'',60),(165,'2016-07-25',66,56,'FOB','PARCELADO','2015-07-16','2015-08-20',2407,'2019-10-22','NOVA',274.56,174,174,81,'RECEBIMENTO','VERDE',9,1,42,'S',5,'',61),(166,'2016-07-25',67,57,'FOB','PARCELADO','2015-07-17','2015-08-21',2408,'2019-10-23','NOVA',275.56,175,175,82,'RECEBIMENTO','VERDE',9,1,43,'S',5,'',62),(167,'2016-07-25',68,58,'FOB','PARCELADO','2015-07-18','2015-08-22',2409,'2019-10-24','NOVA',276.56,176,176,83,'RECEBIMENTO','VERDE',9,1,57,'S',5,'',63),(168,'2016-07-25',69,59,'FOB','PARCELADO','2015-07-19','2015-08-23',2410,'2019-10-25','NOVA',277.56,177,177,84,'RECEBIMENTO','VERDE',9,1,78,'S',5,'',64),(169,'2016-07-25',70,60,'FOB','PARCELADO','2015-07-20','2015-08-24',2411,'2019-10-26','NOVA',278.56,178,178,85,'RECEBIMENTO','VERDE',9,1,110,'S',5,'',65),(170,'2016-07-25',71,61,'FOB','PARCELADO','2015-07-21','2015-08-25',2412,'2019-10-27','NOVA',279.56,179,179,86,'RECEBIMENTO','VERDE',9,1,103,'S',5,'',66),(171,'2016-07-25',78,68,'FOB','PARCELADO','2015-07-28','2015-09-01',2419,'2019-11-03','NOVA',286.56,186,186,93,'RECEBIMENTO','VERDE',9,1,86,'S',5,'',73),(172,'2016-07-25',79,69,'FOB','PARCELADO','2015-07-29','2015-09-02',2420,'2019-11-04','NOVA',287.56,187,187,94,'RECEBIMENTO','VERDE',9,1,87,'S',5,'',74),(173,'2016-07-25',80,70,'FOB','PARCELADO','2015-07-30','2015-09-03',2421,'2019-11-05','NOVA',288.56,188,188,95,'RECEBIMENTO','VERDE',9,1,89,'S',5,'',75),(174,'2016-07-25',81,71,'FOB','PARCELADO','2015-07-31','2015-09-04',2422,'2019-11-06','NOVA',289.56,189,189,96,'RECEBIMENTO','VERDE',9,1,91,'S',5,'',76),(175,'2016-07-25',82,72,'FOB','PARCELADO','2015-08-01','2015-09-05',2423,'2019-11-07','NOVA',290.56,190,190,97,'RECEBIMENTO','VERDE',9,1,93,'S',5,'',77),(176,'2016-07-25',83,73,'FOB','PARCELADO','2015-08-02','2015-09-06',2424,'2019-11-08','NOVA',291.56,191,191,98,'RECEBIMENTO','VERDE',9,1,94,'S',5,'',78),(177,'2016-07-25',84,74,'FOB','PARCELADO','2015-08-03','2015-09-07',2425,'2019-11-09','NOVA',292.56,192,192,99,'RECEBIMENTO','VERDE',9,1,95,'S',5,'',79),(178,'2016-07-25',85,75,'FOB','PARCELADO','2015-08-04','2015-09-08',2426,'2019-11-10','NOVA',293.56,193,193,100,'RECEBIMENTO','VERDE',9,1,96,'S',5,'',80),(179,'2016-07-25',86,76,'FOB','PARCELADO','2015-08-05','2015-09-09',2427,'2019-11-11','NOVA',294.56,194,194,101,'RECEBIMENTO','VERDE',9,1,97,'S',5,'',81),(180,'2016-07-25',87,77,'FOB','PARCELADO','2015-08-06','2015-09-10',2428,'2019-11-12','NOVA',295.56,195,195,102,'RECEBIMENTO','VERDE',9,1,98,'S',5,'',82),(181,'2016-07-25',88,78,'FOB','PARCELADO','2015-08-07','2015-09-11',2429,'2019-11-13','NOVA',296.56,196,196,103,'RECEBIMENTO','VERDE',9,1,99,'S',5,'',83),(182,'2016-07-25',89,79,'FOB','PARCELADO','2015-08-08','2015-09-12',2430,'2019-11-14','NOVA',297.56,197,197,104,'RECEBIMENTO','VERDE',9,1,100,'S',5,'',84),(183,'2016-07-25',90,80,'FOB','PARCELADO','2015-08-09','2015-09-13',2431,'2019-11-15','NOVA',298.56,198,198,105,'RECEBIMENTO','VERDE',9,1,101,'S',5,'',85),(184,'2016-07-25',91,81,'FOB','PARCELADO','2015-08-10','2015-09-14',2432,'2019-11-16','NOVA',299.56,199,199,106,'RECEBIMENTO','VERDE',9,1,102,'S',5,'',86),(185,'2016-07-25',92,82,'FOB','PARCELADO','2015-08-11','2015-09-15',2433,'2019-11-17','NOVA',300.56,200,200,107,'RECEBIMENTO','VERDE',9,1,104,'S',5,'',87),(186,'2016-07-25',93,83,'FOB','PARCELADO','2015-08-12','2015-09-16',2434,'2019-11-18','NOVA',301.56,201,201,108,'RECEBIMENTO','VERDE',9,1,105,'S',5,'',88),(187,'2016-07-25',94,84,'FOB','PARCELADO','2015-08-13','2015-09-17',2435,'2019-11-19','NOVA',302.56,202,202,109,'RECEBIMENTO','VERDE',9,1,106,'S',5,'',89),(188,'2016-07-25',95,85,'FOB','PARCELADO','2015-08-14','2015-09-18',2436,'2019-11-20','NOVA',303.56,203,203,110,'RECEBIMENTO','VERDE',9,1,107,'S',5,'',90),(189,'2016-07-25',96,86,'FOB','PARCELADO','2015-08-15','2015-09-19',2437,'2019-11-21','NOVA',304.56,204,204,111,'RECEBIMENTO','VERDE',9,1,108,'S',5,'',91),(190,'2016-07-25',97,87,'FOB','PARCELADO','2015-08-16','2015-09-20',2438,'2019-11-22','NOVA',305.56,205,205,112,'RECEBIMENTO','VERDE',9,1,125,'S',5,'',92),(191,'2016-07-25',98,88,'FOB','PARCELADO','2015-08-17','2015-09-21',2439,'2019-11-23','NOVA',306.56,206,206,113,'RECEBIMENTO','VERDE',9,1,1,'S',5,'',93),(192,'2016-07-25',99,89,'FOB','PARCELADO','2015-08-18','2015-09-22',2440,'2019-11-24','NOVA',307.56,207,207,114,'RECEBIMENTO','VERDE',9,1,2,'S',5,'',94),(193,'2016-07-25',100,90,'FOB','PARCELADO','2015-08-19','2015-09-23',2441,'2019-11-25','NOVA',308.56,208,208,115,'RECEBIMENTO','VERDE',9,1,3,'S',5,'',95),(194,'2016-07-25',101,91,'FOB','PARCELADO','2015-08-20','2015-09-24',2442,'2019-11-26','NOVA',309.56,209,209,116,'RECEBIMENTO','VERDE',9,1,4,'S',5,'',96),(195,'2016-07-25',102,92,'FOB','PARCELADO','2015-08-21','2015-09-25',2443,'2019-11-27','NOVA',310.56,210,210,117,'RECEBIMENTO','VERDE',9,1,5,'S',5,'',97),(196,'2016-07-25',103,93,'FOB','PARCELADO','2015-08-22','2015-09-26',2444,'2019-11-28','NOVA',311.56,211,211,118,'RECEBIMENTO','VERDE',9,1,6,'S',5,'',98),(197,'2016-07-25',104,94,'FOB','PARCELADO','2015-08-23','2015-09-27',2445,'2019-11-29','NOVA',312.56,212,212,119,'RECEBIMENTO','VERDE',9,1,7,'S',5,'',99),(198,'2016-07-25',105,95,'FOB','PARCELADO','2015-08-24','2015-09-28',2446,'2019-11-30','NOVA',313.56,213,213,120,'RECEBIMENTO','VERDE',9,1,8,'S',5,'',100),(199,'2016-07-25',106,96,'FOB','PARCELADO','2015-08-25','2015-09-29',2447,'2019-12-01','NOVA',314.56,214,214,121,'RECEBIMENTO','VERDE',9,1,9,'S',5,'',101),(200,'2016-07-25',107,97,'FOB','PARCELADO','2015-08-26','2015-09-30',2448,'2019-12-02','NOVA',315.56,215,215,122,'RECEBIMENTO','VERDE',9,1,10,'S',5,'',102),(201,'2016-07-25',108,98,'FOB','PARCELADO','2015-08-27','2015-10-01',2449,'2019-12-03','NOVA',316.56,216,216,123,'RECEBIMENTO','VERDE',9,1,11,'S',5,'',103),(202,'2016-07-25',109,99,'FOB','PARCELADO','2015-08-28','2015-10-02',2450,'2019-12-04','NOVA',317.56,217,217,124,'RECEBIMENTO','VERDE',9,1,12,'S',5,'',104),(203,'2016-07-25',110,100,'FOB','PARCELADO','2015-08-29','2015-10-03',2451,'2019-12-05','NOVA',318.56,218,218,125,'RECEBIMENTO','VERDE',9,1,13,'S',5,'',105),(204,'2016-07-25',115,105,'FOB','PARCELADO','2015-09-03','2015-10-08',2456,'2019-12-10','NOVA',323.56,223,223,130,'RECEBIMENTO','VERDE',9,1,18,'S',5,'',110),(205,'2016-07-25',116,106,'FOB','PARCELADO','2015-09-04','2015-10-09',2457,'2019-12-11','NOVA',324.56,224,224,131,'RECEBIMENTO','VERDE',9,1,19,'S',5,'',111),(206,'2016-07-25',117,107,'FOB','PARCELADO','2015-09-05','2015-10-10',2458,'2019-12-12','NOVA',325.56,225,225,132,'RECEBIMENTO','VERDE',9,1,20,'S',5,'',112),(207,'2016-07-25',118,108,'FOB','PARCELADO','2015-09-06','2015-10-11',2459,'2019-12-13','NOVA',326.56,226,226,133,'RECEBIMENTO','VERDE',9,1,76,'S',5,'',113),(208,'2016-07-25',119,109,'FOB','PARCELADO','2015-09-07','2015-10-12',2460,'2019-12-14','NOVA',327.56,227,227,134,'RECEBIMENTO','VERDE',9,1,77,'S',5,'',114),(209,'2016-07-25',120,110,'FOB','PARCELADO','2015-09-08','2015-10-13',2461,'2019-12-15','NOVA',328.56,228,228,135,'RECEBIMENTO','VERDE',9,1,80,'S',5,'',115),(210,'2016-07-25',121,111,'FOB','PARCELADO','2015-09-09','2015-10-14',2462,'2019-12-16','NOVA',329.56,229,229,136,'RECEBIMENTO','VERDE',9,1,88,'S',5,'',116),(211,'2016-07-25',122,112,'FOB','PARCELADO','2015-09-10','2015-10-15',2463,'2019-12-17','NOVA',330.56,230,230,137,'RECEBIMENTO','VERDE',9,1,90,'S',5,'',117),(212,'2016-07-25',123,113,'FOB','PARCELADO','2015-09-11','2015-10-16',2464,'2019-12-18','NOVA',331.56,231,231,138,'RECEBIMENTO','VERDE',9,1,92,'S',5,'',118),(213,'2016-07-25',124,114,'FOB','PARCELADO','2015-09-12','2015-10-17',2465,'2019-12-19','NOVA',332.56,232,232,139,'RECEBIMENTO','VERDE',9,1,109,'S',5,'',119),(214,'2016-07-25',125,115,'FOB','PARCELADO','2015-09-13','2015-10-18',2466,'2019-12-20','NOVA',333.56,233,233,140,'RECEBIMENTO','VERDE',9,1,111,'S',5,'',120),(215,'2016-07-25',126,116,'FOB','PARCELADO','2015-09-14','2015-10-19',2467,'2019-12-21','NOVA',334.56,234,234,141,'RECEBIMENTO','VERDE',9,1,112,'S',5,'',121),(216,'2016-07-25',127,117,'FOB','PARCELADO','2015-09-15','2015-10-20',2468,'2019-12-22','NOVA',335.56,235,235,142,'RECEBIMENTO','VERDE',9,1,113,'S',5,'',122),(217,'2016-07-25',128,118,'FOB','PARCELADO','2015-09-16','2015-10-21',2469,'2019-12-23','NOVA',336.56,236,236,143,'RECEBIMENTO','VERDE',9,1,114,'S',5,'',123),(218,'2016-07-25',129,119,'FOB','PARCELADO','2015-09-17','2015-10-22',2470,'2019-12-24','NOVA',337.56,237,237,144,'RECEBIMENTO','VERDE',9,1,115,'S',5,'',124),(219,'2016-07-25',130,120,'FOB','PARCELADO','2015-09-18','2015-10-23',2471,'2019-12-25','NOVA',338.56,238,238,145,'RECEBIMENTO','VERDE',9,1,116,'S',5,'',125),(220,'2016-07-25',131,121,'FOB','PARCELADO','2015-09-19','2015-10-24',2472,'2019-12-26','NOVA',339.56,239,239,146,'RECEBIMENTO','VERDE',9,1,117,'S',5,'',126),(221,'2016-07-25',132,122,'FOB','PARCELADO','2015-09-20','2015-10-25',2473,'2019-12-27','NOVA',340.56,240,240,147,'RECEBIMENTO','VERDE',9,1,118,'S',5,'',127),(222,'2016-07-25',133,123,'FOB','PARCELADO','2015-09-21','2015-10-26',2474,'2019-12-28','NOVA',341.56,241,241,148,'RECEBIMENTO','VERDE',9,1,119,'S',5,'',128),(223,'2016-07-25',134,124,'FOB','PARCELADO','2015-09-22','2015-10-27',2475,'2019-12-29','NOVA',342.56,242,242,149,'RECEBIMENTO','VERDE',9,1,120,'S',5,'',129),(224,'2016-07-25',135,125,'FOB','PARCELADO','2015-09-23','2015-10-28',2476,'2019-12-30','NOVA',343.56,243,243,150,'RECEBIMENTO','VERDE',9,1,121,'S',5,'',130),(225,'2016-07-25',136,126,'FOB','PARCELADO','2015-09-24','2015-10-29',2477,'2019-12-31','NOVA',344.56,244,244,151,'RECEBIMENTO','VERDE',9,1,122,'S',5,'',131),(226,'2016-07-25',137,127,'FOB','PARCELADO','2015-09-25','2015-10-30',2478,'2020-01-01','NOVA',345.56,245,245,152,'RECEBIMENTO','VERDE',9,1,123,'S',5,'',132),(227,'2016-07-25',138,128,'FOB','PARCELADO','2015-09-26','2015-10-31',2479,'2020-01-02','NOVA',346.56,246,246,153,'RECEBIMENTO','VERDE',9,1,124,'S',5,'',133),(228,'2016-07-25',29,19,'FOB','PARCELADO','2015-06-09','2015-07-14',2370,'2019-09-15','NOVA',237.56,137,137,44,'RECEBIMENTO','VERDE',11,1,60,'S',5,'',24),(229,'2016-07-25',30,20,'FOB','PARCELADO','2015-06-10','2015-07-15',2371,'2019-09-16','NOVA',238.56,138,138,45,'RECEBIMENTO','VERDE',11,1,61,'S',5,'',25),(230,'2016-07-25',31,21,'FOB','PARCELADO','2015-06-11','2015-07-16',2372,'2019-09-17','NOVA',239.56,139,139,46,'RECEBIMENTO','VERDE',11,1,62,'S',5,'',26),(231,'2016-07-25',32,22,'FOB','PARCELADO','2015-06-12','2015-07-17',2373,'2019-09-18','NOVA',240.56,140,140,47,'RECEBIMENTO','VERDE',11,1,63,'S',5,'',27),(232,'2016-07-25',33,23,'FOB','PARCELADO','2015-06-13','2015-07-18',2374,'2019-09-19','NOVA',241.56,141,141,48,'RECEBIMENTO','VERDE',11,1,64,'S',5,'',28),(233,'2016-07-25',34,24,'FOB','PARCELADO','2015-06-14','2015-07-19',2375,'2019-09-20','NOVA',242.56,142,142,49,'RECEBIMENTO','VERDE',11,1,65,'S',5,'',29),(234,'2016-07-25',35,25,'FOB','PARCELADO','2015-06-15','2015-07-20',2376,'2019-09-21','NOVA',243.56,143,143,50,'RECEBIMENTO','VERDE',11,1,66,'S',5,'',30),(235,'2016-07-25',36,26,'FOB','PARCELADO','2015-06-16','2015-07-21',2377,'2019-09-22','NOVA',244.56,144,144,51,'RECEBIMENTO','VERDE',11,1,67,'S',5,'',31),(236,'2016-07-25',37,27,'FOB','PARCELADO','2015-06-17','2015-07-22',2378,'2019-09-23','NOVA',245.56,145,145,52,'RECEBIMENTO','VERDE',11,1,68,'S',5,'',32),(237,'2016-07-25',38,28,'FOB','PARCELADO','2015-06-18','2015-07-23',2379,'2019-09-24','NOVA',246.56,146,146,53,'RECEBIMENTO','VERDE',11,1,69,'S',5,'',33),(238,'2016-07-25',39,29,'FOB','PARCELADO','2015-06-19','2015-07-24',2380,'2019-09-25','NOVA',247.56,147,147,54,'RECEBIMENTO','VERDE',11,1,70,'S',5,'',34),(239,'2016-07-25',40,30,'FOB','PARCELADO','2015-06-20','2015-07-25',2381,'2019-09-26','NOVA',248.56,148,148,55,'RECEBIMENTO','VERDE',11,1,71,'S',5,'',35),(240,'2016-07-25',41,31,'FOB','PARCELADO','2015-06-21','2015-07-26',2382,'2019-09-27','NOVA',249.56,149,149,56,'RECEBIMENTO','VERDE',11,1,72,'S',5,'',36),(241,'2016-07-25',42,32,'FOB','PARCELADO','2015-06-22','2015-07-27',2383,'2019-09-28','NOVA',250.56,150,150,57,'RECEBIMENTO','VERDE',11,1,73,'S',5,'',37),(242,'2016-07-25',43,33,'FOB','PARCELADO','2015-06-23','2015-07-28',2384,'2019-09-29','NOVA',251.56,151,151,58,'RECEBIMENTO','VERDE',11,1,74,'S',5,'',38),(243,'2016-07-25',44,34,'FOB','PARCELADO','2015-06-24','2015-07-29',2385,'2019-09-30','NOVA',252.56,152,152,59,'RECEBIMENTO','VERDE',11,1,75,'S',5,'',39),(244,'2016-07-25',45,35,'FOB','PARCELADO','2015-06-25','2015-07-30',2386,'2019-10-01','NOVA',253.56,153,153,60,'RECEBIMENTO','VERDE',11,1,21,'S',5,'',40),(245,'2016-07-25',46,36,'FOB','PARCELADO','2015-06-26','2015-07-31',2387,'2019-10-02','NOVA',254.56,154,154,61,'RECEBIMENTO','VERDE',11,1,22,'S',5,'',41),(246,'2016-07-25',47,37,'FOB','PARCELADO','2015-06-27','2015-08-01',2388,'2019-10-03','NOVA',255.56,155,155,62,'RECEBIMENTO','VERDE',11,1,23,'S',5,'',42),(247,'2016-07-25',48,38,'FOB','PARCELADO','2015-06-28','2015-08-02',2389,'2019-10-04','NOVA',256.56,156,156,63,'RECEBIMENTO','VERDE',11,1,24,'S',5,'',43),(248,'2016-07-25',49,39,'FOB','PARCELADO','2015-06-29','2015-08-03',2390,'2019-10-05','NOVA',257.56,157,157,64,'RECEBIMENTO','VERDE',11,1,25,'S',5,'',44),(249,'2016-07-25',50,40,'FOB','PARCELADO','2015-06-30','2015-08-04',2391,'2019-10-06','NOVA',258.56,158,158,65,'RECEBIMENTO','VERDE',11,1,26,'S',5,'',45),(250,'2016-07-25',51,41,'FOB','PARCELADO','2015-07-01','2015-08-05',2392,'2019-10-07','NOVA',259.56,159,159,66,'RECEBIMENTO','VERDE',11,1,27,'S',5,'',46),(251,'2016-07-25',52,42,'FOB','PARCELADO','2015-07-02','2015-08-06',2393,'2019-10-08','NOVA',260.56,160,160,67,'RECEBIMENTO','VERDE',11,1,28,'S',5,'',47),(252,'2016-07-25',53,43,'FOB','PARCELADO','2015-07-03','2015-08-07',2394,'2019-10-09','NOVA',261.56,161,161,68,'RECEBIMENTO','VERDE',11,1,29,'S',5,'',48),(253,'2016-07-25',54,44,'FOB','PARCELADO','2015-07-04','2015-08-08',2395,'2019-10-10','NOVA',262.56,162,162,69,'RECEBIMENTO','VERDE',11,1,30,'S',5,'',49),(254,'2016-07-25',55,45,'FOB','PARCELADO','2015-07-05','2015-08-09',2396,'2019-10-11','NOVA',263.56,163,163,70,'RECEBIMENTO','VERDE',11,1,31,'S',5,'',50),(255,'2016-07-25',56,46,'FOB','PARCELADO','2015-07-06','2015-08-10',2397,'2019-10-12','NOVA',264.56,164,164,71,'RECEBIMENTO','VERDE',11,1,32,'S',5,'',51),(256,'2016-07-25',57,47,'FOB','PARCELADO','2015-07-07','2015-08-11',2398,'2019-10-13','NOVA',265.56,165,165,72,'RECEBIMENTO','VERDE',11,1,33,'S',5,'',52),(257,'2016-07-25',58,48,'FOB','PARCELADO','2015-07-08','2015-08-12',2399,'2019-10-14','NOVA',266.56,166,166,73,'RECEBIMENTO','VERDE',11,1,34,'S',5,'',53),(258,'2016-07-25',59,49,'FOB','PARCELADO','2015-07-09','2015-08-13',2400,'2019-10-15','NOVA',267.56,167,167,74,'RECEBIMENTO','VERDE',11,1,35,'S',5,'',54),(259,'2016-07-25',60,50,'FOB','PARCELADO','2015-07-10','2015-08-14',2401,'2019-10-16','NOVA',268.56,168,168,75,'RECEBIMENTO','VERDE',11,1,36,'S',5,'',55),(260,'2016-07-25',61,51,'FOB','PARCELADO','2015-07-11','2015-08-15',2402,'2019-10-17','NOVA',269.56,169,169,76,'RECEBIMENTO','VERDE',11,1,37,'S',5,'',56),(261,'2016-07-25',62,52,'FOB','PARCELADO','2015-07-12','2015-08-16',2403,'2019-10-18','NOVA',270.56,170,170,77,'RECEBIMENTO','VERDE',11,1,38,'S',5,'',57),(262,'2016-07-25',63,53,'FOB','PARCELADO','2015-07-13','2015-08-17',2404,'2019-10-19','NOVA',271.56,171,171,78,'RECEBIMENTO','VERDE',11,1,39,'S',5,'',58),(263,'2016-07-25',64,54,'FOB','PARCELADO','2015-07-14','2015-08-18',2405,'2019-10-20','NOVA',272.56,172,172,79,'RECEBIMENTO','VERDE',11,1,40,'S',5,'',59),(264,'2016-07-25',65,55,'FOB','PARCELADO','2015-07-15','2015-08-19',2406,'2019-10-21','NOVA',273.56,173,173,80,'RECEBIMENTO','VERDE',11,1,41,'S',5,'',60),(265,'2016-07-25',66,56,'FOB','PARCELADO','2015-07-16','2015-08-20',2407,'2019-10-22','NOVA',274.56,174,174,81,'RECEBIMENTO','VERDE',11,1,42,'S',5,'',61),(266,'2016-07-25',67,57,'FOB','PARCELADO','2015-07-17','2015-08-21',2408,'2019-10-23','NOVA',275.56,175,175,82,'RECEBIMENTO','VERDE',11,1,43,'S',5,'',62),(267,'2016-07-25',68,58,'FOB','PARCELADO','2015-07-18','2015-08-22',2409,'2019-10-24','NOVA',276.56,176,176,83,'RECEBIMENTO','VERDE',11,1,57,'S',5,'',63),(268,'2016-07-25',69,59,'FOB','PARCELADO','2015-07-19','2015-08-23',2410,'2019-10-25','NOVA',277.56,177,177,84,'RECEBIMENTO','VERDE',11,1,78,'S',5,'',64),(269,'2016-07-25',70,60,'FOB','PARCELADO','2015-07-20','2015-08-24',2411,'2019-10-26','NOVA',278.56,178,178,85,'RECEBIMENTO','VERDE',11,1,110,'S',5,'',65),(270,'2016-07-25',71,61,'FOB','PARCELADO','2015-07-21','2015-08-25',2412,'2019-10-27','NOVA',279.56,179,179,86,'RECEBIMENTO','VERDE',11,1,103,'S',5,'',66),(271,'2016-07-25',78,68,'FOB','PARCELADO','2015-07-28','2015-09-01',2419,'2019-11-03','NOVA',286.56,186,186,93,'RECEBIMENTO','VERDE',11,1,86,'S',5,'',73),(272,'2016-07-25',79,69,'FOB','PARCELADO','2015-07-29','2015-09-02',2420,'2019-11-04','NOVA',287.56,187,187,94,'RECEBIMENTO','VERDE',11,1,87,'S',5,'',74),(273,'2016-07-25',80,70,'FOB','PARCELADO','2015-07-30','2015-09-03',2421,'2019-11-05','NOVA',288.56,188,188,95,'RECEBIMENTO','VERDE',11,1,89,'S',5,'',75),(274,'2016-07-25',81,71,'FOB','PARCELADO','2015-07-31','2015-09-04',2422,'2019-11-06','NOVA',289.56,189,189,96,'RECEBIMENTO','VERDE',11,1,91,'S',5,'',76),(275,'2016-07-25',82,72,'FOB','PARCELADO','2015-08-01','2015-09-05',2423,'2019-11-07','NOVA',290.56,190,190,97,'RECEBIMENTO','VERDE',11,1,93,'S',5,'',77),(276,'2016-07-25',83,73,'FOB','PARCELADO','2015-08-02','2015-09-06',2424,'2019-11-08','NOVA',291.56,191,191,98,'RECEBIMENTO','VERDE',11,1,94,'S',5,'',78),(277,'2016-07-25',84,74,'FOB','PARCELADO','2015-08-03','2015-09-07',2425,'2019-11-09','NOVA',292.56,192,192,99,'RECEBIMENTO','VERDE',11,1,95,'S',5,'',79),(278,'2016-07-25',85,75,'FOB','PARCELADO','2015-08-04','2015-09-08',2426,'2019-11-10','NOVA',293.56,193,193,100,'RECEBIMENTO','VERDE',11,1,96,'S',5,'',80),(279,'2016-07-25',86,76,'FOB','PARCELADO','2015-08-05','2015-09-09',2427,'2019-11-11','NOVA',294.56,194,194,101,'RECEBIMENTO','VERDE',11,1,97,'S',5,'',81),(280,'2016-07-25',87,77,'FOB','PARCELADO','2015-08-06','2015-09-10',2428,'2019-11-12','NOVA',295.56,195,195,102,'RECEBIMENTO','VERDE',11,1,98,'S',5,'',82),(281,'2016-07-25',88,78,'FOB','PARCELADO','2015-08-07','2015-09-11',2429,'2019-11-13','NOVA',296.56,196,196,103,'RECEBIMENTO','VERDE',11,1,99,'S',5,'',83),(282,'2016-07-25',89,79,'FOB','PARCELADO','2015-08-08','2015-09-12',2430,'2019-11-14','NOVA',297.56,197,197,104,'RECEBIMENTO','VERDE',11,1,100,'S',5,'',84),(283,'2016-07-25',90,80,'FOB','PARCELADO','2015-08-09','2015-09-13',2431,'2019-11-15','NOVA',298.56,198,198,105,'RECEBIMENTO','VERDE',11,1,101,'S',5,'',85),(284,'2016-07-25',91,81,'FOB','PARCELADO','2015-08-10','2015-09-14',2432,'2019-11-16','NOVA',299.56,199,199,106,'RECEBIMENTO','VERDE',11,1,102,'S',5,'',86),(285,'2016-07-25',92,82,'FOB','PARCELADO','2015-08-11','2015-09-15',2433,'2019-11-17','NOVA',300.56,200,200,107,'RECEBIMENTO','VERDE',11,1,104,'S',5,'',87),(286,'2016-07-25',93,83,'FOB','PARCELADO','2015-08-12','2015-09-16',2434,'2019-11-18','NOVA',301.56,201,201,108,'RECEBIMENTO','VERDE',11,1,105,'S',5,'',88),(287,'2016-07-25',94,84,'FOB','PARCELADO','2015-08-13','2015-09-17',2435,'2019-11-19','NOVA',302.56,202,202,109,'RECEBIMENTO','VERDE',11,1,106,'S',5,'',89),(288,'2016-07-25',95,85,'FOB','PARCELADO','2015-08-14','2015-09-18',2436,'2019-11-20','NOVA',303.56,203,203,110,'RECEBIMENTO','VERDE',11,1,107,'S',5,'',90),(289,'2016-07-25',96,86,'FOB','PARCELADO','2015-08-15','2015-09-19',2437,'2019-11-21','NOVA',304.56,204,204,111,'RECEBIMENTO','VERDE',11,1,108,'S',5,'',91),(290,'2016-07-25',97,87,'FOB','PARCELADO','2015-08-16','2015-09-20',2438,'2019-11-22','NOVA',305.56,205,205,112,'RECEBIMENTO','VERDE',11,1,125,'S',5,'',92),(291,'2016-07-25',98,88,'FOB','PARCELADO','2015-08-17','2015-09-21',2439,'2019-11-23','NOVA',306.56,206,206,113,'RECEBIMENTO','VERDE',11,1,1,'S',5,'',93),(292,'2016-07-25',99,89,'FOB','PARCELADO','2015-08-18','2015-09-22',2440,'2019-11-24','NOVA',307.56,207,207,114,'RECEBIMENTO','VERDE',11,1,2,'S',5,'',94),(293,'2016-07-25',100,90,'FOB','PARCELADO','2015-08-19','2015-09-23',2441,'2019-11-25','NOVA',308.56,208,208,115,'RECEBIMENTO','VERDE',11,1,3,'S',5,'',95),(294,'2016-07-25',101,91,'FOB','PARCELADO','2015-08-20','2015-09-24',2442,'2019-11-26','NOVA',309.56,209,209,116,'RECEBIMENTO','VERDE',11,1,4,'S',5,'',96),(295,'2016-07-25',102,92,'FOB','PARCELADO','2015-08-21','2015-09-25',2443,'2019-11-27','NOVA',310.56,210,210,117,'RECEBIMENTO','VERDE',11,1,5,'S',5,'',97),(296,'2016-07-25',103,93,'FOB','PARCELADO','2015-08-22','2015-09-26',2444,'2019-11-28','NOVA',311.56,211,211,118,'RECEBIMENTO','VERDE',11,1,6,'S',5,'',98),(297,'2016-07-25',104,94,'FOB','PARCELADO','2015-08-23','2015-09-27',2445,'2019-11-29','NOVA',312.56,212,212,119,'RECEBIMENTO','VERDE',11,1,7,'S',5,'',99),(298,'2016-07-25',105,95,'FOB','PARCELADO','2015-08-24','2015-09-28',2446,'2019-11-30','NOVA',313.56,213,213,120,'RECEBIMENTO','VERDE',11,1,8,'S',5,'',100),(299,'2016-07-25',106,96,'FOB','PARCELADO','2015-08-25','2015-09-29',2447,'2019-12-01','NOVA',314.56,214,214,121,'RECEBIMENTO','VERDE',11,1,9,'S',5,'',101),(300,'2016-07-25',107,97,'FOB','PARCELADO','2015-08-26','2015-09-30',2448,'2019-12-02','NOVA',315.56,215,215,122,'RECEBIMENTO','VERDE',11,1,10,'S',5,'',102),(301,'2016-07-25',108,98,'FOB','PARCELADO','2015-08-27','2015-10-01',2449,'2019-12-03','NOVA',316.56,216,216,123,'RECEBIMENTO','VERDE',11,1,11,'S',5,'',103),(302,'2016-07-25',109,99,'FOB','PARCELADO','2015-08-28','2015-10-02',2450,'2019-12-04','NOVA',317.56,217,217,124,'RECEBIMENTO','VERDE',11,1,12,'S',5,'',104),(303,'2016-07-25',110,100,'FOB','PARCELADO','2015-08-29','2015-10-03',2451,'2019-12-05','NOVA',318.56,218,218,125,'RECEBIMENTO','VERDE',11,1,13,'S',5,'',105),(304,'2016-07-25',115,105,'FOB','PARCELADO','2015-09-03','2015-10-08',2456,'2019-12-10','NOVA',323.56,223,223,130,'RECEBIMENTO','VERDE',11,1,18,'S',5,'',110),(305,'2016-07-25',116,106,'FOB','PARCELADO','2015-09-04','2015-10-09',2457,'2019-12-11','NOVA',324.56,224,224,131,'RECEBIMENTO','VERDE',11,1,19,'S',5,'',111),(306,'2016-07-25',117,107,'FOB','PARCELADO','2015-09-05','2015-10-10',2458,'2019-12-12','NOVA',325.56,225,225,132,'RECEBIMENTO','VERDE',11,1,20,'S',5,'',112),(307,'2016-07-25',118,108,'FOB','PARCELADO','2015-09-06','2015-10-11',2459,'2019-12-13','NOVA',326.56,226,226,133,'RECEBIMENTO','VERDE',11,1,76,'S',5,'',113),(308,'2016-07-25',119,109,'FOB','PARCELADO','2015-09-07','2015-10-12',2460,'2019-12-14','NOVA',327.56,227,227,134,'RECEBIMENTO','VERDE',11,1,77,'S',5,'',114),(309,'2016-07-25',120,110,'FOB','PARCELADO','2015-09-08','2015-10-13',2461,'2019-12-15','NOVA',328.56,228,228,135,'RECEBIMENTO','VERDE',11,1,80,'S',5,'',115),(310,'2016-07-25',121,111,'FOB','PARCELADO','2015-09-09','2015-10-14',2462,'2019-12-16','NOVA',329.56,229,229,136,'RECEBIMENTO','VERDE',11,1,88,'S',5,'',116),(311,'2016-07-25',122,112,'FOB','PARCELADO','2015-09-10','2015-10-15',2463,'2019-12-17','NOVA',330.56,230,230,137,'RECEBIMENTO','VERDE',11,1,90,'S',5,'',117),(312,'2016-07-25',123,113,'FOB','PARCELADO','2015-09-11','2015-10-16',2464,'2019-12-18','NOVA',331.56,231,231,138,'RECEBIMENTO','VERDE',11,1,92,'S',5,'',118),(313,'2016-07-25',124,114,'FOB','PARCELADO','2015-09-12','2015-10-17',2465,'2019-12-19','NOVA',332.56,232,232,139,'RECEBIMENTO','VERDE',11,1,109,'S',5,'',119),(314,'2016-07-25',125,115,'FOB','PARCELADO','2015-09-13','2015-10-18',2466,'2019-12-20','NOVA',333.56,233,233,140,'RECEBIMENTO','VERDE',11,1,111,'S',5,'',120),(315,'2016-07-25',126,116,'FOB','PARCELADO','2015-09-14','2015-10-19',2467,'2019-12-21','NOVA',334.56,234,234,141,'RECEBIMENTO','VERDE',11,1,112,'S',5,'',121),(316,'2016-07-25',127,117,'FOB','PARCELADO','2015-09-15','2015-10-20',2468,'2019-12-22','NOVA',335.56,235,235,142,'RECEBIMENTO','VERDE',11,1,113,'S',5,'',122),(317,'2016-07-25',128,118,'FOB','PARCELADO','2015-09-16','2015-10-21',2469,'2019-12-23','NOVA',336.56,236,236,143,'RECEBIMENTO','VERDE',11,1,114,'S',5,'',123),(318,'2016-07-25',129,119,'FOB','PARCELADO','2015-09-17','2015-10-22',2470,'2019-12-24','NOVA',337.56,237,237,144,'RECEBIMENTO','VERDE',11,1,115,'S',5,'',124),(319,'2016-07-25',130,120,'FOB','PARCELADO','2015-09-18','2015-10-23',2471,'2019-12-25','NOVA',338.56,238,238,145,'RECEBIMENTO','VERDE',11,1,116,'S',5,'',125),(320,'2016-07-25',131,121,'FOB','PARCELADO','2015-09-19','2015-10-24',2472,'2019-12-26','NOVA',339.56,239,239,146,'RECEBIMENTO','VERDE',11,1,117,'S',5,'',126),(321,'2016-07-25',132,122,'FOB','PARCELADO','2015-09-20','2015-10-25',2473,'2019-12-27','NOVA',340.56,240,240,147,'RECEBIMENTO','VERDE',11,1,118,'S',5,'',127),(322,'2016-07-25',133,123,'FOB','PARCELADO','2015-09-21','2015-10-26',2474,'2019-12-28','NOVA',341.56,241,241,148,'RECEBIMENTO','VERDE',11,1,119,'S',5,'',128),(323,'2016-07-25',134,124,'FOB','PARCELADO','2015-09-22','2015-10-27',2475,'2019-12-29','NOVA',342.56,242,242,149,'RECEBIMENTO','VERDE',11,1,120,'S',5,'',129),(324,'2016-07-25',135,125,'FOB','PARCELADO','2015-09-23','2015-10-28',2476,'2019-12-30','NOVA',343.56,243,243,150,'RECEBIMENTO','VERDE',11,1,121,'S',5,'',130),(325,'2016-07-25',136,126,'FOB','PARCELADO','2015-09-24','2015-10-29',2477,'2019-12-31','NOVA',344.56,244,244,151,'RECEBIMENTO','VERDE',11,1,122,'S',5,'',131),(326,'2016-07-25',137,127,'FOB','PARCELADO','2015-09-25','2015-10-30',2478,'2020-01-01','NOVA',345.56,245,245,152,'RECEBIMENTO','VERDE',11,1,123,'S',5,'',132),(327,'2016-07-25',138,128,'FOB','PARCELADO','2015-09-26','2015-10-31',2479,'2020-01-02','NOVA',346.56,246,246,153,'RECEBIMENTO','VERDE',11,1,124,'S',5,'',133),(328,'2016-07-25',29,19,'FOB','PARCELADO','2015-06-09','2015-07-14',2370,'2019-09-15','NOVA',237.56,137,137,44,'RECEBIMENTO','VERDE',13,1,60,'S',5,'',24),(329,'2016-07-25',30,20,'FOB','PARCELADO','2015-06-10','2015-07-15',2371,'2019-09-16','NOVA',238.56,138,138,45,'RECEBIMENTO','VERDE',13,1,61,'S',5,'',25),(330,'2016-07-25',31,21,'FOB','PARCELADO','2015-06-11','2015-07-16',2372,'2019-09-17','NOVA',239.56,139,139,46,'RECEBIMENTO','VERDE',13,1,62,'S',5,'',26),(331,'2016-07-25',32,22,'FOB','PARCELADO','2015-06-12','2015-07-17',2373,'2019-09-18','NOVA',240.56,140,140,47,'RECEBIMENTO','VERDE',13,1,63,'S',5,'',27),(332,'2016-07-25',33,23,'FOB','PARCELADO','2015-06-13','2015-07-18',2374,'2019-09-19','NOVA',241.56,141,141,48,'RECEBIMENTO','VERDE',13,1,64,'S',5,'',28),(333,'2016-07-25',34,24,'FOB','PARCELADO','2015-06-14','2015-07-19',2375,'2019-09-20','NOVA',242.56,142,142,49,'RECEBIMENTO','VERDE',13,1,65,'S',5,'',29),(334,'2016-07-25',35,25,'FOB','PARCELADO','2015-06-15','2015-07-20',2376,'2019-09-21','NOVA',243.56,143,143,50,'RECEBIMENTO','VERDE',13,1,66,'S',5,'',30),(335,'2016-07-25',36,26,'FOB','PARCELADO','2015-06-16','2015-07-21',2377,'2019-09-22','NOVA',244.56,144,144,51,'RECEBIMENTO','VERDE',13,1,67,'S',5,'',31),(336,'2016-07-25',37,27,'FOB','PARCELADO','2015-06-17','2015-07-22',2378,'2019-09-23','NOVA',245.56,145,145,52,'RECEBIMENTO','VERDE',13,1,68,'S',5,'',32),(337,'2016-07-25',38,28,'FOB','PARCELADO','2015-06-18','2015-07-23',2379,'2019-09-24','NOVA',246.56,146,146,53,'RECEBIMENTO','VERDE',13,1,69,'S',5,'',33),(338,'2016-07-25',39,29,'FOB','PARCELADO','2015-06-19','2015-07-24',2380,'2019-09-25','NOVA',247.56,147,147,54,'RECEBIMENTO','VERDE',13,1,70,'S',5,'',34),(339,'2016-07-25',40,30,'FOB','PARCELADO','2015-06-20','2015-07-25',2381,'2019-09-26','NOVA',248.56,148,148,55,'RECEBIMENTO','VERDE',13,1,71,'S',5,'',35),(340,'2016-07-25',41,31,'FOB','PARCELADO','2015-06-21','2015-07-26',2382,'2019-09-27','NOVA',249.56,149,149,56,'RECEBIMENTO','VERDE',13,1,72,'S',5,'',36),(341,'2016-07-25',42,32,'FOB','PARCELADO','2015-06-22','2015-07-27',2383,'2019-09-28','NOVA',250.56,150,150,57,'RECEBIMENTO','VERDE',13,1,73,'S',5,'',37),(342,'2016-07-25',43,33,'FOB','PARCELADO','2015-06-23','2015-07-28',2384,'2019-09-29','NOVA',251.56,151,151,58,'RECEBIMENTO','VERDE',13,1,74,'S',5,'',38),(343,'2016-07-25',44,34,'FOB','PARCELADO','2015-06-24','2015-07-29',2385,'2019-09-30','NOVA',252.56,152,152,59,'RECEBIMENTO','VERDE',13,1,75,'S',5,'',39),(344,'2016-07-25',45,35,'FOB','PARCELADO','2015-06-25','2015-07-30',2386,'2019-10-01','NOVA',253.56,153,153,60,'RECEBIMENTO','VERDE',13,1,21,'S',5,'',40),(345,'2016-07-25',46,36,'FOB','PARCELADO','2015-06-26','2015-07-31',2387,'2019-10-02','NOVA',254.56,154,154,61,'RECEBIMENTO','VERDE',13,1,22,'S',5,'',41),(346,'2016-07-25',47,37,'FOB','PARCELADO','2015-06-27','2015-08-01',2388,'2019-10-03','NOVA',255.56,155,155,62,'RECEBIMENTO','VERDE',13,1,23,'S',5,'',42),(347,'2016-07-25',48,38,'FOB','PARCELADO','2015-06-28','2015-08-02',2389,'2019-10-04','NOVA',256.56,156,156,63,'RECEBIMENTO','VERDE',13,1,24,'S',5,'',43),(348,'2016-07-25',49,39,'FOB','PARCELADO','2015-06-29','2015-08-03',2390,'2019-10-05','NOVA',257.56,157,157,64,'RECEBIMENTO','VERDE',13,1,25,'S',5,'',44),(349,'2016-07-25',50,40,'FOB','PARCELADO','2015-06-30','2015-08-04',2391,'2019-10-06','NOVA',258.56,158,158,65,'RECEBIMENTO','VERDE',13,1,26,'S',5,'',45),(350,'2016-07-25',51,41,'FOB','PARCELADO','2015-07-01','2015-08-05',2392,'2019-10-07','NOVA',259.56,159,159,66,'RECEBIMENTO','VERDE',13,1,27,'S',5,'',46),(351,'2016-07-25',52,42,'FOB','PARCELADO','2015-07-02','2015-08-06',2393,'2019-10-08','NOVA',260.56,160,160,67,'RECEBIMENTO','VERDE',13,1,28,'S',5,'',47),(352,'2016-07-25',53,43,'FOB','PARCELADO','2015-07-03','2015-08-07',2394,'2019-10-09','NOVA',261.56,161,161,68,'RECEBIMENTO','VERDE',13,1,29,'S',5,'',48),(353,'2016-07-25',54,44,'FOB','PARCELADO','2015-07-04','2015-08-08',2395,'2019-10-10','NOVA',262.56,162,162,69,'RECEBIMENTO','VERDE',13,1,30,'S',5,'',49),(354,'2016-07-25',55,45,'FOB','PARCELADO','2015-07-05','2015-08-09',2396,'2019-10-11','NOVA',263.56,163,163,70,'RECEBIMENTO','VERDE',13,1,31,'S',5,'',50),(355,'2016-07-25',56,46,'FOB','PARCELADO','2015-07-06','2015-08-10',2397,'2019-10-12','NOVA',264.56,164,164,71,'RECEBIMENTO','VERDE',13,1,32,'S',5,'',51),(356,'2016-07-25',57,47,'FOB','PARCELADO','2015-07-07','2015-08-11',2398,'2019-10-13','NOVA',265.56,165,165,72,'RECEBIMENTO','VERDE',13,1,33,'S',5,'',52),(357,'2016-07-25',58,48,'FOB','PARCELADO','2015-07-08','2015-08-12',2399,'2019-10-14','NOVA',266.56,166,166,73,'RECEBIMENTO','VERDE',13,1,34,'S',5,'',53),(358,'2016-07-25',59,49,'FOB','PARCELADO','2015-07-09','2015-08-13',2400,'2019-10-15','NOVA',267.56,167,167,74,'RECEBIMENTO','VERDE',13,1,35,'S',5,'',54),(359,'2016-07-25',60,50,'FOB','PARCELADO','2015-07-10','2015-08-14',2401,'2019-10-16','NOVA',268.56,168,168,75,'RECEBIMENTO','VERDE',13,1,36,'S',5,'',55),(360,'2016-07-25',61,51,'FOB','PARCELADO','2015-07-11','2015-08-15',2402,'2019-10-17','NOVA',269.56,169,169,76,'RECEBIMENTO','VERDE',13,1,37,'S',5,'',56),(361,'2016-07-25',62,52,'FOB','PARCELADO','2015-07-12','2015-08-16',2403,'2019-10-18','NOVA',270.56,170,170,77,'RECEBIMENTO','VERDE',13,1,38,'S',5,'',57),(362,'2016-07-25',63,53,'FOB','PARCELADO','2015-07-13','2015-08-17',2404,'2019-10-19','NOVA',271.56,171,171,78,'RECEBIMENTO','VERDE',13,1,39,'S',5,'',58),(363,'2016-07-25',64,54,'FOB','PARCELADO','2015-07-14','2015-08-18',2405,'2019-10-20','NOVA',272.56,172,172,79,'RECEBIMENTO','VERDE',13,1,40,'S',5,'',59),(364,'2016-07-25',65,55,'FOB','PARCELADO','2015-07-15','2015-08-19',2406,'2019-10-21','NOVA',273.56,173,173,80,'RECEBIMENTO','VERDE',13,1,41,'S',5,'',60),(365,'2016-07-25',66,56,'FOB','PARCELADO','2015-07-16','2015-08-20',2407,'2019-10-22','NOVA',274.56,174,174,81,'RECEBIMENTO','VERDE',13,1,42,'S',5,'',61),(366,'2016-07-25',67,57,'FOB','PARCELADO','2015-07-17','2015-08-21',2408,'2019-10-23','NOVA',275.56,175,175,82,'RECEBIMENTO','VERDE',13,1,43,'S',5,'',62),(367,'2016-07-25',68,58,'FOB','PARCELADO','2015-07-18','2015-08-22',2409,'2019-10-24','NOVA',276.56,176,176,83,'RECEBIMENTO','VERDE',13,1,57,'S',5,'',63),(368,'2016-07-25',69,59,'FOB','PARCELADO','2015-07-19','2015-08-23',2410,'2019-10-25','NOVA',277.56,177,177,84,'RECEBIMENTO','VERDE',13,1,78,'S',5,'',64),(369,'2016-07-25',70,60,'FOB','PARCELADO','2015-07-20','2015-08-24',2411,'2019-10-26','NOVA',278.56,178,178,85,'RECEBIMENTO','VERDE',13,1,110,'S',5,'',65),(370,'2016-07-25',71,61,'FOB','PARCELADO','2015-07-21','2015-08-25',2412,'2019-10-27','NOVA',279.56,179,179,86,'RECEBIMENTO','VERDE',13,1,103,'S',5,'',66),(371,'2016-07-25',78,68,'FOB','PARCELADO','2015-07-28','2015-09-01',2419,'2019-11-03','NOVA',286.56,186,186,93,'RECEBIMENTO','VERDE',13,1,86,'S',5,'',73),(372,'2016-07-25',79,69,'FOB','PARCELADO','2015-07-29','2015-09-02',2420,'2019-11-04','NOVA',287.56,187,187,94,'RECEBIMENTO','VERDE',13,1,87,'S',5,'',74),(373,'2016-07-25',80,70,'FOB','PARCELADO','2015-07-30','2015-09-03',2421,'2019-11-05','NOVA',288.56,188,188,95,'RECEBIMENTO','VERDE',13,1,89,'S',5,'',75),(374,'2016-07-25',81,71,'FOB','PARCELADO','2015-07-31','2015-09-04',2422,'2019-11-06','NOVA',289.56,189,189,96,'RECEBIMENTO','VERDE',13,1,91,'S',5,'',76),(375,'2016-07-25',82,72,'FOB','PARCELADO','2015-08-01','2015-09-05',2423,'2019-11-07','NOVA',290.56,190,190,97,'RECEBIMENTO','VERDE',13,1,93,'S',5,'',77),(376,'2016-07-25',83,73,'FOB','PARCELADO','2015-08-02','2015-09-06',2424,'2019-11-08','NOVA',291.56,191,191,98,'RECEBIMENTO','VERDE',13,1,94,'S',5,'',78),(377,'2016-07-25',84,74,'FOB','PARCELADO','2015-08-03','2015-09-07',2425,'2019-11-09','NOVA',292.56,192,192,99,'RECEBIMENTO','VERDE',13,1,95,'S',5,'',79),(378,'2016-07-25',85,75,'FOB','PARCELADO','2015-08-04','2015-09-08',2426,'2019-11-10','NOVA',293.56,193,193,100,'RECEBIMENTO','VERDE',13,1,96,'S',5,'',80),(379,'2016-07-25',86,76,'FOB','PARCELADO','2015-08-05','2015-09-09',2427,'2019-11-11','NOVA',294.56,194,194,101,'RECEBIMENTO','VERDE',13,1,97,'S',5,'',81),(380,'2016-07-25',87,77,'FOB','PARCELADO','2015-08-06','2015-09-10',2428,'2019-11-12','NOVA',295.56,195,195,102,'RECEBIMENTO','VERDE',13,1,98,'S',5,'',82),(381,'2016-07-25',88,78,'FOB','PARCELADO','2015-08-07','2015-09-11',2429,'2019-11-13','NOVA',296.56,196,196,103,'RECEBIMENTO','VERDE',13,1,99,'S',5,'',83),(382,'2016-07-25',89,79,'FOB','PARCELADO','2015-08-08','2015-09-12',2430,'2019-11-14','NOVA',297.56,197,197,104,'RECEBIMENTO','VERDE',13,1,100,'S',5,'',84),(383,'2016-07-25',90,80,'FOB','PARCELADO','2015-08-09','2015-09-13',2431,'2019-11-15','NOVA',298.56,198,198,105,'RECEBIMENTO','VERDE',13,1,101,'S',5,'',85),(384,'2016-07-25',91,81,'FOB','PARCELADO','2015-08-10','2015-09-14',2432,'2019-11-16','NOVA',299.56,199,199,106,'RECEBIMENTO','VERDE',13,1,102,'S',5,'',86),(385,'2016-07-25',92,82,'FOB','PARCELADO','2015-08-11','2015-09-15',2433,'2019-11-17','NOVA',300.56,200,200,107,'RECEBIMENTO','VERDE',13,1,104,'S',5,'',87),(386,'2016-07-25',93,83,'FOB','PARCELADO','2015-08-12','2015-09-16',2434,'2019-11-18','NOVA',301.56,201,201,108,'RECEBIMENTO','VERDE',13,1,105,'S',5,'',88),(387,'2016-07-25',94,84,'FOB','PARCELADO','2015-08-13','2015-09-17',2435,'2019-11-19','NOVA',302.56,202,202,109,'RECEBIMENTO','VERDE',13,1,106,'S',5,'',89),(388,'2016-07-25',95,85,'FOB','PARCELADO','2015-08-14','2015-09-18',2436,'2019-11-20','NOVA',303.56,203,203,110,'RECEBIMENTO','VERDE',13,1,107,'S',5,'',90),(389,'2016-07-25',96,86,'FOB','PARCELADO','2015-08-15','2015-09-19',2437,'2019-11-21','NOVA',304.56,204,204,111,'RECEBIMENTO','VERDE',13,1,108,'S',5,'',91),(390,'2016-07-25',97,87,'FOB','PARCELADO','2015-08-16','2015-09-20',2438,'2019-11-22','NOVA',305.56,205,205,112,'RECEBIMENTO','VERDE',13,1,125,'S',5,'',92),(391,'2016-07-25',98,88,'FOB','PARCELADO','2015-08-17','2015-09-21',10,'2019-11-23','NOVA',306.56,206,206,113,'RECEBIMENTO','VERDE',13,1,1,'S',5,'',93),(392,'2016-07-25',99,89,'FOB','PARCELADO','2015-08-18','2015-09-22',2440,'2019-11-24','NOVA',307.56,207,207,114,'RECEBIMENTO','VERDE',13,1,2,'S',5,'',94),(393,'2016-07-25',100,90,'FOB','PARCELADO','2015-08-19','2015-09-23',2441,'2019-11-25','NOVA',308.56,208,208,115,'RECEBIMENTO','VERDE',13,1,3,'S',5,'',95),(394,'2016-07-25',101,91,'FOB','PARCELADO','2015-08-20','2015-09-24',2442,'2019-11-26','NOVA',309.56,209,209,116,'RECEBIMENTO','VERDE',13,1,4,'S',5,'',96),(395,'2016-07-25',102,92,'FOB','PARCELADO','2015-08-21','2015-09-25',2443,'2019-11-27','NOVA',310.56,210,210,117,'RECEBIMENTO','VERDE',13,1,5,'S',5,'',97),(396,'2016-07-25',103,93,'FOB','PARCELADO','2015-08-22','2015-09-26',2444,'2019-11-28','NOVA',311.56,211,211,118,'RECEBIMENTO','VERDE',13,1,6,'S',5,'',98),(397,'2016-07-25',104,94,'FOB','PARCELADO','2015-08-23','2015-09-27',2445,'2019-11-29','NOVA',312.56,212,212,119,'RECEBIMENTO','VERDE',13,1,7,'S',5,'',99),(398,'2016-07-25',105,95,'FOB','PARCELADO','2015-08-24','2015-09-28',2446,'2019-11-30','NOVA',313.56,213,213,120,'RECEBIMENTO','VERDE',13,1,8,'S',5,'',100),(399,'2016-07-25',106,96,'FOB','PARCELADO','2015-08-25','2015-09-29',2447,'2019-12-01','NOVA',314.56,214,214,121,'RECEBIMENTO','VERDE',13,1,9,'S',5,'',101),(400,'2016-07-25',107,97,'FOB','PARCELADO','2015-08-26','2015-09-30',2448,'2019-12-02','NOVA',315.56,215,215,122,'RECEBIMENTO','VERDE',13,1,10,'S',5,'',102),(401,'2016-07-25',108,98,'FOB','PARCELADO','2015-08-27','2015-10-01',2449,'2019-12-03','NOVA',316.56,216,216,123,'RECEBIMENTO','VERDE',13,1,11,'S',5,'',103),(402,'2016-07-25',109,99,'FOB','PARCELADO','2015-08-28','2015-10-02',2450,'2019-12-04','NOVA',317.56,217,217,124,'RECEBIMENTO','VERDE',13,1,12,'S',5,'',104),(403,'2016-07-25',110,100,'FOB','PARCELADO','2015-08-29','2015-10-03',2451,'2019-12-05','NOVA',318.56,218,218,125,'RECEBIMENTO','VERDE',13,1,13,'S',5,'',105),(404,'2016-07-25',115,105,'FOB','PARCELADO','2015-09-03','2015-10-08',2456,'2019-12-10','NOVA',323.56,223,223,130,'RECEBIMENTO','VERDE',13,1,18,'S',5,'',110),(405,'2016-07-25',116,106,'FOB','PARCELADO','2015-09-04','2015-10-09',2457,'2019-12-11','NOVA',324.56,224,224,131,'RECEBIMENTO','VERDE',13,1,19,'S',5,'',111),(406,'2016-07-25',117,107,'FOB','PARCELADO','2015-09-05','2015-10-10',2458,'2019-12-12','NOVA',325.56,225,225,132,'RECEBIMENTO','VERDE',13,1,20,'S',5,'',112),(407,'2016-07-25',118,108,'FOB','PARCELADO','2015-09-06','2015-10-11',2459,'2019-12-13','NOVA',326.56,226,226,133,'RECEBIMENTO','VERDE',13,1,76,'S',5,'',113),(408,'2016-07-25',119,109,'FOB','PARCELADO','2015-09-07','2015-10-12',2460,'2019-12-14','NOVA',327.56,227,227,134,'RECEBIMENTO','VERDE',13,1,77,'S',5,'',114),(409,'2016-07-25',120,110,'FOB','PARCELADO','2015-09-08','2015-10-13',2461,'2019-12-15','NOVA',328.56,228,228,135,'RECEBIMENTO','VERDE',13,1,80,'S',5,'',115),(410,'2016-07-25',121,111,'FOB','PARCELADO','2015-09-09','2015-10-14',2462,'2019-12-16','NOVA',329.56,229,229,136,'RECEBIMENTO','VERDE',13,1,88,'S',5,'',116),(411,'2016-07-25',122,112,'FOB','PARCELADO','2015-09-10','2015-10-15',2463,'2019-12-17','NOVA',330.56,230,230,137,'RECEBIMENTO','VERDE',13,1,90,'S',5,'',117),(412,'2016-07-25',123,113,'FOB','PARCELADO','2015-09-11','2015-10-16',2464,'2019-12-18','NOVA',331.56,231,231,138,'RECEBIMENTO','VERDE',13,1,92,'S',5,'',118),(413,'2016-07-25',124,114,'FOB','PARCELADO','2015-09-12','2015-10-17',2465,'2019-12-19','NOVA',332.56,232,232,139,'RECEBIMENTO','VERDE',13,1,109,'S',5,'',119),(414,'2016-07-25',125,115,'FOB','PARCELADO','2015-09-13','2015-10-18',2466,'2019-12-20','NOVA',333.56,233,233,140,'RECEBIMENTO','VERDE',13,1,111,'S',5,'',120),(415,'2016-07-25',126,116,'FOB','PARCELADO','2015-09-14','2015-10-19',2467,'2019-12-21','NOVA',334.56,234,234,141,'RECEBIMENTO','VERDE',13,1,112,'S',5,'',121),(416,'2016-07-25',127,117,'FOB','PARCELADO','2015-09-15','2015-10-20',2468,'2019-12-22','NOVA',335.56,235,235,142,'RECEBIMENTO','VERDE',13,1,113,'S',5,'',122),(417,'2016-07-25',128,118,'FOB','PARCELADO','2015-09-16','2015-10-21',2469,'2019-12-23','NOVA',336.56,236,236,143,'RECEBIMENTO','VERDE',13,1,114,'S',5,'',123),(418,'2016-07-25',129,119,'FOB','PARCELADO','2015-09-17','2015-10-22',2470,'2019-12-24','NOVA',337.56,237,237,144,'RECEBIMENTO','VERDE',13,1,115,'S',5,'',124),(419,'2016-07-25',130,120,'FOB','PARCELADO','2015-09-18','2015-10-23',2471,'2019-12-25','NOVA',338.56,238,238,145,'RECEBIMENTO','VERDE',13,1,116,'S',5,'',125),(420,'2016-07-25',131,121,'FOB','PARCELADO','2015-09-19','2015-10-24',2472,'2019-12-26','NOVA',339.56,239,239,146,'RECEBIMENTO','VERDE',13,1,117,'S',5,'',126),(421,'2016-07-25',132,122,'FOB','PARCELADO','2015-09-20','2015-10-25',2473,'2019-12-27','NOVA',340.56,240,240,147,'RECEBIMENTO','VERDE',13,1,118,'S',5,'',127),(422,'2016-07-25',133,123,'FOB','PARCELADO','2015-09-21','2015-10-26',2474,'2019-12-28','NOVA',341.56,241,241,148,'RECEBIMENTO','VERDE',13,1,119,'S',5,'',128),(423,'2016-07-25',134,124,'FOB','PARCELADO','2015-09-22','2015-10-27',2475,'2019-12-29','NOVA',342.56,242,242,149,'RECEBIMENTO','VERDE',13,1,120,'S',5,'',129),(424,'2016-07-25',135,125,'FOB','PARCELADO','2015-09-23','2015-10-28',2476,'2019-12-30','NOVA',343.56,243,243,150,'RECEBIMENTO','VERDE',13,1,121,'S',5,'',130),(425,'2016-07-25',136,126,'FOB','PARCELADO','2015-09-24','2015-10-29',2477,'2019-12-31','NOVA',344.56,244,244,151,'RECEBIMENTO','VERDE',13,1,122,'S',5,'',131),(426,'2016-07-25',137,127,'FOB','PARCELADO','2015-09-25','2015-10-30',2478,'2020-01-01','NOVA',345.56,245,245,152,'RECEBIMENTO','VERDE',13,1,123,'S',5,'',132),(427,'2016-07-25',138,128,'FOB','PARCELADO','2015-09-26','2015-10-31',2479,'2020-01-02','NOVA',346.56,246,246,153,'RECEBIMENTO','VERDE',13,1,124,'S',5,'',133),(428,'2016-07-25',29,19,'FOB','PARCELADO','2015-06-09','2015-07-14',2370,'2019-09-15','NOVA',237.56,137,137,44,'RECEBIMENTO','VERDE',14,1,60,'S',5,'',24),(429,'2016-07-25',30,20,'FOB','PARCELADO','2015-06-10','2015-07-15',2371,'2019-09-16','NOVA',238.56,138,138,45,'RECEBIMENTO','VERDE',14,1,61,'S',5,'',25),(430,'2016-07-25',31,21,'FOB','PARCELADO','2015-06-11','2015-07-16',2372,'2019-09-17','NOVA',239.56,139,139,46,'RECEBIMENTO','VERDE',14,1,62,'S',5,'',26),(431,'2016-07-25',32,22,'FOB','PARCELADO','2015-06-12','2015-07-17',2373,'2019-09-18','NOVA',240.56,140,140,47,'RECEBIMENTO','VERDE',14,1,63,'S',5,'',27),(432,'2016-07-25',33,23,'FOB','PARCELADO','2015-06-13','2015-07-18',2374,'2019-09-19','NOVA',241.56,141,141,48,'RECEBIMENTO','VERDE',14,1,64,'S',5,'',28),(433,'2016-07-25',34,24,'FOB','PARCELADO','2015-06-14','2015-07-19',2375,'2019-09-20','NOVA',242.56,142,142,49,'RECEBIMENTO','VERDE',14,1,65,'S',5,'',29),(434,'2016-07-25',35,25,'FOB','PARCELADO','2015-06-15','2015-07-20',2376,'2019-09-21','NOVA',243.56,143,143,50,'RECEBIMENTO','VERDE',14,1,66,'S',5,'',30),(435,'2016-07-25',36,26,'FOB','PARCELADO','2015-06-16','2015-07-21',2377,'2019-09-22','NOVA',244.56,144,144,51,'RECEBIMENTO','VERDE',14,1,67,'S',5,'',31),(436,'2016-07-25',37,27,'FOB','PARCELADO','2015-06-17','2015-07-22',2378,'2019-09-23','NOVA',245.56,145,145,52,'RECEBIMENTO','VERDE',14,1,68,'S',5,'',32),(437,'2016-07-25',38,28,'FOB','PARCELADO','2015-06-18','2015-07-23',2379,'2019-09-24','NOVA',246.56,146,146,53,'RECEBIMENTO','VERDE',14,1,69,'S',5,'',33),(438,'2016-07-25',39,29,'FOB','PARCELADO','2015-06-19','2015-07-24',2380,'2019-09-25','NOVA',247.56,147,147,54,'RECEBIMENTO','VERDE',14,1,70,'S',5,'',34),(439,'2016-07-25',40,30,'FOB','PARCELADO','2015-06-20','2015-07-25',2381,'2019-09-26','NOVA',248.56,148,148,55,'RECEBIMENTO','VERDE',14,1,71,'S',5,'',35),(440,'2016-07-25',41,31,'FOB','PARCELADO','2015-06-21','2015-07-26',2382,'2019-09-27','NOVA',249.56,149,149,56,'RECEBIMENTO','VERDE',14,1,72,'S',5,'',36),(441,'2016-07-25',42,32,'FOB','PARCELADO','2015-06-22','2015-07-27',2383,'2019-09-28','NOVA',250.56,150,150,57,'RECEBIMENTO','VERDE',14,1,73,'S',5,'',37),(442,'2016-07-25',43,33,'FOB','PARCELADO','2015-06-23','2015-07-28',2384,'2019-09-29','NOVA',251.56,151,151,58,'RECEBIMENTO','VERDE',14,1,74,'S',5,'',38),(443,'2016-07-25',44,34,'FOB','PARCELADO','2015-06-24','2015-07-29',2385,'2019-09-30','NOVA',252.56,152,152,59,'RECEBIMENTO','VERDE',14,1,75,'S',5,'',39),(444,'2016-07-25',45,35,'FOB','PARCELADO','2015-06-25','2015-07-30',2386,'2019-10-01','NOVA',253.56,153,153,60,'RECEBIMENTO','VERDE',14,1,21,'S',5,'',40),(445,'2016-07-25',46,36,'FOB','PARCELADO','2015-06-26','2015-07-31',2387,'2019-10-02','NOVA',254.56,154,154,61,'RECEBIMENTO','VERDE',14,1,22,'S',5,'',41),(446,'2016-07-25',47,37,'FOB','PARCELADO','2015-06-27','2015-08-01',2388,'2019-10-03','NOVA',255.56,155,155,62,'RECEBIMENTO','VERDE',14,1,23,'S',5,'',42),(447,'2016-07-25',48,38,'FOB','PARCELADO','2015-06-28','2015-08-02',2389,'2019-10-04','NOVA',256.56,156,156,63,'RECEBIMENTO','VERDE',14,1,24,'S',5,'',43),(448,'2016-07-25',49,39,'FOB','PARCELADO','2015-06-29','2015-08-03',2390,'2019-10-05','NOVA',257.56,157,157,64,'RECEBIMENTO','VERDE',14,1,25,'S',5,'',44),(449,'2016-07-25',50,40,'FOB','PARCELADO','2015-06-30','2015-08-04',2391,'2019-10-06','NOVA',258.56,158,158,65,'RECEBIMENTO','VERDE',14,1,26,'S',5,'',45),(450,'2016-07-25',51,41,'FOB','PARCELADO','2015-07-01','2015-08-05',2392,'2019-10-07','NOVA',259.56,159,159,66,'RECEBIMENTO','VERDE',14,1,27,'S',5,'',46),(451,'2016-07-25',52,42,'FOB','PARCELADO','2015-07-02','2015-08-06',2393,'2019-10-08','NOVA',260.56,160,160,67,'RECEBIMENTO','VERDE',14,1,28,'S',5,'',47),(452,'2016-07-25',53,43,'FOB','PARCELADO','2015-07-03','2015-08-07',2394,'2019-10-09','NOVA',261.56,161,161,68,'RECEBIMENTO','VERDE',14,1,29,'S',5,'',48),(453,'2016-07-25',54,44,'FOB','PARCELADO','2015-07-04','2015-08-08',2395,'2019-10-10','NOVA',262.56,162,162,69,'RECEBIMENTO','VERDE',14,1,30,'S',5,'',49),(454,'2016-07-25',55,45,'FOB','PARCELADO','2015-07-05','2015-08-09',2396,'2019-10-11','NOVA',263.56,163,163,70,'RECEBIMENTO','VERDE',14,1,31,'S',5,'',50),(455,'2016-07-25',56,46,'FOB','PARCELADO','2015-07-06','2015-08-10',2397,'2019-10-12','NOVA',264.56,164,164,71,'RECEBIMENTO','VERDE',14,1,32,'S',5,'',51),(456,'2016-07-25',57,47,'FOB','PARCELADO','2015-07-07','2015-08-11',2398,'2019-10-13','NOVA',265.56,165,165,72,'RECEBIMENTO','VERDE',14,1,33,'S',5,'',52),(457,'2016-07-25',58,48,'FOB','PARCELADO','2015-07-08','2015-08-12',2399,'2019-10-14','NOVA',266.56,166,166,73,'RECEBIMENTO','VERDE',14,1,34,'S',5,'',53),(458,'2016-07-25',59,49,'FOB','PARCELADO','2015-07-09','2015-08-13',2400,'2019-10-15','NOVA',267.56,167,167,74,'RECEBIMENTO','VERDE',14,1,35,'S',5,'',54),(459,'2016-07-25',60,50,'FOB','PARCELADO','2015-07-10','2015-08-14',2401,'2019-10-16','NOVA',268.56,168,168,75,'RECEBIMENTO','VERDE',14,1,36,'S',5,'',55),(460,'2016-07-25',61,51,'FOB','PARCELADO','2015-07-11','2015-08-15',2402,'2019-10-17','NOVA',269.56,169,169,76,'RECEBIMENTO','VERDE',14,1,37,'S',5,'',56),(461,'2016-07-25',62,52,'FOB','PARCELADO','2015-07-12','2015-08-16',2403,'2019-10-18','NOVA',270.56,170,170,77,'RECEBIMENTO','VERDE',14,1,38,'S',5,'',57),(462,'2016-07-25',63,53,'FOB','PARCELADO','2015-07-13','2015-08-17',2404,'2019-10-19','NOVA',271.56,171,171,78,'RECEBIMENTO','VERDE',14,1,39,'S',5,'',58),(463,'2016-07-25',64,54,'FOB','PARCELADO','2015-07-14','2015-08-18',2405,'2019-10-20','NOVA',272.56,172,172,79,'RECEBIMENTO','VERDE',14,1,40,'S',5,'',59),(464,'2016-07-25',65,55,'FOB','PARCELADO','2015-07-15','2015-08-19',2406,'2019-10-21','NOVA',273.56,173,173,80,'RECEBIMENTO','VERDE',14,1,41,'S',5,'',60),(465,'2016-07-25',66,56,'FOB','PARCELADO','2015-07-16','2015-08-20',2407,'2019-10-22','NOVA',274.56,174,174,81,'RECEBIMENTO','VERDE',14,1,42,'S',5,'',61),(466,'2016-07-25',67,57,'FOB','PARCELADO','2015-07-17','2015-08-21',2408,'2019-10-23','NOVA',275.56,175,175,82,'RECEBIMENTO','VERDE',14,1,43,'S',5,'',62),(467,'2016-07-25',68,58,'FOB','PARCELADO','2015-07-18','2015-08-22',2409,'2019-10-24','NOVA',276.56,176,176,83,'RECEBIMENTO','VERDE',14,1,57,'S',5,'',63),(468,'2016-07-25',69,59,'FOB','PARCELADO','2015-07-19','2015-08-23',2410,'2019-10-25','NOVA',277.56,177,177,84,'RECEBIMENTO','VERDE',14,1,78,'S',5,'',64),(469,'2016-07-25',70,60,'FOB','PARCELADO','2015-07-20','2015-08-24',2411,'2019-10-26','NOVA',278.56,178,178,85,'RECEBIMENTO','VERDE',14,1,110,'S',5,'',65),(470,'2016-07-25',71,61,'FOB','PARCELADO','2015-07-21','2015-08-25',2412,'2019-10-27','NOVA',279.56,179,179,86,'RECEBIMENTO','VERDE',14,1,103,'S',5,'',66),(471,'2016-07-25',78,68,'FOB','PARCELADO','2015-07-28','2015-09-01',2419,'2019-11-03','NOVA',286.56,186,186,93,'RECEBIMENTO','VERDE',14,1,86,'S',5,'',73),(472,'2016-07-25',79,69,'FOB','PARCELADO','2015-07-29','2015-09-02',2420,'2019-11-04','NOVA',287.56,187,187,94,'RECEBIMENTO','VERDE',14,1,87,'S',5,'',74),(473,'2016-07-25',80,70,'FOB','PARCELADO','2015-07-30','2015-09-03',2421,'2019-11-05','NOVA',288.56,188,188,95,'RECEBIMENTO','VERDE',14,1,89,'S',5,'',75),(474,'2016-07-25',81,71,'FOB','PARCELADO','2015-07-31','2015-09-04',2422,'2019-11-06','NOVA',289.56,189,189,96,'RECEBIMENTO','VERDE',14,1,91,'S',5,'',76),(475,'2016-07-25',82,72,'FOB','PARCELADO','2015-08-01','2015-09-05',2423,'2019-11-07','NOVA',290.56,190,190,97,'RECEBIMENTO','VERDE',14,1,93,'S',5,'',77),(476,'2016-07-25',83,73,'FOB','PARCELADO','2015-08-02','2015-09-06',2424,'2019-11-08','NOVA',291.56,191,191,98,'RECEBIMENTO','VERDE',14,1,94,'S',5,'',78),(477,'2016-07-25',84,74,'FOB','PARCELADO','2015-08-03','2015-09-07',2425,'2019-11-09','NOVA',292.56,192,192,99,'RECEBIMENTO','VERDE',14,1,95,'S',5,'',79),(478,'2016-07-25',85,75,'FOB','PARCELADO','2015-08-04','2015-09-08',2426,'2019-11-10','NOVA',293.56,193,193,100,'RECEBIMENTO','VERDE',14,1,96,'S',5,'',80),(479,'2016-07-25',86,76,'FOB','PARCELADO','2015-08-05','2015-09-09',2427,'2019-11-11','NOVA',294.56,194,194,101,'RECEBIMENTO','VERDE',14,1,97,'S',5,'',81),(480,'2016-07-25',87,77,'FOB','PARCELADO','2015-08-06','2015-09-10',2428,'2019-11-12','NOVA',295.56,195,195,102,'RECEBIMENTO','VERDE',14,1,98,'S',5,'',82),(481,'2016-07-25',88,78,'FOB','PARCELADO','2015-08-07','2015-09-11',2429,'2019-11-13','NOVA',296.56,196,196,103,'RECEBIMENTO','VERDE',14,1,99,'S',5,'',83),(482,'2016-07-25',89,79,'FOB','PARCELADO','2015-08-08','2015-09-12',2430,'2019-11-14','NOVA',297.56,197,197,104,'RECEBIMENTO','VERDE',14,1,100,'S',5,'',84),(483,'2016-07-25',90,80,'FOB','PARCELADO','2015-08-09','2015-09-13',2431,'2019-11-15','NOVA',298.56,198,198,105,'RECEBIMENTO','VERDE',14,1,101,'S',5,'',85),(484,'2016-07-25',91,81,'FOB','PARCELADO','2015-08-10','2015-09-14',2432,'2019-11-16','NOVA',299.56,199,199,106,'RECEBIMENTO','VERDE',14,1,102,'S',5,'',86),(485,'2016-07-25',92,82,'FOB','PARCELADO','2015-08-11','2015-09-15',2433,'2019-11-17','NOVA',300.56,200,200,107,'RECEBIMENTO','VERDE',14,1,104,'S',5,'',87),(486,'2016-07-25',93,83,'FOB','PARCELADO','2015-08-12','2015-09-16',2434,'2019-11-18','NOVA',301.56,201,201,108,'RECEBIMENTO','VERDE',14,1,105,'S',5,'',88),(487,'2016-07-25',94,84,'FOB','PARCELADO','2015-08-13','2015-09-17',2435,'2019-11-19','NOVA',302.56,202,202,109,'RECEBIMENTO','VERDE',14,1,106,'S',5,'',89),(488,'2016-07-25',95,85,'FOB','PARCELADO','2015-08-14','2015-09-18',2436,'2019-11-20','NOVA',303.56,203,203,110,'RECEBIMENTO','VERDE',14,1,107,'S',5,'',90),(489,'2016-07-25',96,86,'FOB','PARCELADO','2015-08-15','2015-09-19',2437,'2019-11-21','NOVA',304.56,204,204,111,'RECEBIMENTO','VERDE',14,1,108,'S',5,'',91),(490,'2016-07-25',97,87,'FOB','PARCELADO','2015-08-16','2015-09-20',2438,'2019-11-22','NOVA',305.56,205,205,112,'RECEBIMENTO','VERDE',14,1,125,'S',5,'',92),(491,'2016-07-25',98,88,'FOB','PARCELADO','2015-08-17','2015-09-21',2439,'2019-11-23','NOVA',306.56,206,206,113,'RECEBIMENTO','VERDE',14,1,1,'S',5,'',93),(492,'2016-07-25',99,89,'FOB','PARCELADO','2015-08-18','2015-09-22',2440,'2019-11-24','NOVA',307.56,207,207,114,'RECEBIMENTO','VERDE',14,1,2,'S',5,'',94),(493,'2016-07-25',100,90,'FOB','PARCELADO','2015-08-19','2015-09-23',2441,'2019-11-25','NOVA',308.56,208,208,115,'RECEBIMENTO','VERDE',14,1,3,'S',5,'',95),(494,'2016-07-25',101,91,'FOB','PARCELADO','2015-08-20','2015-09-24',2442,'2019-11-26','NOVA',309.56,209,209,116,'RECEBIMENTO','VERDE',14,1,4,'S',5,'',96),(495,'2016-07-25',102,92,'FOB','PARCELADO','2015-08-21','2015-09-25',2443,'2019-11-27','NOVA',310.56,210,210,117,'RECEBIMENTO','VERDE',14,1,5,'S',5,'',97),(496,'2016-07-25',103,93,'FOB','PARCELADO','2015-08-22','2015-09-26',2444,'2019-11-28','NOVA',311.56,211,211,118,'RECEBIMENTO','VERDE',14,1,6,'S',5,'',98),(497,'2016-07-25',104,94,'FOB','PARCELADO','2015-08-23','2015-09-27',2445,'2019-11-29','NOVA',312.56,212,212,119,'RECEBIMENTO','VERDE',14,1,7,'S',5,'',99),(498,'2016-07-25',105,95,'FOB','PARCELADO','2015-08-24','2015-09-28',2446,'2019-11-30','NOVA',313.56,213,213,120,'RECEBIMENTO','VERDE',14,1,8,'S',5,'',100),(499,'2016-07-25',106,96,'FOB','PARCELADO','2015-08-25','2015-09-29',2447,'2019-12-01','NOVA',314.56,214,214,121,'RECEBIMENTO','VERDE',14,1,9,'S',5,'',101),(500,'2016-07-25',107,97,'FOB','PARCELADO','2015-08-26','2015-09-30',2448,'2019-12-02','NOVA',315.56,215,215,122,'RECEBIMENTO','VERDE',14,1,10,'S',5,'',102),(501,'2016-07-25',108,98,'FOB','PARCELADO','2015-08-27','2015-10-01',2449,'2019-12-03','NOVA',316.56,216,216,123,'RECEBIMENTO','VERDE',14,1,11,'S',5,'',103),(502,'2016-07-25',109,99,'FOB','PARCELADO','2015-08-28','2015-10-02',2450,'2019-12-04','NOVA',317.56,217,217,124,'RECEBIMENTO','VERDE',14,1,12,'S',5,'',104),(503,'2016-07-25',110,100,'FOB','PARCELADO','2015-08-29','2015-10-03',2451,'2019-12-05','NOVA',318.56,218,218,125,'RECEBIMENTO','VERDE',14,1,13,'S',5,'',105),(504,'2016-07-25',115,105,'FOB','PARCELADO','2015-09-03','2015-10-08',2456,'2019-12-10','NOVA',323.56,223,223,130,'RECEBIMENTO','VERDE',14,1,18,'S',5,'',110),(505,'2016-07-25',116,106,'FOB','PARCELADO','2015-09-04','2015-10-09',2457,'2019-12-11','NOVA',324.56,224,224,131,'RECEBIMENTO','VERDE',14,1,19,'S',5,'',111),(506,'2016-07-25',117,107,'FOB','PARCELADO','2015-09-05','2015-10-10',2458,'2019-12-12','NOVA',325.56,225,225,132,'RECEBIMENTO','VERDE',14,1,20,'S',5,'',112),(507,'2016-07-25',118,108,'FOB','PARCELADO','2015-09-06','2015-10-11',2459,'2019-12-13','NOVA',326.56,226,226,133,'RECEBIMENTO','VERDE',14,1,76,'S',5,'',113),(508,'2016-07-25',119,109,'FOB','PARCELADO','2015-09-07','2015-10-12',2460,'2019-12-14','NOVA',327.56,227,227,134,'RECEBIMENTO','VERDE',14,1,77,'S',5,'',114),(509,'2016-07-25',120,110,'FOB','PARCELADO','2015-09-08','2015-10-13',2461,'2019-12-15','NOVA',328.56,228,228,135,'RECEBIMENTO','VERDE',14,1,80,'S',5,'',115),(510,'2016-07-25',121,111,'FOB','PARCELADO','2015-09-09','2015-10-14',2462,'2019-12-16','NOVA',329.56,229,229,136,'RECEBIMENTO','VERDE',14,1,88,'S',5,'',116),(511,'2016-07-25',122,112,'FOB','PARCELADO','2015-09-10','2015-10-15',2463,'2019-12-17','NOVA',330.56,230,230,137,'RECEBIMENTO','VERDE',14,1,90,'S',5,'',117),(512,'2016-07-25',123,113,'FOB','PARCELADO','2015-09-11','2015-10-16',2464,'2019-12-18','NOVA',331.56,231,231,138,'RECEBIMENTO','VERDE',14,1,92,'S',5,'',118),(513,'2016-07-25',124,114,'FOB','PARCELADO','2015-09-12','2015-10-17',2465,'2019-12-19','NOVA',332.56,232,232,139,'RECEBIMENTO','VERDE',14,1,109,'S',5,'',119),(514,'2016-07-25',125,115,'FOB','PARCELADO','2015-09-13','2015-10-18',2466,'2019-12-20','NOVA',333.56,233,233,140,'RECEBIMENTO','VERDE',14,1,111,'S',5,'',120),(515,'2016-07-25',126,116,'FOB','PARCELADO','2015-09-14','2015-10-19',2467,'2019-12-21','NOVA',334.56,234,234,141,'RECEBIMENTO','VERDE',14,1,112,'S',5,'',121),(516,'2016-07-25',127,117,'FOB','PARCELADO','2015-09-15','2015-10-20',2468,'2019-12-22','NOVA',335.56,235,235,142,'RECEBIMENTO','VERDE',14,1,113,'S',5,'',122),(517,'2016-07-25',128,118,'FOB','PARCELADO','2015-09-16','2015-10-21',2469,'2019-12-23','NOVA',336.56,236,236,143,'RECEBIMENTO','VERDE',14,1,114,'S',5,'',123),(518,'2016-07-25',129,119,'FOB','PARCELADO','2015-09-17','2015-10-22',2470,'2019-12-24','NOVA',337.56,237,237,144,'RECEBIMENTO','VERDE',14,1,115,'S',5,'',124),(519,'2016-07-25',130,120,'FOB','PARCELADO','2015-09-18','2015-10-23',2471,'2019-12-25','NOVA',338.56,238,238,145,'RECEBIMENTO','VERDE',14,1,116,'S',5,'',125),(520,'2016-07-25',131,121,'FOB','PARCELADO','2015-09-19','2015-10-24',2472,'2019-12-26','NOVA',339.56,239,239,146,'RECEBIMENTO','VERDE',14,1,117,'S',5,'',126),(521,'2016-07-25',132,122,'FOB','PARCELADO','2015-09-20','2015-10-25',2473,'2019-12-27','NOVA',340.56,240,240,147,'RECEBIMENTO','VERDE',14,1,118,'S',5,'',127),(522,'2016-07-25',133,123,'FOB','PARCELADO','2015-09-21','2015-10-26',2474,'2019-12-28','NOVA',341.56,241,241,148,'RECEBIMENTO','VERDE',14,1,119,'S',5,'',128),(523,'2016-07-25',134,124,'FOB','PARCELADO','2015-09-22','2015-10-27',2475,'2019-12-29','NOVA',342.56,242,242,149,'RECEBIMENTO','VERDE',14,1,120,'S',5,'',129),(524,'2016-07-25',135,125,'FOB','PARCELADO','2015-09-23','2015-10-28',2476,'2019-12-30','NOVA',343.56,243,243,150,'RECEBIMENTO','VERDE',14,1,121,'S',5,'',130),(525,'2016-07-25',136,126,'FOB','PARCELADO','2015-09-24','2015-10-29',2477,'2019-12-31','NOVA',344.56,244,244,151,'RECEBIMENTO','VERDE',14,1,122,'S',5,'',131),(526,'2016-07-25',137,127,'FOB','PARCELADO','2015-09-25','2015-10-30',2478,'2020-01-01','NOVA',345.56,245,245,152,'RECEBIMENTO','VERDE',14,1,123,'S',5,'',132),(527,'2016-07-25',138,128,'FOB','PARCELADO','2015-09-26','2015-10-31',2479,'2020-01-02','NOVA',346.56,246,246,153,'RECEBIMENTO','VERDE',14,1,124,'S',5,'',133),(528,'2016-07-25',29,19,'FOB','PARCELADO','2015-06-09','2015-07-14',2370,'2019-09-15','NOVA',237.56,137,137,44,'RECEBIMENTO','VERDE',15,1,60,'S',5,'',24),(529,'2016-07-25',30,20,'FOB','PARCELADO','2015-06-10','2015-07-15',2371,'2019-09-16','NOVA',238.56,138,138,45,'RECEBIMENTO','VERDE',15,1,61,'S',5,'',25),(530,'2016-07-25',31,21,'FOB','PARCELADO','2015-06-11','2015-07-16',2372,'2019-09-17','NOVA',239.56,139,139,46,'RECEBIMENTO','VERDE',15,1,62,'S',5,'',26),(531,'2016-07-25',32,22,'FOB','PARCELADO','2015-06-12','2015-07-17',2373,'2019-09-18','NOVA',240.56,140,140,47,'RECEBIMENTO','VERDE',15,1,63,'S',5,'',27),(532,'2016-07-25',33,23,'FOB','PARCELADO','2015-06-13','2015-07-18',2374,'2019-09-19','NOVA',241.56,141,141,48,'RECEBIMENTO','VERDE',15,1,64,'S',5,'',28),(533,'2016-07-25',34,24,'FOB','PARCELADO','2015-06-14','2015-07-19',2375,'2019-09-20','NOVA',242.56,142,142,49,'RECEBIMENTO','VERDE',15,1,65,'S',5,'',29),(534,'2016-07-25',35,25,'FOB','PARCELADO','2015-06-15','2015-07-20',2376,'2019-09-21','NOVA',243.56,143,143,50,'RECEBIMENTO','VERDE',15,1,66,'S',5,'',30),(535,'2016-07-25',36,26,'FOB','PARCELADO','2015-06-16','2015-07-21',2377,'2019-09-22','NOVA',244.56,144,144,51,'RECEBIMENTO','VERDE',15,1,67,'S',5,'',31),(536,'2016-07-25',37,27,'FOB','PARCELADO','2015-06-17','2015-07-22',2378,'2019-09-23','NOVA',245.56,145,145,52,'RECEBIMENTO','VERDE',15,1,68,'S',5,'',32),(537,'2016-07-25',38,28,'FOB','PARCELADO','2015-06-18','2015-07-23',2379,'2019-09-24','NOVA',246.56,146,146,53,'RECEBIMENTO','VERDE',15,1,69,'S',5,'',33),(538,'2016-07-25',39,29,'FOB','PARCELADO','2015-06-19','2015-07-24',2380,'2019-09-25','NOVA',247.56,147,147,54,'RECEBIMENTO','VERDE',15,1,70,'S',5,'',34),(539,'2016-07-25',40,30,'FOB','PARCELADO','2015-06-20','2015-07-25',2381,'2019-09-26','NOVA',248.56,148,148,55,'RECEBIMENTO','VERDE',15,1,71,'S',5,'',35),(540,'2016-07-25',41,31,'FOB','PARCELADO','2015-06-21','2015-07-26',2382,'2019-09-27','NOVA',249.56,149,149,56,'RECEBIMENTO','VERDE',15,1,72,'S',5,'',36),(541,'2016-07-25',42,32,'FOB','PARCELADO','2015-06-22','2015-07-27',2383,'2019-09-28','NOVA',250.56,150,150,57,'RECEBIMENTO','VERDE',15,1,73,'S',5,'',37),(542,'2016-07-25',43,33,'FOB','PARCELADO','2015-06-23','2015-07-28',2384,'2019-09-29','NOVA',251.56,151,151,58,'RECEBIMENTO','VERDE',15,1,74,'S',5,'',38),(543,'2016-07-25',44,34,'FOB','PARCELADO','2015-06-24','2015-07-29',2385,'2019-09-30','NOVA',252.56,152,152,59,'RECEBIMENTO','VERDE',15,1,75,'S',5,'',39),(544,'2016-07-25',45,35,'FOB','PARCELADO','2015-06-25','2015-07-30',2386,'2019-10-01','NOVA',253.56,153,153,60,'RECEBIMENTO','VERDE',15,1,21,'S',5,'',40),(545,'2016-07-25',46,36,'FOB','PARCELADO','2015-06-26','2015-07-31',2387,'2019-10-02','NOVA',254.56,154,154,61,'RECEBIMENTO','VERDE',15,1,22,'S',5,'',41),(546,'2016-07-25',47,37,'FOB','PARCELADO','2015-06-27','2015-08-01',2388,'2019-10-03','NOVA',255.56,155,155,62,'RECEBIMENTO','VERDE',15,1,23,'S',5,'',42),(547,'2016-07-25',48,38,'FOB','PARCELADO','2015-06-28','2015-08-02',2389,'2019-10-04','NOVA',256.56,156,156,63,'RECEBIMENTO','VERDE',15,1,24,'S',5,'',43),(548,'2016-07-25',49,39,'FOB','PARCELADO','2015-06-29','2015-08-03',2390,'2019-10-05','NOVA',257.56,157,157,64,'RECEBIMENTO','VERDE',15,1,25,'S',5,'',44),(549,'2016-07-25',50,40,'FOB','PARCELADO','2015-06-30','2015-08-04',2391,'2019-10-06','NOVA',258.56,158,158,65,'RECEBIMENTO','VERDE',15,1,26,'S',5,'',45),(550,'2016-07-25',51,41,'FOB','PARCELADO','2015-07-01','2015-08-05',2392,'2019-10-07','NOVA',259.56,159,159,66,'RECEBIMENTO','VERDE',15,1,27,'S',5,'',46),(551,'2016-07-25',52,42,'FOB','PARCELADO','2015-07-02','2015-08-06',2393,'2019-10-08','NOVA',260.56,160,160,67,'RECEBIMENTO','VERDE',15,1,28,'S',5,'',47),(552,'2016-07-25',53,43,'FOB','PARCELADO','2015-07-03','2015-08-07',2394,'2019-10-09','NOVA',261.56,161,161,68,'RECEBIMENTO','VERDE',15,1,29,'S',5,'',48),(553,'2016-07-25',54,44,'FOB','PARCELADO','2015-07-04','2015-08-08',2395,'2019-10-10','NOVA',262.56,162,162,69,'RECEBIMENTO','VERDE',15,1,30,'S',5,'',49),(554,'2016-07-25',55,45,'FOB','PARCELADO','2015-07-05','2015-08-09',2396,'2019-10-11','NOVA',263.56,163,163,70,'RECEBIMENTO','VERDE',15,1,31,'S',5,'',50),(555,'2016-07-25',56,46,'FOB','PARCELADO','2015-07-06','2015-08-10',2397,'2019-10-12','NOVA',264.56,164,164,71,'RECEBIMENTO','VERDE',15,1,32,'S',5,'',51),(556,'2016-07-25',57,47,'FOB','PARCELADO','2015-07-07','2015-08-11',2398,'2019-10-13','NOVA',265.56,165,165,72,'RECEBIMENTO','VERDE',15,1,33,'S',5,'',52),(557,'2016-07-25',58,48,'FOB','PARCELADO','2015-07-08','2015-08-12',2399,'2019-10-14','NOVA',266.56,166,166,73,'RECEBIMENTO','VERDE',15,1,34,'S',5,'',53),(558,'2016-07-25',59,49,'FOB','PARCELADO','2015-07-09','2015-08-13',2400,'2019-10-15','NOVA',267.56,167,167,74,'RECEBIMENTO','VERDE',15,1,35,'S',5,'',54),(559,'2016-07-25',60,50,'FOB','PARCELADO','2015-07-10','2015-08-14',2401,'2019-10-16','NOVA',268.56,168,168,75,'RECEBIMENTO','VERDE',15,1,36,'S',5,'',55),(560,'2016-07-25',61,51,'FOB','PARCELADO','2015-07-11','2015-08-15',2402,'2019-10-17','NOVA',269.56,169,169,76,'RECEBIMENTO','VERDE',15,1,37,'S',5,'',56),(561,'2016-07-25',62,52,'FOB','PARCELADO','2015-07-12','2015-08-16',2403,'2019-10-18','NOVA',270.56,170,170,77,'RECEBIMENTO','VERDE',15,1,38,'S',5,'',57),(562,'2016-07-25',63,53,'FOB','PARCELADO','2015-07-13','2015-08-17',2404,'2019-10-19','NOVA',271.56,171,171,78,'RECEBIMENTO','VERDE',15,1,39,'S',5,'',58),(563,'2016-07-25',64,54,'FOB','PARCELADO','2015-07-14','2015-08-18',2405,'2019-10-20','NOVA',272.56,172,172,79,'RECEBIMENTO','VERDE',15,1,40,'S',5,'',59),(564,'2016-07-25',65,55,'FOB','PARCELADO','2015-07-15','2015-08-19',2406,'2019-10-21','NOVA',273.56,173,173,80,'RECEBIMENTO','VERDE',15,1,41,'S',5,'',60),(565,'2016-07-25',66,56,'FOB','PARCELADO','2015-07-16','2015-08-20',2407,'2019-10-22','NOVA',274.56,174,174,81,'RECEBIMENTO','VERDE',15,1,42,'S',5,'',61),(566,'2016-07-25',67,57,'FOB','PARCELADO','2015-07-17','2015-08-21',2408,'2019-10-23','NOVA',275.56,175,175,82,'RECEBIMENTO','VERDE',15,1,43,'S',5,'',62),(567,'2016-07-25',68,58,'FOB','PARCELADO','2015-07-18','2015-08-22',2409,'2019-10-24','NOVA',276.56,176,176,83,'RECEBIMENTO','VERDE',15,1,57,'S',5,'',63),(568,'2016-07-25',69,59,'FOB','PARCELADO','2015-07-19','2015-08-23',2410,'2019-10-25','NOVA',277.56,177,177,84,'RECEBIMENTO','VERDE',15,1,78,'S',5,'',64),(569,'2016-07-25',70,60,'FOB','PARCELADO','2015-07-20','2015-08-24',2411,'2019-10-26','NOVA',278.56,178,178,85,'RECEBIMENTO','VERDE',15,1,110,'S',5,'',65),(570,'2016-07-25',71,61,'FOB','PARCELADO','2015-07-21','2015-08-25',2412,'2019-10-27','NOVA',279.56,179,179,86,'RECEBIMENTO','VERDE',15,1,103,'S',5,'',66),(571,'2016-07-25',78,68,'FOB','PARCELADO','2015-07-28','2015-09-01',2419,'2019-11-03','NOVA',286.56,186,186,93,'RECEBIMENTO','VERDE',15,1,86,'S',5,'',73),(572,'2016-07-25',79,69,'FOB','PARCELADO','2015-07-29','2015-09-02',2420,'2019-11-04','NOVA',287.56,187,187,94,'RECEBIMENTO','VERDE',15,1,87,'S',5,'',74),(573,'2016-07-25',80,70,'FOB','PARCELADO','2015-07-30','2015-09-03',2421,'2019-11-05','NOVA',288.56,188,188,95,'RECEBIMENTO','VERDE',15,1,89,'S',5,'',75),(574,'2016-07-25',81,71,'FOB','PARCELADO','2015-07-31','2015-09-04',2422,'2019-11-06','NOVA',289.56,189,189,96,'RECEBIMENTO','VERDE',15,1,91,'S',5,'',76),(575,'2016-07-25',82,72,'FOB','PARCELADO','2015-08-01','2015-09-05',2423,'2019-11-07','NOVA',290.56,190,190,97,'RECEBIMENTO','VERDE',15,1,93,'S',5,'',77),(576,'2016-07-25',83,73,'FOB','PARCELADO','2015-08-02','2015-09-06',2424,'2019-11-08','NOVA',291.56,191,191,98,'RECEBIMENTO','VERDE',15,1,94,'S',5,'',78),(577,'2016-07-25',84,74,'FOB','PARCELADO','2015-08-03','2015-09-07',2425,'2019-11-09','NOVA',292.56,192,192,99,'RECEBIMENTO','VERDE',15,1,95,'S',5,'',79),(578,'2016-07-25',85,75,'FOB','PARCELADO','2015-08-04','2015-09-08',2426,'2019-11-10','NOVA',293.56,193,193,100,'RECEBIMENTO','VERDE',15,1,96,'S',5,'',80),(579,'2016-07-25',86,76,'FOB','PARCELADO','2015-08-05','2015-09-09',2427,'2019-11-11','NOVA',294.56,194,194,101,'RECEBIMENTO','VERDE',15,1,97,'S',5,'',81),(580,'2016-07-25',87,77,'FOB','PARCELADO','2015-08-06','2015-09-10',2428,'2019-11-12','NOVA',295.56,195,195,102,'RECEBIMENTO','VERDE',15,1,98,'S',5,'',82),(581,'2016-07-25',88,78,'FOB','PARCELADO','2015-08-07','2015-09-11',2429,'2019-11-13','NOVA',296.56,196,196,103,'RECEBIMENTO','VERDE',15,1,99,'S',5,'',83),(582,'2016-07-25',89,79,'FOB','PARCELADO','2015-08-08','2015-09-12',2430,'2019-11-14','NOVA',297.56,197,197,104,'RECEBIMENTO','VERDE',15,1,100,'S',5,'',84),(583,'2016-07-25',90,80,'FOB','PARCELADO','2015-08-09','2015-09-13',2431,'2019-11-15','NOVA',298.56,198,198,105,'RECEBIMENTO','VERDE',15,1,101,'S',5,'',85),(584,'2016-07-25',91,81,'FOB','PARCELADO','2015-08-10','2015-09-14',2432,'2019-11-16','NOVA',299.56,199,199,106,'RECEBIMENTO','VERDE',15,1,102,'S',5,'',86),(585,'2016-07-25',92,82,'FOB','PARCELADO','2015-08-11','2015-09-15',2433,'2019-11-17','NOVA',300.56,200,200,107,'RECEBIMENTO','VERDE',15,1,104,'S',5,'',87),(586,'2016-07-25',93,83,'FOB','PARCELADO','2015-08-12','2015-09-16',2434,'2019-11-18','NOVA',301.56,201,201,108,'RECEBIMENTO','VERDE',15,1,105,'S',5,'',88),(587,'2016-07-25',94,84,'FOB','PARCELADO','2015-08-13','2015-09-17',2435,'2019-11-19','NOVA',302.56,202,202,109,'RECEBIMENTO','VERDE',15,1,106,'S',5,'',89),(588,'2016-07-25',95,85,'FOB','PARCELADO','2015-08-14','2015-09-18',2436,'2019-11-20','NOVA',303.56,203,203,110,'RECEBIMENTO','VERDE',15,1,107,'S',5,'',90),(589,'2016-07-25',96,86,'FOB','PARCELADO','2015-08-15','2015-09-19',2437,'2019-11-21','NOVA',304.56,204,204,111,'RECEBIMENTO','VERDE',15,1,108,'S',5,'',91),(590,'2016-07-25',97,87,'FOB','PARCELADO','2015-08-16','2015-09-20',2438,'2019-11-22','NOVA',305.56,205,205,112,'RECEBIMENTO','VERDE',15,1,125,'S',5,'',92),(591,'2016-07-25',98,88,'FOB','PARCELADO','2015-08-17','2015-09-21',2439,'2019-11-23','NOVA',306.56,206,206,113,'RECEBIMENTO','VERDE',15,1,1,'S',5,'',93),(592,'2016-07-25',99,89,'FOB','PARCELADO','2015-08-18','2015-09-22',2440,'2019-11-24','NOVA',307.56,207,207,114,'RECEBIMENTO','VERDE',15,1,2,'S',5,'',94),(593,'2016-07-25',100,90,'FOB','PARCELADO','2015-08-19','2015-09-23',2441,'2019-11-25','NOVA',308.56,208,208,115,'RECEBIMENTO','VERDE',15,1,3,'S',5,'',95),(594,'2016-07-25',101,91,'FOB','PARCELADO','2015-08-20','2015-09-24',2442,'2019-11-26','NOVA',309.56,209,209,116,'RECEBIMENTO','VERDE',15,1,4,'S',5,'',96),(595,'2016-07-25',102,92,'FOB','PARCELADO','2015-08-21','2015-09-25',2443,'2019-11-27','NOVA',310.56,210,210,117,'RECEBIMENTO','VERDE',15,1,5,'S',5,'',97),(596,'2016-07-25',103,93,'FOB','PARCELADO','2015-08-22','2015-09-26',2444,'2019-11-28','NOVA',311.56,211,211,118,'RECEBIMENTO','VERDE',15,1,6,'S',5,'',98),(597,'2016-07-25',104,94,'FOB','PARCELADO','2015-08-23','2015-09-27',2445,'2019-11-29','NOVA',312.56,212,212,119,'RECEBIMENTO','VERDE',15,1,7,'S',5,'',99),(598,'2016-07-25',105,95,'FOB','PARCELADO','2015-08-24','2015-09-28',2446,'2019-11-30','NOVA',313.56,213,213,120,'RECEBIMENTO','VERDE',15,1,8,'S',5,'',100),(599,'2016-07-25',106,96,'FOB','PARCELADO','2015-08-25','2015-09-29',2447,'2019-12-01','NOVA',314.56,214,214,121,'RECEBIMENTO','VERDE',15,1,9,'S',5,'',101),(600,'2016-07-25',107,97,'FOB','PARCELADO','2015-08-26','2015-09-30',2448,'2019-12-02','NOVA',315.56,215,215,122,'RECEBIMENTO','VERDE',15,1,10,'S',5,'',102),(601,'2016-07-25',108,98,'FOB','PARCELADO','2015-08-27','2015-10-01',2449,'2019-12-03','NOVA',316.56,216,216,123,'RECEBIMENTO','VERDE',15,1,11,'S',5,'',103),(602,'2016-07-25',109,99,'FOB','PARCELADO','2015-08-28','2015-10-02',2450,'2019-12-04','NOVA',317.56,217,217,124,'RECEBIMENTO','VERDE',15,1,12,'S',5,'',104),(603,'2016-07-25',110,100,'FOB','PARCELADO','2015-08-29','2015-10-03',2451,'2019-12-05','NOVA',318.56,218,218,125,'RECEBIMENTO','VERDE',15,1,13,'S',5,'',105),(604,'2016-07-25',115,105,'FOB','PARCELADO','2015-09-03','2015-10-08',2456,'2019-12-10','NOVA',323.56,223,223,130,'RECEBIMENTO','VERDE',15,1,18,'S',5,'',110),(605,'2016-07-25',116,106,'FOB','PARCELADO','2015-09-04','2015-10-09',2457,'2019-12-11','NOVA',324.56,224,224,131,'RECEBIMENTO','VERDE',15,1,19,'S',5,'',111),(606,'2016-07-25',117,107,'FOB','PARCELADO','2015-09-05','2015-10-10',2458,'2019-12-12','NOVA',325.56,225,225,132,'RECEBIMENTO','VERDE',15,1,20,'S',5,'',112),(607,'2016-07-25',118,108,'FOB','PARCELADO','2015-09-06','2015-10-11',2459,'2019-12-13','NOVA',326.56,226,226,133,'RECEBIMENTO','VERDE',15,1,76,'S',5,'',113),(608,'2016-07-25',119,109,'FOB','PARCELADO','2015-09-07','2015-10-12',2460,'2019-12-14','NOVA',327.56,227,227,134,'RECEBIMENTO','VERDE',15,1,77,'S',5,'',114),(609,'2016-07-25',120,110,'FOB','PARCELADO','2015-09-08','2015-10-13',2461,'2019-12-15','NOVA',328.56,228,228,135,'RECEBIMENTO','VERDE',15,1,80,'S',5,'',115),(610,'2016-07-25',121,111,'FOB','PARCELADO','2015-09-09','2015-10-14',2462,'2019-12-16','NOVA',329.56,229,229,136,'RECEBIMENTO','VERDE',15,1,88,'S',5,'',116),(611,'2016-07-25',122,112,'FOB','PARCELADO','2015-09-10','2015-10-15',2463,'2019-12-17','NOVA',330.56,230,230,137,'RECEBIMENTO','VERDE',15,1,90,'S',5,'',117),(612,'2016-07-25',123,113,'FOB','PARCELADO','2015-09-11','2015-10-16',2464,'2019-12-18','NOVA',331.56,231,231,138,'RECEBIMENTO','VERDE',15,1,92,'S',5,'',118),(613,'2016-07-25',124,114,'FOB','PARCELADO','2015-09-12','2015-10-17',2465,'2019-12-19','NOVA',332.56,232,232,139,'RECEBIMENTO','VERDE',15,1,109,'S',5,'',119),(614,'2016-07-25',125,115,'FOB','PARCELADO','2015-09-13','2015-10-18',2466,'2019-12-20','NOVA',333.56,233,233,140,'RECEBIMENTO','VERDE',15,1,111,'S',5,'',120),(615,'2016-07-25',126,116,'FOB','PARCELADO','2015-09-14','2015-10-19',2467,'2019-12-21','NOVA',334.56,234,234,141,'RECEBIMENTO','VERDE',15,1,112,'S',5,'',121),(616,'2016-07-25',127,117,'FOB','PARCELADO','2015-09-15','2015-10-20',2468,'2019-12-22','NOVA',335.56,235,235,142,'RECEBIMENTO','VERDE',15,1,113,'S',5,'',122),(617,'2016-07-25',128,118,'FOB','PARCELADO','2015-09-16','2015-10-21',2469,'2019-12-23','NOVA',336.56,236,236,143,'RECEBIMENTO','VERDE',15,1,114,'S',5,'',123),(618,'2016-07-25',129,119,'FOB','PARCELADO','2015-09-17','2015-10-22',2470,'2019-12-24','NOVA',337.56,237,237,144,'RECEBIMENTO','VERDE',15,1,115,'S',5,'',124),(619,'2016-07-25',130,120,'FOB','PARCELADO','2015-09-18','2015-10-23',2471,'2019-12-25','NOVA',338.56,238,238,145,'RECEBIMENTO','VERDE',15,1,116,'S',5,'',125),(620,'2016-07-25',131,121,'FOB','PARCELADO','2015-09-19','2015-10-24',2472,'2019-12-26','NOVA',339.56,239,239,146,'RECEBIMENTO','VERDE',15,1,117,'S',5,'',126),(621,'2016-07-25',132,122,'FOB','PARCELADO','2015-09-20','2015-10-25',2473,'2019-12-27','NOVA',340.56,240,240,147,'RECEBIMENTO','VERDE',15,1,118,'S',5,'',127),(622,'2016-07-25',133,123,'FOB','PARCELADO','2015-09-21','2015-10-26',2474,'2019-12-28','NOVA',341.56,241,241,148,'RECEBIMENTO','VERDE',15,1,119,'S',5,'',128),(623,'2016-07-25',134,124,'FOB','PARCELADO','2015-09-22','2015-10-27',2475,'2019-12-29','NOVA',342.56,242,242,149,'RECEBIMENTO','VERDE',15,1,120,'S',5,'',129),(624,'2016-07-25',135,125,'FOB','PARCELADO','2015-09-23','2015-10-28',2476,'2019-12-30','NOVA',343.56,243,243,150,'RECEBIMENTO','VERDE',15,1,121,'S',5,'',130),(625,'2016-07-25',136,126,'FOB','PARCELADO','2015-09-24','2015-10-29',2477,'2019-12-31','NOVA',344.56,244,244,151,'RECEBIMENTO','VERDE',15,1,122,'S',5,'',131),(626,'2016-07-25',137,127,'FOB','PARCELADO','2015-09-25','2015-10-30',2478,'2020-01-01','NOVA',345.56,245,245,152,'RECEBIMENTO','VERDE',15,1,123,'S',5,'',132),(627,'2016-07-25',138,128,'FOB','PARCELADO','2015-09-26','2015-10-31',2479,'2020-01-02','NOVA',346.56,246,246,153,'RECEBIMENTO','VERDE',15,1,124,'S',5,'',133);
/*!40000 ALTER TABLE `tb_aesbe_proposta_dados` ENABLE KEYS */;
UNLOCK TABLES;

--
-- Table structure for table `tb_aesbe_regiao`
--

DROP TABLE IF EXISTS `tb_aesbe_regiao`;
/*!40101 SET @saved_cs_client     = @@character_set_client */;
/*!40101 SET character_set_client = utf8 */;
CREATE TABLE `tb_aesbe_regiao` (
  `co_regiao` int(11) NOT NULL AUTO_INCREMENT,
  `no_regiao` varchar(45) NOT NULL,
  `nu_ordem_apresentacao` int(11) NOT NULL,
  PRIMARY KEY (`co_regiao`)
) ENGINE=InnoDB AUTO_INCREMENT=6 DEFAULT CHARSET=utf8;
/*!40101 SET character_set_client = @saved_cs_client */;

--
-- Dumping data for table `tb_aesbe_regiao`
--

LOCK TABLES `tb_aesbe_regiao` WRITE;
/*!40000 ALTER TABLE `tb_aesbe_regiao` DISABLE KEYS */;
INSERT INTO `tb_aesbe_regiao` VALUES (1,'Norte',1),(2,'Nordeste',2),(3,'Centro-Oeste',3),(4,'Sudeste',4),(5,'Sul',5);
/*!40000 ALTER TABLE `tb_aesbe_regiao` ENABLE KEYS */;
UNLOCK TABLES;

--
-- Table structure for table `tb_aesbe_tipo_arquivo`
--

DROP TABLE IF EXISTS `tb_aesbe_tipo_arquivo`;
/*!40101 SET @saved_cs_client     = @@character_set_client */;
/*!40101 SET character_set_client = utf8 */;
CREATE TABLE `tb_aesbe_tipo_arquivo` (
  `co_tipo_arquivo` int(11) NOT NULL,
  `ds_tipo_arquivo` varchar(100) NOT NULL,
  PRIMARY KEY (`co_tipo_arquivo`)
) ENGINE=InnoDB DEFAULT CHARSET=utf8;
/*!40101 SET character_set_client = @saved_cs_client */;

--
-- Dumping data for table `tb_aesbe_tipo_arquivo`
--

LOCK TABLES `tb_aesbe_tipo_arquivo` WRITE;
/*!40000 ALTER TABLE `tb_aesbe_tipo_arquivo` DISABLE KEYS */;
INSERT INTO `tb_aesbe_tipo_arquivo` VALUES (1,'PROPOSTA'),(2,'ATA');
/*!40000 ALTER TABLE `tb_aesbe_tipo_arquivo` ENABLE KEYS */;
UNLOCK TABLES;

--
-- Table structure for table `tb_aesbe_uf`
--

DROP TABLE IF EXISTS `tb_aesbe_uf`;
/*!40101 SET @saved_cs_client     = @@character_set_client */;
/*!40101 SET character_set_client = utf8 */;
CREATE TABLE `tb_aesbe_uf` (
  `co_uf` int(11) NOT NULL,
  `no_uf` varchar(100) NOT NULL,
  `co_regiao` int(11) NOT NULL,
  `sg_uf` varchar(100) DEFAULT NULL,
  PRIMARY KEY (`co_uf`),
  KEY `fk_tb_aesbe_uf_tb_aesbe_regiao_idx` (`co_regiao`),
  CONSTRAINT `fk_tb_aesbe_uf_tb_aesbe_regiao` FOREIGN KEY (`co_regiao`) REFERENCES `tb_aesbe_regiao` (`co_regiao`) ON DELETE NO ACTION ON UPDATE NO ACTION
) ENGINE=InnoDB DEFAULT CHARSET=utf8;
/*!40101 SET character_set_client = @saved_cs_client */;

--
-- Dumping data for table `tb_aesbe_uf`
--

LOCK TABLES `tb_aesbe_uf` WRITE;
/*!40000 ALTER TABLE `tb_aesbe_uf` DISABLE KEYS */;
INSERT INTO `tb_aesbe_uf` VALUES (1,'Minas Gerais',4,NULL),(2,'São Paulo',4,NULL),(11,'Rondônia',1,'RO'),(12,'Acre',1,'AC'),(13,'Amazonas',1,'AM'),(14,'Roraima',1,'RR'),(15,'Pará',1,'PA'),(16,'Amapá',1,'AP'),(17,'Tocantins',1,'TO'),(21,'Maranhão',2,'MA'),(22,'Piauí',2,'PI'),(23,'Ceará',2,'CE'),(24,'Rio Grande do Norte',2,'RN'),(25,'Paraíba',2,'PB'),(26,'Pernambuco',2,'PE'),(27,'Alagoas',2,'AL'),(28,'Sergipe',2,'SE'),(29,'Bahia',2,'BA'),(31,'Minas Gerais',4,'MG'),(32,'Espírito Santo',4,'ES'),(33,'Rio de Janeiro',4,'RJ'),(35,'São Paulo',4,'SP'),(41,'Paraná',5,'PR'),(42,'Santa Catarina',5,'SC'),(43,'Rio Grande do Sul',5,'RS'),(50,'Mato Grosso do Sul',3,'MS'),(51,'Mato Grosso',3,'MT'),(52,'Goiás',3,'GO'),(53,'Distrito Federal',3,'DF');
/*!40000 ALTER TABLE `tb_aesbe_uf` ENABLE KEYS */;
UNLOCK TABLES;

--
-- Table structure for table `tb_aesbe_unidade_medida`
--

DROP TABLE IF EXISTS `tb_aesbe_unidade_medida`;
/*!40101 SET @saved_cs_client     = @@character_set_client */;
/*!40101 SET character_set_client = utf8 */;
CREATE TABLE `tb_aesbe_unidade_medida` (
  `co_unidade_medida` int(11) NOT NULL AUTO_INCREMENT,
  `no_unidade_medida` varchar(45) NOT NULL,
  PRIMARY KEY (`co_unidade_medida`)
) ENGINE=InnoDB AUTO_INCREMENT=5 DEFAULT CHARSET=utf8;
/*!40101 SET character_set_client = @saved_cs_client */;

--
-- Dumping data for table `tb_aesbe_unidade_medida`
--

LOCK TABLES `tb_aesbe_unidade_medida` WRITE;
/*!40000 ALTER TABLE `tb_aesbe_unidade_medida` DISABLE KEYS */;
INSERT INTO `tb_aesbe_unidade_medida` VALUES (1,'M'),(2,'M3'),(3,'KG'),(4,'UN');
/*!40000 ALTER TABLE `tb_aesbe_unidade_medida` ENABLE KEYS */;
UNLOCK TABLES;
/*!40103 SET TIME_ZONE=@OLD_TIME_ZONE */;

/*!40101 SET SQL_MODE=@OLD_SQL_MODE */;
/*!40014 SET FOREIGN_KEY_CHECKS=@OLD_FOREIGN_KEY_CHECKS */;
/*!40014 SET UNIQUE_CHECKS=@OLD_UNIQUE_CHECKS */;
/*!40101 SET CHARACTER_SET_CLIENT=@OLD_CHARACTER_SET_CLIENT */;
/*!40101 SET CHARACTER_SET_RESULTS=@OLD_CHARACTER_SET_RESULTS */;
/*!40101 SET COLLATION_CONNECTION=@OLD_COLLATION_CONNECTION */;
/*!40111 SET SQL_NOTES=@OLD_SQL_NOTES */;

-- Dump completed on 2016-08-12 23:23:48
